 
****************************************
Report : port
        -verbose
Design : local_ctrl_row
Version: S-2021.06-SP1
Date   : Tue Apr 28 13:15:15 2026
****************************************



Attributes:
    d - dont_touch_network
    i - ideal_network

                       Pin      Wire     Max     Max     Connection
Port           Dir     Load     Load     Trans   Cap     Class      Attrs
--------------------------------------------------------------------------------
clk            in      0.0000   0.0000   --      --      --         d, i
p_code[0]      in      0.0000   0.0000   --      --      --         
p_code[1]      in      0.0000   0.0000   --      --      --         
p_code[2]      in      0.0000   0.0000   --      --      --         
p_code[3]      in      0.0000   0.0000   --      --      --         
p_code[4]      in      0.0000   0.0000   --      --      --         
p_code[5]      in      0.0000   0.0000   --      --      --         
p_code[6]      in      0.0000   0.0000   --      --      --         
p_code[7]      in      0.0000   0.0000   --      --      --         
p_code[8]      in      0.0000   0.0000   --      --      --         
p_code[9]      in      0.0000   0.0000   --      --      --         
p_code[10]     in      0.0000   0.0000   --      --      --         
p_code[11]     in      0.0000   0.0000   --      --      --         
p_code[12]     in      0.0000   0.0000   --      --      --         
p_code[13]     in      0.0000   0.0000   --      --      --         
p_code[14]     in      0.0000   0.0000   --      --      --         
p_code[15]     in      0.0000   0.0000   --      --      --         
p_code[16]     in      0.0000   0.0000   --      --      --         
p_code[17]     in      0.0000   0.0000   --      --      --         
p_code[18]     in      0.0000   0.0000   --      --      --         
p_code[19]     in      0.0000   0.0000   --      --      --         
p_code[20]     in      0.0000   0.0000   --      --      --         
p_code[21]     in      0.0000   0.0000   --      --      --         
p_code[22]     in      0.0000   0.0000   --      --      --         
p_code[23]     in      0.0000   0.0000   --      --      --         
p_code[24]     in      0.0000   0.0000   --      --      --         
p_code[25]     in      0.0000   0.0000   --      --      --         
p_code[26]     in      0.0000   0.0000   --      --      --         
p_code[27]     in      0.0000   0.0000   --      --      --         
p_code[28]     in      0.0000   0.0000   --      --      --         
p_code[29]     in      0.0000   0.0000   --      --      --         
p_code[30]     in      0.0000   0.0000   --      --      --         
p_code[31]     in      0.0000   0.0000   --      --      --         
p_code[32]     in      0.0000   0.0000   --      --      --         
p_code[33]     in      0.0000   0.0000   --      --      --         
p_code[34]     in      0.0000   0.0000   --      --      --         
p_code[35]     in      0.0000   0.0000   --      --      --         
p_code[36]     in      0.0000   0.0000   --      --      --         
p_code[37]     in      0.0000   0.0000   --      --      --         
p_code[38]     in      0.0000   0.0000   --      --      --         
p_code[39]     in      0.0000   0.0000   --      --      --         
p_code[40]     in      0.0000   0.0000   --      --      --         
p_code[41]     in      0.0000   0.0000   --      --      --         
p_code[42]     in      0.0000   0.0000   --      --      --         
p_code[43]     in      0.0000   0.0000   --      --      --         
p_code[44]     in      0.0000   0.0000   --      --      --         
p_code[45]     in      0.0000   0.0000   --      --      --         
p_code[46]     in      0.0000   0.0000   --      --      --         
p_code[47]     in      0.0000   0.0000   --      --      --         
p_code[48]     in      0.0000   0.0000   --      --      --         
p_code[49]     in      0.0000   0.0000   --      --      --         
p_code[50]     in      0.0000   0.0000   --      --      --         
p_code[51]     in      0.0000   0.0000   --      --      --         
p_code[52]     in      0.0000   0.0000   --      --      --         
p_code[53]     in      0.0000   0.0000   --      --      --         
p_code[54]     in      0.0000   0.0000   --      --      --         
p_code[55]     in      0.0000   0.0000   --      --      --         
p_code[56]     in      0.0000   0.0000   --      --      --         
p_code[57]     in      0.0000   0.0000   --      --      --         
p_code[58]     in      0.0000   0.0000   --      --      --         
p_code[59]     in      0.0000   0.0000   --      --      --         
p_code[60]     in      0.0000   0.0000   --      --      --         
p_code[61]     in      0.0000   0.0000   --      --      --         
p_code[62]     in      0.0000   0.0000   --      --      --         
p_code[63]     in      0.0000   0.0000   --      --      --         
p_code[64]     in      0.0000   0.0000   --      --      --         
p_code[65]     in      0.0000   0.0000   --      --      --         
p_code[66]     in      0.0000   0.0000   --      --      --         
p_code[67]     in      0.0000   0.0000   --      --      --         
p_code[68]     in      0.0000   0.0000   --      --      --         
p_code[69]     in      0.0000   0.0000   --      --      --         
p_code[70]     in      0.0000   0.0000   --      --      --         
p_code[71]     in      0.0000   0.0000   --      --      --         
p_code[72]     in      0.0000   0.0000   --      --      --         
p_code[73]     in      0.0000   0.0000   --      --      --         
p_code[74]     in      0.0000   0.0000   --      --      --         
p_code[75]     in      0.0000   0.0000   --      --      --         
p_code[76]     in      0.0000   0.0000   --      --      --         
p_code[77]     in      0.0000   0.0000   --      --      --         
p_code[78]     in      0.0000   0.0000   --      --      --         
p_code[79]     in      0.0000   0.0000   --      --      --         
p_code[80]     in      0.0000   0.0000   --      --      --         
p_code[81]     in      0.0000   0.0000   --      --      --         
p_code[82]     in      0.0000   0.0000   --      --      --         
p_code[83]     in      0.0000   0.0000   --      --      --         
p_code[84]     in      0.0000   0.0000   --      --      --         
p_code[85]     in      0.0000   0.0000   --      --      --         
p_code[86]     in      0.0000   0.0000   --      --      --         
p_code[87]     in      0.0000   0.0000   --      --      --         
p_code[88]     in      0.0000   0.0000   --      --      --         
p_code[89]     in      0.0000   0.0000   --      --      --         
p_code_vld     in      0.0000   0.0000   --      --      --         
rd_rdy         in      0.0000   0.0000   --      --      --         
rstn           in      0.0000   0.0000   --      --      --         d, i
wr_data_in     in      0.0000   0.0000   --      --      --         
wr_vld         in      0.0000   0.0000   --      --      --         
cp_ctrl[0]     out     0.1000   0.0000    0.40   --      --         
cp_ctrl[1]     out     0.1000   0.0000    0.40   --      --         
cp_ctrl[2]     out     0.1000   0.0000    0.40   --      --         
cp_ctrl[3]     out     0.1000   0.0000    0.40   --      --         
cp_ctrl[4]     out     0.1000   0.0000    0.40   --      --         
cp_ctrl[5]     out     0.1000   0.0000    0.40   --      --         
cp_ctrl[6]     out     0.1000   0.0000    0.40   --      --         
cp_ctrl[7]     out     0.1000   0.0000    0.40   --      --         
cp_ctrl[8]     out     0.1000   0.0000    0.40   --      --         
cp_ctrl[9]     out     0.1000   0.0000    0.40   --      --         
cp_ctrl[10]    out     0.1000   0.0000    0.40   --      --         
cp_ctrl[11]    out     0.1000   0.0000    0.40   --      --         
cp_ctrl[12]    out     0.1000   0.0000    0.40   --      --         
cp_ctrl[13]    out     0.1000   0.0000    0.40   --      --         
cp_ctrl[14]    out     0.1000   0.0000    0.40   --      --         
cp_ctrl[15]    out     0.1000   0.0000    0.40   --      --         
cp_ctrl[16]    out     0.1000   0.0000    0.40   --      --         
cp_ctrl[17]    out     0.1000   0.0000    0.40   --      --         
cp_ctrl[18]    out     0.1000   0.0000    0.40   --      --         
cp_ctrl[19]    out     0.1000   0.0000    0.40   --      --         
cp_ctrl[20]    out     0.1000   0.0000    0.40   --      --         
cp_ctrl[21]    out     0.1000   0.0000    0.40   --      --         
cp_ctrl[22]    out     0.1000   0.0000    0.40   --      --         
cp_ctrl[23]    out     0.1000   0.0000    0.40   --      --         
cp_ctrl[24]    out     0.1000   0.0000    0.40   --      --         
cp_ctrl[25]    out     0.1000   0.0000    0.40   --      --         
cp_ctrl[26]    out     0.1000   0.0000    0.40   --      --         
cp_ctrl[27]    out     0.1000   0.0000    0.40   --      --         
cp_ctrl[28]    out     0.1000   0.0000    0.40   --      --         
cp_ctrl[29]    out     0.1000   0.0000    0.40   --      --         
cp_ctrl[30]    out     0.1000   0.0000    0.40   --      --         
cp_ctrl[31]    out     0.1000   0.0000    0.40   --      --         
cp_ctrl[32]    out     0.1000   0.0000    0.40   --      --         
cp_ctrl[33]    out     0.1000   0.0000    0.40   --      --         
cp_ctrl[34]    out     0.1000   0.0000    0.40   --      --         
cp_ctrl[35]    out     0.1000   0.0000    0.40   --      --         
cp_ctrl[36]    out     0.1000   0.0000    0.40   --      --         
cp_ctrl[37]    out     0.1000   0.0000    0.40   --      --         
cp_ctrl[38]    out     0.1000   0.0000    0.40   --      --         
cp_ctrl[39]    out     0.1000   0.0000    0.40   --      --         
cp_ctrl[40]    out     0.1000   0.0000    0.40   --      --         
cp_ctrl[41]    out     0.1000   0.0000    0.40   --      --         
cp_ctrl[42]    out     0.1000   0.0000    0.40   --      --         
cp_ctrl[43]    out     0.1000   0.0000    0.40   --      --         
cp_ctrl[44]    out     0.1000   0.0000    0.40   --      --         
cp_ctrl[45]    out     0.1000   0.0000    0.40   --      --         
cp_ctrl[46]    out     0.1000   0.0000    0.40   --      --         
cp_ctrl[47]    out     0.1000   0.0000    0.40   --      --         
cp_ctrl[48]    out     0.1000   0.0000    0.40   --      --         
cp_ctrl[49]    out     0.1000   0.0000    0.40   --      --         
cp_ctrl[50]    out     0.1000   0.0000    0.40   --      --         
cp_ctrl[51]    out     0.1000   0.0000    0.40   --      --         
cp_ctrl[52]    out     0.1000   0.0000    0.40   --      --         
cp_ctrl[53]    out     0.1000   0.0000    0.40   --      --         
cp_ctrl[54]    out     0.1000   0.0000    0.40   --      --         
cp_ctrl[55]    out     0.1000   0.0000    0.40   --      --         
cp_ctrl[56]    out     0.1000   0.0000    0.40   --      --         
cp_ctrl[57]    out     0.1000   0.0000    0.40   --      --         
cp_ctrl[58]    out     0.1000   0.0000    0.40   --      --         
cp_ctrl[59]    out     0.1000   0.0000    0.40   --      --         
cp_ctrl[60]    out     0.1000   0.0000    0.40   --      --         
cp_ctrl[61]    out     0.1000   0.0000    0.40   --      --         
cp_ctrl[62]    out     0.1000   0.0000    0.40   --      --         
cp_ctrl[63]    out     0.1000   0.0000    0.40   --      --         
cp_ctrl[64]    out     0.1000   0.0000    0.40   --      --         
cp_ctrl[65]    out     0.1000   0.0000    0.40   --      --         
cp_ctrl[66]    out     0.1000   0.0000    0.40   --      --         
cp_ctrl[67]    out     0.1000   0.0000    0.40   --      --         
cp_ctrl[68]    out     0.1000   0.0000    0.40   --      --         
cp_ctrl[69]    out     0.1000   0.0000    0.40   --      --         
cp_ctrl[70]    out     0.1000   0.0000    0.40   --      --         
cp_ctrl[71]    out     0.1000   0.0000    0.40   --      --         
cp_ctrl[72]    out     0.1000   0.0000    0.40   --      --         
cp_ctrl[73]    out     0.1000   0.0000    0.40   --      --         
cp_ctrl[74]    out     0.1000   0.0000    0.40   --      --         
cp_ctrl[75]    out     0.1000   0.0000    0.40   --      --         
cp_ctrl[76]    out     0.1000   0.0000    0.40   --      --         
cp_ctrl[77]    out     0.1000   0.0000    0.40   --      --         
cp_ctrl[78]    out     0.1000   0.0000    0.40   --      --         
cp_ctrl[79]    out     0.1000   0.0000    0.40   --      --         
cp_ctrl[80]    out     0.1000   0.0000    0.40   --      --         
cp_ctrl[81]    out     0.1000   0.0000    0.40   --      --         
cp_ctrl[82]    out     0.1000   0.0000    0.40   --      --         
cp_ctrl[83]    out     0.1000   0.0000    0.40   --      --         
cp_ctrl[84]    out     0.1000   0.0000    0.40   --      --         
cp_ctrl[85]    out     0.1000   0.0000    0.40   --      --         
cp_ctrl[86]    out     0.1000   0.0000    0.40   --      --         
cp_ctrl[87]    out     0.1000   0.0000    0.40   --      --         
cp_ctrl[88]    out     0.1000   0.0000    0.40   --      --         
cp_ctrl[89]    out     0.1000   0.0000    0.40   --      --         
cp_ctrl[90]    out     0.1000   0.0000    0.40   --      --         
cp_ctrl[91]    out     0.1000   0.0000    0.40   --      --         
cp_ctrl[92]    out     0.1000   0.0000    0.40   --      --         
cp_ctrl[93]    out     0.1000   0.0000    0.40   --      --         
cp_ctrl[94]    out     0.1000   0.0000    0.40   --      --         
cp_ctrl[95]    out     0.1000   0.0000    0.40   --      --         
cp_ctrl[96]    out     0.1000   0.0000    0.40   --      --         
cp_ctrl[97]    out     0.1000   0.0000    0.40   --      --         
cp_ctrl[98]    out     0.1000   0.0000    0.40   --      --         
cp_ctrl[99]    out     0.1000   0.0000    0.40   --      --         
cp_ctrl[100]   out     0.1000   0.0000    0.40   --      --         
cp_ctrl[101]   out     0.1000   0.0000    0.40   --      --         
cp_ctrl[102]   out     0.1000   0.0000    0.40   --      --         
cp_ctrl[103]   out     0.1000   0.0000    0.40   --      --         
cp_ctrl[104]   out     0.1000   0.0000    0.40   --      --         
cp_ctrl[105]   out     0.1000   0.0000    0.40   --      --         
cp_ctrl[106]   out     0.1000   0.0000    0.40   --      --         
cp_ctrl[107]   out     0.1000   0.0000    0.40   --      --         
cp_ctrl[108]   out     0.1000   0.0000    0.40   --      --         
cp_ctrl[109]   out     0.1000   0.0000    0.40   --      --         
cp_ctrl[110]   out     0.1000   0.0000    0.40   --      --         
cp_ctrl[111]   out     0.1000   0.0000    0.40   --      --         
cp_ctrl[112]   out     0.1000   0.0000    0.40   --      --         
cp_ctrl[113]   out     0.1000   0.0000    0.40   --      --         
cp_ctrl[114]   out     0.1000   0.0000    0.40   --      --         
cp_ctrl[115]   out     0.1000   0.0000    0.40   --      --         
cp_ctrl[116]   out     0.1000   0.0000    0.40   --      --         
cp_ctrl[117]   out     0.1000   0.0000    0.40   --      --         
cp_ctrl[118]   out     0.1000   0.0000    0.40   --      --         
cp_ctrl[119]   out     0.1000   0.0000    0.40   --      --         
cp_ctrl[120]   out     0.1000   0.0000    0.40   --      --         
cp_ctrl[121]   out     0.1000   0.0000    0.40   --      --         
cp_ctrl[122]   out     0.1000   0.0000    0.40   --      --         
cp_ctrl[123]   out     0.1000   0.0000    0.40   --      --         
cp_ctrl[124]   out     0.1000   0.0000    0.40   --      --         
cp_ctrl[125]   out     0.1000   0.0000    0.40   --      --         
cp_ctrl[126]   out     0.1000   0.0000    0.40   --      --         
cp_ctrl[127]   out     0.1000   0.0000    0.40   --      --         
cp_ctrl[128]   out     0.1000   0.0000    0.40   --      --         
cp_ctrl[129]   out     0.1000   0.0000    0.40   --      --         
cp_ctrl[130]   out     0.1000   0.0000    0.40   --      --         
cp_ctrl[131]   out     0.1000   0.0000    0.40   --      --         
cp_ctrl[132]   out     0.1000   0.0000    0.40   --      --         
cp_ctrl[133]   out     0.1000   0.0000    0.40   --      --         
cp_ctrl[134]   out     0.1000   0.0000    0.40   --      --         
cp_ctrl[135]   out     0.1000   0.0000    0.40   --      --         
cp_ctrl[136]   out     0.1000   0.0000    0.40   --      --         
cp_ctrl[137]   out     0.1000   0.0000    0.40   --      --         
cp_ctrl[138]   out     0.1000   0.0000    0.40   --      --         
cp_ctrl[139]   out     0.1000   0.0000    0.40   --      --         
cp_ctrl[140]   out     0.1000   0.0000    0.40   --      --         
cp_ctrl[141]   out     0.1000   0.0000    0.40   --      --         
cp_ctrl[142]   out     0.1000   0.0000    0.40   --      --         
cp_ctrl[143]   out     0.1000   0.0000    0.40   --      --         
cp_ctrl[144]   out     0.1000   0.0000    0.40   --      --         
cp_ctrl[145]   out     0.1000   0.0000    0.40   --      --         
cp_ctrl[146]   out     0.1000   0.0000    0.40   --      --         
cp_ctrl[147]   out     0.1000   0.0000    0.40   --      --         
cp_ctrl[148]   out     0.1000   0.0000    0.40   --      --         
cp_ctrl[149]   out     0.1000   0.0000    0.40   --      --         
cp_ctrl[150]   out     0.1000   0.0000    0.40   --      --         
cp_ctrl[151]   out     0.1000   0.0000    0.40   --      --         
cp_ctrl[152]   out     0.1000   0.0000    0.40   --      --         
cp_ctrl[153]   out     0.1000   0.0000    0.40   --      --         
cp_ctrl[154]   out     0.1000   0.0000    0.40   --      --         
cp_ctrl[155]   out     0.1000   0.0000    0.40   --      --         
cp_ctrl[156]   out     0.1000   0.0000    0.40   --      --         
cp_ctrl[157]   out     0.1000   0.0000    0.40   --      --         
cp_ctrl[158]   out     0.1000   0.0000    0.40   --      --         
cp_ctrl[159]   out     0.1000   0.0000    0.40   --      --         
cp_ctrl[160]   out     0.1000   0.0000    0.40   --      --         
cp_ctrl[161]   out     0.1000   0.0000    0.40   --      --         
cp_ctrl[162]   out     0.1000   0.0000    0.40   --      --         
cp_ctrl[163]   out     0.1000   0.0000    0.40   --      --         
cp_ctrl[164]   out     0.1000   0.0000    0.40   --      --         
cp_ctrl[165]   out     0.1000   0.0000    0.40   --      --         
cp_ctrl[166]   out     0.1000   0.0000    0.40   --      --         
cp_ctrl[167]   out     0.1000   0.0000    0.40   --      --         
cp_ctrl[168]   out     0.1000   0.0000    0.40   --      --         
cp_ctrl[169]   out     0.1000   0.0000    0.40   --      --         
cp_ctrl[170]   out     0.1000   0.0000    0.40   --      --         
cp_ctrl[171]   out     0.1000   0.0000    0.40   --      --         
cp_ctrl[172]   out     0.1000   0.0000    0.40   --      --         
cp_ctrl[173]   out     0.1000   0.0000    0.40   --      --         
cp_ctrl[174]   out     0.1000   0.0000    0.40   --      --         
cp_ctrl[175]   out     0.1000   0.0000    0.40   --      --         
cp_ctrl[176]   out     0.1000   0.0000    0.40   --      --         
cp_ctrl[177]   out     0.1000   0.0000    0.40   --      --         
cp_ctrl[178]   out     0.1000   0.0000    0.40   --      --         
cp_ctrl[179]   out     0.1000   0.0000    0.40   --      --         
cp_ctrl[180]   out     0.1000   0.0000    0.40   --      --         
cp_ctrl[181]   out     0.1000   0.0000    0.40   --      --         
cp_ctrl[182]   out     0.1000   0.0000    0.40   --      --         
cp_ctrl[183]   out     0.1000   0.0000    0.40   --      --         
cp_ctrl[184]   out     0.1000   0.0000    0.40   --      --         
cp_ctrl[185]   out     0.1000   0.0000    0.40   --      --         
cp_ctrl[186]   out     0.1000   0.0000    0.40   --      --         
cp_ctrl[187]   out     0.1000   0.0000    0.40   --      --         
cp_ctrl[188]   out     0.1000   0.0000    0.40   --      --         
cp_ctrl[189]   out     0.1000   0.0000    0.40   --      --         
cp_ctrl[190]   out     0.1000   0.0000    0.40   --      --         
cp_ctrl[191]   out     0.1000   0.0000    0.40   --      --         
cp_ctrl[192]   out     0.1000   0.0000    0.40   --      --         
cp_ctrl[193]   out     0.1000   0.0000    0.40   --      --         
cp_ctrl[194]   out     0.1000   0.0000    0.40   --      --         
cp_ctrl[195]   out     0.1000   0.0000    0.40   --      --         
cp_ctrl[196]   out     0.1000   0.0000    0.40   --      --         
cp_ctrl[197]   out     0.1000   0.0000    0.40   --      --         
cp_ctrl[198]   out     0.1000   0.0000    0.40   --      --         
cp_ctrl[199]   out     0.1000   0.0000    0.40   --      --         
cp_ctrl[200]   out     0.1000   0.0000    0.40   --      --         
cp_ctrl[201]   out     0.1000   0.0000    0.40   --      --         
cp_ctrl[202]   out     0.1000   0.0000    0.40   --      --         
cp_ctrl[203]   out     0.1000   0.0000    0.40   --      --         
cp_ctrl[204]   out     0.1000   0.0000    0.40   --      --         
cp_ctrl[205]   out     0.1000   0.0000    0.40   --      --         
cp_ctrl[206]   out     0.1000   0.0000    0.40   --      --         
cp_ctrl[207]   out     0.1000   0.0000    0.40   --      --         
cp_ctrl[208]   out     0.1000   0.0000    0.40   --      --         
cp_ctrl[209]   out     0.1000   0.0000    0.40   --      --         
cp_ctrl[210]   out     0.1000   0.0000    0.40   --      --         
cp_ctrl[211]   out     0.1000   0.0000    0.40   --      --         
cp_ctrl[212]   out     0.1000   0.0000    0.40   --      --         
cp_ctrl[213]   out     0.1000   0.0000    0.40   --      --         
cp_ctrl[214]   out     0.1000   0.0000    0.40   --      --         
cp_ctrl[215]   out     0.1000   0.0000    0.40   --      --         
cp_ctrl[216]   out     0.1000   0.0000    0.40   --      --         
cp_ctrl[217]   out     0.1000   0.0000    0.40   --      --         
cp_ctrl[218]   out     0.1000   0.0000    0.40   --      --         
cp_ctrl[219]   out     0.1000   0.0000    0.40   --      --         
cp_ctrl[220]   out     0.1000   0.0000    0.40   --      --         
cp_ctrl[221]   out     0.1000   0.0000    0.40   --      --         
cp_ctrl[222]   out     0.1000   0.0000    0.40   --      --         
cp_ctrl[223]   out     0.1000   0.0000    0.40   --      --         
cp_ctrl[224]   out     0.1000   0.0000    0.40   --      --         
cp_ctrl[225]   out     0.1000   0.0000    0.40   --      --         
cp_ctrl[226]   out     0.1000   0.0000    0.40   --      --         
cp_ctrl[227]   out     0.1000   0.0000    0.40   --      --         
cp_ctrl[228]   out     0.1000   0.0000    0.40   --      --         
cp_ctrl[229]   out     0.1000   0.0000    0.40   --      --         
cp_ctrl[230]   out     0.1000   0.0000    0.40   --      --         
cp_ctrl[231]   out     0.1000   0.0000    0.40   --      --         
cp_ctrl[232]   out     0.1000   0.0000    0.40   --      --         
cp_ctrl[233]   out     0.1000   0.0000    0.40   --      --         
cp_ctrl[234]   out     0.1000   0.0000    0.40   --      --         
cp_ctrl[235]   out     0.1000   0.0000    0.40   --      --         
cp_ctrl[236]   out     0.1000   0.0000    0.40   --      --         
cp_ctrl[237]   out     0.1000   0.0000    0.40   --      --         
cp_ctrl[238]   out     0.1000   0.0000    0.40   --      --         
cp_ctrl[239]   out     0.1000   0.0000    0.40   --      --         
cp_ctrl[240]   out     0.1000   0.0000    0.40   --      --         
cp_ctrl[241]   out     0.1000   0.0000    0.40   --      --         
cp_ctrl[242]   out     0.1000   0.0000    0.40   --      --         
cp_ctrl[243]   out     0.1000   0.0000    0.40   --      --         
cp_ctrl[244]   out     0.1000   0.0000    0.40   --      --         
cp_ctrl[245]   out     0.1000   0.0000    0.40   --      --         
cp_ctrl[246]   out     0.1000   0.0000    0.40   --      --         
cp_ctrl[247]   out     0.1000   0.0000    0.40   --      --         
cp_ctrl[248]   out     0.1000   0.0000    0.40   --      --         
cp_ctrl[249]   out     0.1000   0.0000    0.40   --      --         
cp_ctrl[250]   out     0.1000   0.0000    0.40   --      --         
cp_ctrl[251]   out     0.1000   0.0000    0.40   --      --         
cp_ctrl[252]   out     0.1000   0.0000    0.40   --      --         
cp_ctrl[253]   out     0.1000   0.0000    0.40   --      --         
cp_ctrl[254]   out     0.1000   0.0000    0.40   --      --         
cp_ctrl[255]   out     0.1000   0.0000    0.40   --      --         
cp_ctrl[256]   out     0.1000   0.0000    0.40   --      --         
cp_ctrl[257]   out     0.1000   0.0000    0.40   --      --         
cp_ctrl[258]   out     0.1000   0.0000    0.40   --      --         
cp_ctrl[259]   out     0.1000   0.0000    0.40   --      --         
cp_ctrl[260]   out     0.1000   0.0000    0.40   --      --         
cp_ctrl[261]   out     0.1000   0.0000    0.40   --      --         
cp_ctrl[262]   out     0.1000   0.0000    0.40   --      --         
cp_ctrl[263]   out     0.1000   0.0000    0.40   --      --         
cp_ctrl[264]   out     0.1000   0.0000    0.40   --      --         
cp_ctrl[265]   out     0.1000   0.0000    0.40   --      --         
cp_ctrl[266]   out     0.1000   0.0000    0.40   --      --         
cp_ctrl[267]   out     0.1000   0.0000    0.40   --      --         
cp_ctrl[268]   out     0.1000   0.0000    0.40   --      --         
cp_ctrl[269]   out     0.1000   0.0000    0.40   --      --         
cp_ctrl[270]   out     0.1000   0.0000    0.40   --      --         
cp_ctrl[271]   out     0.1000   0.0000    0.40   --      --         
cp_ctrl[272]   out     0.1000   0.0000    0.40   --      --         
cp_ctrl[273]   out     0.1000   0.0000    0.40   --      --         
cp_ctrl[274]   out     0.1000   0.0000    0.40   --      --         
cp_ctrl[275]   out     0.1000   0.0000    0.40   --      --         
cp_ctrl[276]   out     0.1000   0.0000    0.40   --      --         
cp_ctrl[277]   out     0.1000   0.0000    0.40   --      --         
cp_ctrl[278]   out     0.1000   0.0000    0.40   --      --         
cp_ctrl[279]   out     0.1000   0.0000    0.40   --      --         
cp_ctrl[280]   out     0.1000   0.0000    0.40   --      --         
cp_ctrl[281]   out     0.1000   0.0000    0.40   --      --         
cp_ctrl[282]   out     0.1000   0.0000    0.40   --      --         
cp_ctrl[283]   out     0.1000   0.0000    0.40   --      --         
cp_ctrl[284]   out     0.1000   0.0000    0.40   --      --         
cp_ctrl[285]   out     0.1000   0.0000    0.40   --      --         
cp_ctrl[286]   out     0.1000   0.0000    0.40   --      --         
cp_ctrl[287]   out     0.1000   0.0000    0.40   --      --         
cp_ctrl[288]   out     0.1000   0.0000    0.40   --      --         
cp_ctrl[289]   out     0.1000   0.0000    0.40   --      --         
cp_ctrl[290]   out     0.1000   0.0000    0.40   --      --         
cp_ctrl[291]   out     0.1000   0.0000    0.40   --      --         
cp_ctrl[292]   out     0.1000   0.0000    0.40   --      --         
cp_ctrl[293]   out     0.1000   0.0000    0.40   --      --         
cp_ctrl[294]   out     0.1000   0.0000    0.40   --      --         
cp_ctrl[295]   out     0.1000   0.0000    0.40   --      --         
cp_ctrl[296]   out     0.1000   0.0000    0.40   --      --         
cp_ctrl[297]   out     0.1000   0.0000    0.40   --      --         
cp_ctrl[298]   out     0.1000   0.0000    0.40   --      --         
cp_ctrl[299]   out     0.1000   0.0000    0.40   --      --         
cp_ctrl[300]   out     0.1000   0.0000    0.40   --      --         
cp_ctrl[301]   out     0.1000   0.0000    0.40   --      --         
cp_ctrl[302]   out     0.1000   0.0000    0.40   --      --         
cp_ctrl[303]   out     0.1000   0.0000    0.40   --      --         
cp_ctrl[304]   out     0.1000   0.0000    0.40   --      --         
cp_ctrl[305]   out     0.1000   0.0000    0.40   --      --         
cp_ctrl[306]   out     0.1000   0.0000    0.40   --      --         
cp_ctrl[307]   out     0.1000   0.0000    0.40   --      --         
cp_ctrl[308]   out     0.1000   0.0000    0.40   --      --         
cp_ctrl[309]   out     0.1000   0.0000    0.40   --      --         
cp_ctrl[310]   out     0.1000   0.0000    0.40   --      --         
cp_ctrl[311]   out     0.1000   0.0000    0.40   --      --         
cp_ctrl[312]   out     0.1000   0.0000    0.40   --      --         
cp_ctrl[313]   out     0.1000   0.0000    0.40   --      --         
cp_ctrl[314]   out     0.1000   0.0000    0.40   --      --         
cp_ctrl[315]   out     0.1000   0.0000    0.40   --      --         
cp_ctrl[316]   out     0.1000   0.0000    0.40   --      --         
cp_ctrl[317]   out     0.1000   0.0000    0.40   --      --         
cp_ctrl[318]   out     0.1000   0.0000    0.40   --      --         
cp_ctrl[319]   out     0.1000   0.0000    0.40   --      --         
cp_ctrl[320]   out     0.1000   0.0000    0.40   --      --         
cp_ctrl[321]   out     0.1000   0.0000    0.40   --      --         
cp_ctrl[322]   out     0.1000   0.0000    0.40   --      --         
cp_ctrl[323]   out     0.1000   0.0000    0.40   --      --         
cp_ctrl[324]   out     0.1000   0.0000    0.40   --      --         
cp_ctrl[325]   out     0.1000   0.0000    0.40   --      --         
cp_ctrl[326]   out     0.1000   0.0000    0.40   --      --         
cp_ctrl[327]   out     0.1000   0.0000    0.40   --      --         
cp_ctrl[328]   out     0.1000   0.0000    0.40   --      --         
cp_ctrl[329]   out     0.1000   0.0000    0.40   --      --         
cp_ctrl[330]   out     0.1000   0.0000    0.40   --      --         
cp_ctrl[331]   out     0.1000   0.0000    0.40   --      --         
cp_ctrl[332]   out     0.1000   0.0000    0.40   --      --         
cp_ctrl[333]   out     0.1000   0.0000    0.40   --      --         
cp_ctrl[334]   out     0.1000   0.0000    0.40   --      --         
cp_ctrl[335]   out     0.1000   0.0000    0.40   --      --         
cp_ctrl[336]   out     0.1000   0.0000    0.40   --      --         
cp_ctrl[337]   out     0.1000   0.0000    0.40   --      --         
cp_ctrl[338]   out     0.1000   0.0000    0.40   --      --         
cp_ctrl[339]   out     0.1000   0.0000    0.40   --      --         
cp_ctrl[340]   out     0.1000   0.0000    0.40   --      --         
cp_ctrl[341]   out     0.1000   0.0000    0.40   --      --         
cp_ctrl[342]   out     0.1000   0.0000    0.40   --      --         
cp_ctrl[343]   out     0.1000   0.0000    0.40   --      --         
cp_ctrl[344]   out     0.1000   0.0000    0.40   --      --         
cp_ctrl[345]   out     0.1000   0.0000    0.40   --      --         
cp_ctrl[346]   out     0.1000   0.0000    0.40   --      --         
cp_ctrl[347]   out     0.1000   0.0000    0.40   --      --         
cp_ctrl[348]   out     0.1000   0.0000    0.40   --      --         
cp_ctrl[349]   out     0.1000   0.0000    0.40   --      --         
cp_ctrl[350]   out     0.1000   0.0000    0.40   --      --         
cp_ctrl[351]   out     0.1000   0.0000    0.40   --      --         
cp_ctrl[352]   out     0.1000   0.0000    0.40   --      --         
cp_ctrl[353]   out     0.1000   0.0000    0.40   --      --         
cp_ctrl[354]   out     0.1000   0.0000    0.40   --      --         
cp_ctrl[355]   out     0.1000   0.0000    0.40   --      --         
cp_ctrl[356]   out     0.1000   0.0000    0.40   --      --         
cp_ctrl[357]   out     0.1000   0.0000    0.40   --      --         
cp_ctrl[358]   out     0.1000   0.0000    0.40   --      --         
cp_ctrl[359]   out     0.1000   0.0000    0.40   --      --         
cp_ctrl[360]   out     0.1000   0.0000    0.40   --      --         
cp_ctrl[361]   out     0.1000   0.0000    0.40   --      --         
cp_ctrl[362]   out     0.1000   0.0000    0.40   --      --         
cp_ctrl[363]   out     0.1000   0.0000    0.40   --      --         
cp_ctrl[364]   out     0.1000   0.0000    0.40   --      --         
cp_ctrl[365]   out     0.1000   0.0000    0.40   --      --         
cp_ctrl[366]   out     0.1000   0.0000    0.40   --      --         
cp_ctrl[367]   out     0.1000   0.0000    0.40   --      --         
cp_ctrl[368]   out     0.1000   0.0000    0.40   --      --         
cp_ctrl[369]   out     0.1000   0.0000    0.40   --      --         
cp_ctrl[370]   out     0.1000   0.0000    0.40   --      --         
cp_ctrl[371]   out     0.1000   0.0000    0.40   --      --         
cp_ctrl[372]   out     0.1000   0.0000    0.40   --      --         
cp_ctrl[373]   out     0.1000   0.0000    0.40   --      --         
cp_ctrl[374]   out     0.1000   0.0000    0.40   --      --         
cp_ctrl[375]   out     0.1000   0.0000    0.40   --      --         
cp_ctrl[376]   out     0.1000   0.0000    0.40   --      --         
cp_ctrl[377]   out     0.1000   0.0000    0.40   --      --         
cp_ctrl[378]   out     0.1000   0.0000    0.40   --      --         
cp_ctrl[379]   out     0.1000   0.0000    0.40   --      --         
cp_ctrl[380]   out     0.1000   0.0000    0.40   --      --         
cp_ctrl[381]   out     0.1000   0.0000    0.40   --      --         
cp_ctrl[382]   out     0.1000   0.0000    0.40   --      --         
cp_ctrl[383]   out     0.1000   0.0000    0.40   --      --         
cp_ctrl[384]   out     0.1000   0.0000    0.40   --      --         
cp_ctrl[385]   out     0.1000   0.0000    0.40   --      --         
cp_ctrl[386]   out     0.1000   0.0000    0.40   --      --         
cp_ctrl[387]   out     0.1000   0.0000    0.40   --      --         
cp_ctrl[388]   out     0.1000   0.0000    0.40   --      --         
cp_ctrl[389]   out     0.1000   0.0000    0.40   --      --         
cp_ctrl[390]   out     0.1000   0.0000    0.40   --      --         
cp_ctrl[391]   out     0.1000   0.0000    0.40   --      --         
cp_ctrl[392]   out     0.1000   0.0000    0.40   --      --         
cp_ctrl[393]   out     0.1000   0.0000    0.40   --      --         
cp_ctrl[394]   out     0.1000   0.0000    0.40   --      --         
cp_ctrl[395]   out     0.1000   0.0000    0.40   --      --         
cp_ctrl[396]   out     0.1000   0.0000    0.40   --      --         
cp_ctrl[397]   out     0.1000   0.0000    0.40   --      --         
cp_ctrl[398]   out     0.1000   0.0000    0.40   --      --         
cp_ctrl[399]   out     0.1000   0.0000    0.40   --      --         
cp_ctrl[400]   out     0.1000   0.0000    0.40   --      --         
cp_ctrl[401]   out     0.1000   0.0000    0.40   --      --         
cp_ctrl[402]   out     0.1000   0.0000    0.40   --      --         
cp_ctrl[403]   out     0.1000   0.0000    0.40   --      --         
cp_ctrl[404]   out     0.1000   0.0000    0.40   --      --         
cp_ctrl[405]   out     0.1000   0.0000    0.40   --      --         
cp_ctrl[406]   out     0.1000   0.0000    0.40   --      --         
cp_ctrl[407]   out     0.1000   0.0000    0.40   --      --         
cp_ctrl[408]   out     0.1000   0.0000    0.40   --      --         
cp_ctrl[409]   out     0.1000   0.0000    0.40   --      --         
cp_ctrl[410]   out     0.1000   0.0000    0.40   --      --         
cp_ctrl[411]   out     0.1000   0.0000    0.40   --      --         
cp_ctrl[412]   out     0.1000   0.0000    0.40   --      --         
cp_ctrl[413]   out     0.1000   0.0000    0.40   --      --         
cp_ctrl[414]   out     0.1000   0.0000    0.40   --      --         
cp_ctrl[415]   out     0.1000   0.0000    0.40   --      --         
cp_ctrl[416]   out     0.1000   0.0000    0.40   --      --         
cp_ctrl[417]   out     0.1000   0.0000    0.40   --      --         
cp_ctrl[418]   out     0.1000   0.0000    0.40   --      --         
cp_ctrl[419]   out     0.1000   0.0000    0.40   --      --         
cp_ctrl[420]   out     0.1000   0.0000    0.40   --      --         
cp_ctrl[421]   out     0.1000   0.0000    0.40   --      --         
cp_ctrl[422]   out     0.1000   0.0000    0.40   --      --         
cp_ctrl[423]   out     0.1000   0.0000    0.40   --      --         
cp_ctrl[424]   out     0.1000   0.0000    0.40   --      --         
cp_ctrl[425]   out     0.1000   0.0000    0.40   --      --         
cp_ctrl[426]   out     0.1000   0.0000    0.40   --      --         
cp_ctrl[427]   out     0.1000   0.0000    0.40   --      --         
cp_ctrl[428]   out     0.1000   0.0000    0.40   --      --         
cp_ctrl[429]   out     0.1000   0.0000    0.40   --      --         
cp_ctrl[430]   out     0.1000   0.0000    0.40   --      --         
cp_ctrl[431]   out     0.1000   0.0000    0.40   --      --         
cp_ctrl[432]   out     0.1000   0.0000    0.40   --      --         
cp_ctrl[433]   out     0.1000   0.0000    0.40   --      --         
cp_ctrl[434]   out     0.1000   0.0000    0.40   --      --         
cp_ctrl[435]   out     0.1000   0.0000    0.40   --      --         
cp_ctrl[436]   out     0.1000   0.0000    0.40   --      --         
cp_ctrl[437]   out     0.1000   0.0000    0.40   --      --         
cp_ctrl[438]   out     0.1000   0.0000    0.40   --      --         
cp_ctrl[439]   out     0.1000   0.0000    0.40   --      --         
cp_ctrl[440]   out     0.1000   0.0000    0.40   --      --         
cp_ctrl[441]   out     0.1000   0.0000    0.40   --      --         
cp_ctrl[442]   out     0.1000   0.0000    0.40   --      --         
cp_ctrl[443]   out     0.1000   0.0000    0.40   --      --         
cp_ctrl[444]   out     0.1000   0.0000    0.40   --      --         
cp_ctrl[445]   out     0.1000   0.0000    0.40   --      --         
cp_ctrl[446]   out     0.1000   0.0000    0.40   --      --         
cp_ctrl[447]   out     0.1000   0.0000    0.40   --      --         
cp_ctrl[448]   out     0.1000   0.0000    0.40   --      --         
cp_ctrl[449]   out     0.1000   0.0000    0.40   --      --         
cp_ctrl[450]   out     0.1000   0.0000    0.40   --      --         
cp_ctrl[451]   out     0.1000   0.0000    0.40   --      --         
cp_ctrl[452]   out     0.1000   0.0000    0.40   --      --         
cp_ctrl[453]   out     0.1000   0.0000    0.40   --      --         
cp_ctrl[454]   out     0.1000   0.0000    0.40   --      --         
cp_ctrl[455]   out     0.1000   0.0000    0.40   --      --         
cp_ctrl[456]   out     0.1000   0.0000    0.40   --      --         
cp_ctrl[457]   out     0.1000   0.0000    0.40   --      --         
cp_ctrl[458]   out     0.1000   0.0000    0.40   --      --         
cp_ctrl[459]   out     0.1000   0.0000    0.40   --      --         
cp_ctrl[460]   out     0.1000   0.0000    0.40   --      --         
cp_ctrl[461]   out     0.1000   0.0000    0.40   --      --         
cp_ctrl[462]   out     0.1000   0.0000    0.40   --      --         
cp_ctrl[463]   out     0.1000   0.0000    0.40   --      --         
cp_ctrl[464]   out     0.1000   0.0000    0.40   --      --         
cp_ctrl[465]   out     0.1000   0.0000    0.40   --      --         
cp_ctrl[466]   out     0.1000   0.0000    0.40   --      --         
cp_ctrl[467]   out     0.1000   0.0000    0.40   --      --         
cp_ctrl[468]   out     0.1000   0.0000    0.40   --      --         
cp_ctrl[469]   out     0.1000   0.0000    0.40   --      --         
cp_ctrl[470]   out     0.1000   0.0000    0.40   --      --         
cp_ctrl[471]   out     0.1000   0.0000    0.40   --      --         
cp_ctrl[472]   out     0.1000   0.0000    0.40   --      --         
cp_ctrl[473]   out     0.1000   0.0000    0.40   --      --         
cp_ctrl[474]   out     0.1000   0.0000    0.40   --      --         
cp_ctrl[475]   out     0.1000   0.0000    0.40   --      --         
cp_ctrl[476]   out     0.1000   0.0000    0.40   --      --         
cp_ctrl[477]   out     0.1000   0.0000    0.40   --      --         
cp_ctrl[478]   out     0.1000   0.0000    0.40   --      --         
cp_ctrl[479]   out     0.1000   0.0000    0.40   --      --         
cp_ctrl[480]   out     0.1000   0.0000    0.40   --      --         
cp_ctrl[481]   out     0.1000   0.0000    0.40   --      --         
cp_ctrl[482]   out     0.1000   0.0000    0.40   --      --         
cp_ctrl[483]   out     0.1000   0.0000    0.40   --      --         
cp_ctrl[484]   out     0.1000   0.0000    0.40   --      --         
cp_ctrl[485]   out     0.1000   0.0000    0.40   --      --         
cp_ctrl[486]   out     0.1000   0.0000    0.40   --      --         
cp_ctrl[487]   out     0.1000   0.0000    0.40   --      --         
cp_ctrl[488]   out     0.1000   0.0000    0.40   --      --         
cp_ctrl[489]   out     0.1000   0.0000    0.40   --      --         
cp_ctrl[490]   out     0.1000   0.0000    0.40   --      --         
cp_ctrl[491]   out     0.1000   0.0000    0.40   --      --         
cp_ctrl[492]   out     0.1000   0.0000    0.40   --      --         
cp_ctrl[493]   out     0.1000   0.0000    0.40   --      --         
cp_ctrl[494]   out     0.1000   0.0000    0.40   --      --         
cp_ctrl[495]   out     0.1000   0.0000    0.40   --      --         
cp_ctrl[496]   out     0.1000   0.0000    0.40   --      --         
cp_ctrl[497]   out     0.1000   0.0000    0.40   --      --         
cp_ctrl[498]   out     0.1000   0.0000    0.40   --      --         
cp_ctrl[499]   out     0.1000   0.0000    0.40   --      --         
cp_ctrl[500]   out     0.1000   0.0000    0.40   --      --         
cp_ctrl[501]   out     0.1000   0.0000    0.40   --      --         
cp_ctrl[502]   out     0.1000   0.0000    0.40   --      --         
cp_ctrl[503]   out     0.1000   0.0000    0.40   --      --         
cp_ctrl[504]   out     0.1000   0.0000    0.40   --      --         
cp_ctrl[505]   out     0.1000   0.0000    0.40   --      --         
cp_ctrl[506]   out     0.1000   0.0000    0.40   --      --         
cp_ctrl[507]   out     0.1000   0.0000    0.40   --      --         
cp_ctrl[508]   out     0.1000   0.0000    0.40   --      --         
cp_ctrl[509]   out     0.1000   0.0000    0.40   --      --         
cp_ctrl[510]   out     0.1000   0.0000    0.40   --      --         
cp_ctrl[511]   out     0.1000   0.0000    0.40   --      --         
cp_ctrl[512]   out     0.1000   0.0000    0.40   --      --         
cp_ctrl[513]   out     0.1000   0.0000    0.40   --      --         
cp_ctrl[514]   out     0.1000   0.0000    0.40   --      --         
cp_ctrl[515]   out     0.1000   0.0000    0.40   --      --         
cp_ctrl[516]   out     0.1000   0.0000    0.40   --      --         
cp_ctrl[517]   out     0.1000   0.0000    0.40   --      --         
cp_ctrl[518]   out     0.1000   0.0000    0.40   --      --         
cp_ctrl[519]   out     0.1000   0.0000    0.40   --      --         
cp_ctrl[520]   out     0.1000   0.0000    0.40   --      --         
cp_ctrl[521]   out     0.1000   0.0000    0.40   --      --         
cp_ctrl[522]   out     0.1000   0.0000    0.40   --      --         
cp_ctrl[523]   out     0.1000   0.0000    0.40   --      --         
cp_ctrl[524]   out     0.1000   0.0000    0.40   --      --         
cp_ctrl[525]   out     0.1000   0.0000    0.40   --      --         
cp_ctrl[526]   out     0.1000   0.0000    0.40   --      --         
cp_ctrl[527]   out     0.1000   0.0000    0.40   --      --         
cp_ctrl[528]   out     0.1000   0.0000    0.40   --      --         
cp_ctrl[529]   out     0.1000   0.0000    0.40   --      --         
cp_ctrl[530]   out     0.1000   0.0000    0.40   --      --         
cp_ctrl[531]   out     0.1000   0.0000    0.40   --      --         
cp_ctrl[532]   out     0.1000   0.0000    0.40   --      --         
cp_ctrl[533]   out     0.1000   0.0000    0.40   --      --         
cp_ctrl[534]   out     0.1000   0.0000    0.40   --      --         
cp_ctrl[535]   out     0.1000   0.0000    0.40   --      --         
cp_ctrl[536]   out     0.1000   0.0000    0.40   --      --         
cp_ctrl[537]   out     0.1000   0.0000    0.40   --      --         
cp_ctrl[538]   out     0.1000   0.0000    0.40   --      --         
cp_ctrl[539]   out     0.1000   0.0000    0.40   --      --         
cp_ctrl[540]   out     0.1000   0.0000    0.40   --      --         
cp_ctrl[541]   out     0.1000   0.0000    0.40   --      --         
cp_ctrl[542]   out     0.1000   0.0000    0.40   --      --         
cp_ctrl[543]   out     0.1000   0.0000    0.40   --      --         
cp_ctrl[544]   out     0.1000   0.0000    0.40   --      --         
cp_ctrl[545]   out     0.1000   0.0000    0.40   --      --         
cp_ctrl[546]   out     0.1000   0.0000    0.40   --      --         
cp_ctrl[547]   out     0.1000   0.0000    0.40   --      --         
cp_ctrl[548]   out     0.1000   0.0000    0.40   --      --         
cp_ctrl[549]   out     0.1000   0.0000    0.40   --      --         
cp_ctrl[550]   out     0.1000   0.0000    0.40   --      --         
cp_ctrl[551]   out     0.1000   0.0000    0.40   --      --         
cp_ctrl[552]   out     0.1000   0.0000    0.40   --      --         
cp_ctrl[553]   out     0.1000   0.0000    0.40   --      --         
cp_ctrl[554]   out     0.1000   0.0000    0.40   --      --         
cp_ctrl[555]   out     0.1000   0.0000    0.40   --      --         
cp_ctrl[556]   out     0.1000   0.0000    0.40   --      --         
cp_ctrl[557]   out     0.1000   0.0000    0.40   --      --         
cp_ctrl[558]   out     0.1000   0.0000    0.40   --      --         
cp_ctrl[559]   out     0.1000   0.0000    0.40   --      --         
cp_ctrl[560]   out     0.1000   0.0000    0.40   --      --         
cp_ctrl[561]   out     0.1000   0.0000    0.40   --      --         
cp_ctrl[562]   out     0.1000   0.0000    0.40   --      --         
cp_ctrl[563]   out     0.1000   0.0000    0.40   --      --         
cp_ctrl[564]   out     0.1000   0.0000    0.40   --      --         
cp_ctrl[565]   out     0.1000   0.0000    0.40   --      --         
cp_ctrl[566]   out     0.1000   0.0000    0.40   --      --         
cp_ctrl[567]   out     0.1000   0.0000    0.40   --      --         
cp_ctrl[568]   out     0.1000   0.0000    0.40   --      --         
cp_ctrl[569]   out     0.1000   0.0000    0.40   --      --         
cp_ctrl[570]   out     0.1000   0.0000    0.40   --      --         
cp_ctrl[571]   out     0.1000   0.0000    0.40   --      --         
cp_ctrl[572]   out     0.1000   0.0000    0.40   --      --         
cp_ctrl[573]   out     0.1000   0.0000    0.40   --      --         
cp_ctrl[574]   out     0.1000   0.0000    0.40   --      --         
cp_ctrl[575]   out     0.1000   0.0000    0.40   --      --         
cp_ctrl[576]   out     0.1000   0.0000    0.40   --      --         
cp_ctrl[577]   out     0.1000   0.0000    0.40   --      --         
cp_ctrl[578]   out     0.1000   0.0000    0.40   --      --         
cp_ctrl[579]   out     0.1000   0.0000    0.40   --      --         
cp_ctrl[580]   out     0.1000   0.0000    0.40   --      --         
cp_ctrl[581]   out     0.1000   0.0000    0.40   --      --         
cp_ctrl[582]   out     0.1000   0.0000    0.40   --      --         
cp_ctrl[583]   out     0.1000   0.0000    0.40   --      --         
cp_ctrl[584]   out     0.1000   0.0000    0.40   --      --         
cp_ctrl[585]   out     0.1000   0.0000    0.40   --      --         
cp_ctrl[586]   out     0.1000   0.0000    0.40   --      --         
cp_ctrl[587]   out     0.1000   0.0000    0.40   --      --         
cp_ctrl[588]   out     0.1000   0.0000    0.40   --      --         
cp_ctrl[589]   out     0.1000   0.0000    0.40   --      --         
cp_ctrl[590]   out     0.1000   0.0000    0.40   --      --         
cp_ctrl[591]   out     0.1000   0.0000    0.40   --      --         
cp_ctrl[592]   out     0.1000   0.0000    0.40   --      --         
cp_ctrl[593]   out     0.1000   0.0000    0.40   --      --         
cp_ctrl[594]   out     0.1000   0.0000    0.40   --      --         
cp_ctrl[595]   out     0.1000   0.0000    0.40   --      --         
cp_ctrl[596]   out     0.1000   0.0000    0.40   --      --         
cp_ctrl[597]   out     0.1000   0.0000    0.40   --      --         
cp_ctrl[598]   out     0.1000   0.0000    0.40   --      --         
cp_ctrl[599]   out     0.1000   0.0000    0.40   --      --         
cp_ctrl[600]   out     0.1000   0.0000    0.40   --      --         
cp_ctrl[601]   out     0.1000   0.0000    0.40   --      --         
cp_ctrl[602]   out     0.1000   0.0000    0.40   --      --         
cp_ctrl[603]   out     0.1000   0.0000    0.40   --      --         
cp_ctrl[604]   out     0.1000   0.0000    0.40   --      --         
cp_ctrl[605]   out     0.1000   0.0000    0.40   --      --         
cp_ctrl[606]   out     0.1000   0.0000    0.40   --      --         
cp_ctrl[607]   out     0.1000   0.0000    0.40   --      --         
cp_ctrl[608]   out     0.1000   0.0000    0.40   --      --         
cp_ctrl[609]   out     0.1000   0.0000    0.40   --      --         
cp_ctrl[610]   out     0.1000   0.0000    0.40   --      --         
cp_ctrl[611]   out     0.1000   0.0000    0.40   --      --         
cp_ctrl[612]   out     0.1000   0.0000    0.40   --      --         
cp_ctrl[613]   out     0.1000   0.0000    0.40   --      --         
cp_ctrl[614]   out     0.1000   0.0000    0.40   --      --         
cp_ctrl[615]   out     0.1000   0.0000    0.40   --      --         
cp_ctrl[616]   out     0.1000   0.0000    0.40   --      --         
cp_ctrl[617]   out     0.1000   0.0000    0.40   --      --         
cp_ctrl[618]   out     0.1000   0.0000    0.40   --      --         
cp_ctrl[619]   out     0.1000   0.0000    0.40   --      --         
cp_ctrl[620]   out     0.1000   0.0000    0.40   --      --         
cp_ctrl[621]   out     0.1000   0.0000    0.40   --      --         
cp_ctrl[622]   out     0.1000   0.0000    0.40   --      --         
cp_ctrl[623]   out     0.1000   0.0000    0.40   --      --         
cp_ctrl[624]   out     0.1000   0.0000    0.40   --      --         
cp_ctrl[625]   out     0.1000   0.0000    0.40   --      --         
cp_ctrl[626]   out     0.1000   0.0000    0.40   --      --         
cp_ctrl[627]   out     0.1000   0.0000    0.40   --      --         
cp_ctrl[628]   out     0.1000   0.0000    0.40   --      --         
cp_ctrl[629]   out     0.1000   0.0000    0.40   --      --         
cp_ctrl[630]   out     0.1000   0.0000    0.40   --      --         
cp_ctrl[631]   out     0.1000   0.0000    0.40   --      --         
cp_ctrl[632]   out     0.1000   0.0000    0.40   --      --         
cp_ctrl[633]   out     0.1000   0.0000    0.40   --      --         
cp_ctrl[634]   out     0.1000   0.0000    0.40   --      --         
cp_ctrl[635]   out     0.1000   0.0000    0.40   --      --         
cp_ctrl[636]   out     0.1000   0.0000    0.40   --      --         
cp_ctrl[637]   out     0.1000   0.0000    0.40   --      --         
cp_ctrl[638]   out     0.1000   0.0000    0.40   --      --         
cp_ctrl[639]   out     0.1000   0.0000    0.40   --      --         
cp_ctrl[640]   out     0.1000   0.0000    0.40   --      --         
cp_ctrl[641]   out     0.1000   0.0000    0.40   --      --         
cp_ctrl[642]   out     0.1000   0.0000    0.40   --      --         
cp_ctrl[643]   out     0.1000   0.0000    0.40   --      --         
cp_ctrl[644]   out     0.1000   0.0000    0.40   --      --         
cp_ctrl[645]   out     0.1000   0.0000    0.40   --      --         
cp_ctrl[646]   out     0.1000   0.0000    0.40   --      --         
cp_ctrl[647]   out     0.1000   0.0000    0.40   --      --         
cp_ctrl[648]   out     0.1000   0.0000    0.40   --      --         
cp_ctrl[649]   out     0.1000   0.0000    0.40   --      --         
cp_ctrl[650]   out     0.1000   0.0000    0.40   --      --         
cp_ctrl[651]   out     0.1000   0.0000    0.40   --      --         
cp_ctrl[652]   out     0.1000   0.0000    0.40   --      --         
cp_ctrl[653]   out     0.1000   0.0000    0.40   --      --         
cp_ctrl[654]   out     0.1000   0.0000    0.40   --      --         
cp_ctrl[655]   out     0.1000   0.0000    0.40   --      --         
cp_ctrl[656]   out     0.1000   0.0000    0.40   --      --         
cp_ctrl[657]   out     0.1000   0.0000    0.40   --      --         
cp_ctrl[658]   out     0.1000   0.0000    0.40   --      --         
cp_ctrl[659]   out     0.1000   0.0000    0.40   --      --         
cp_ctrl[660]   out     0.1000   0.0000    0.40   --      --         
cp_ctrl[661]   out     0.1000   0.0000    0.40   --      --         
cp_ctrl[662]   out     0.1000   0.0000    0.40   --      --         
cp_ctrl[663]   out     0.1000   0.0000    0.40   --      --         
cp_ctrl[664]   out     0.1000   0.0000    0.40   --      --         
cp_ctrl[665]   out     0.1000   0.0000    0.40   --      --         
cp_ctrl[666]   out     0.1000   0.0000    0.40   --      --         
cp_ctrl[667]   out     0.1000   0.0000    0.40   --      --         
cp_ctrl[668]   out     0.1000   0.0000    0.40   --      --         
cp_ctrl[669]   out     0.1000   0.0000    0.40   --      --         
cp_ctrl[670]   out     0.1000   0.0000    0.40   --      --         
cp_ctrl[671]   out     0.1000   0.0000    0.40   --      --         
cp_ctrl[672]   out     0.1000   0.0000    0.40   --      --         
cp_ctrl[673]   out     0.1000   0.0000    0.40   --      --         
cp_ctrl[674]   out     0.1000   0.0000    0.40   --      --         
cp_ctrl[675]   out     0.1000   0.0000    0.40   --      --         
cp_ctrl[676]   out     0.1000   0.0000    0.40   --      --         
cp_ctrl[677]   out     0.1000   0.0000    0.40   --      --         
cp_ctrl[678]   out     0.1000   0.0000    0.40   --      --         
cp_ctrl[679]   out     0.1000   0.0000    0.40   --      --         
cp_ctrl[680]   out     0.1000   0.0000    0.40   --      --         
cp_ctrl[681]   out     0.1000   0.0000    0.40   --      --         
cp_ctrl[682]   out     0.1000   0.0000    0.40   --      --         
cp_ctrl[683]   out     0.1000   0.0000    0.40   --      --         
cp_ctrl[684]   out     0.1000   0.0000    0.40   --      --         
cp_ctrl[685]   out     0.1000   0.0000    0.40   --      --         
cp_ctrl[686]   out     0.1000   0.0000    0.40   --      --         
cp_ctrl[687]   out     0.1000   0.0000    0.40   --      --         
cp_ctrl[688]   out     0.1000   0.0000    0.40   --      --         
cp_ctrl[689]   out     0.1000   0.0000    0.40   --      --         
cp_ctrl[690]   out     0.1000   0.0000    0.40   --      --         
cp_ctrl[691]   out     0.1000   0.0000    0.40   --      --         
cp_ctrl[692]   out     0.1000   0.0000    0.40   --      --         
cp_ctrl[693]   out     0.1000   0.0000    0.40   --      --         
cp_ctrl[694]   out     0.1000   0.0000    0.40   --      --         
cp_ctrl[695]   out     0.1000   0.0000    0.40   --      --         
cp_ctrl[696]   out     0.1000   0.0000    0.40   --      --         
cp_ctrl[697]   out     0.1000   0.0000    0.40   --      --         
cp_ctrl[698]   out     0.1000   0.0000    0.40   --      --         
cp_ctrl[699]   out     0.1000   0.0000    0.40   --      --         
cp_ctrl[700]   out     0.1000   0.0000    0.40   --      --         
cp_ctrl[701]   out     0.1000   0.0000    0.40   --      --         
cp_ctrl[702]   out     0.1000   0.0000    0.40   --      --         
cp_ctrl[703]   out     0.1000   0.0000    0.40   --      --         
cp_ctrl[704]   out     0.1000   0.0000    0.40   --      --         
cp_ctrl[705]   out     0.1000   0.0000    0.40   --      --         
cp_ctrl[706]   out     0.1000   0.0000    0.40   --      --         
cp_ctrl[707]   out     0.1000   0.0000    0.40   --      --         
cp_ctrl[708]   out     0.1000   0.0000    0.40   --      --         
cp_ctrl[709]   out     0.1000   0.0000    0.40   --      --         
cp_ctrl[710]   out     0.1000   0.0000    0.40   --      --         
cp_ctrl[711]   out     0.1000   0.0000    0.40   --      --         
cp_ctrl[712]   out     0.1000   0.0000    0.40   --      --         
cp_ctrl[713]   out     0.1000   0.0000    0.40   --      --         
cp_ctrl[714]   out     0.1000   0.0000    0.40   --      --         
cp_ctrl[715]   out     0.1000   0.0000    0.40   --      --         
cp_ctrl[716]   out     0.1000   0.0000    0.40   --      --         
cp_ctrl[717]   out     0.1000   0.0000    0.40   --      --         
cp_ctrl[718]   out     0.1000   0.0000    0.40   --      --         
cp_ctrl[719]   out     0.1000   0.0000    0.40   --      --         
cp_ctrl[720]   out     0.1000   0.0000    0.40   --      --         
cp_ctrl[721]   out     0.1000   0.0000    0.40   --      --         
cp_ctrl[722]   out     0.1000   0.0000    0.40   --      --         
cp_ctrl[723]   out     0.1000   0.0000    0.40   --      --         
cp_ctrl[724]   out     0.1000   0.0000    0.40   --      --         
cp_ctrl[725]   out     0.1000   0.0000    0.40   --      --         
cp_ctrl[726]   out     0.1000   0.0000    0.40   --      --         
cp_ctrl[727]   out     0.1000   0.0000    0.40   --      --         
cp_ctrl[728]   out     0.1000   0.0000    0.40   --      --         
cp_ctrl[729]   out     0.1000   0.0000    0.40   --      --         
cp_ctrl[730]   out     0.1000   0.0000    0.40   --      --         
cp_ctrl[731]   out     0.1000   0.0000    0.40   --      --         
cp_ctrl[732]   out     0.1000   0.0000    0.40   --      --         
cp_ctrl[733]   out     0.1000   0.0000    0.40   --      --         
cp_ctrl[734]   out     0.1000   0.0000    0.40   --      --         
cp_ctrl[735]   out     0.1000   0.0000    0.40   --      --         
cp_ctrl[736]   out     0.1000   0.0000    0.40   --      --         
cp_ctrl[737]   out     0.1000   0.0000    0.40   --      --         
cp_ctrl[738]   out     0.1000   0.0000    0.40   --      --         
cp_ctrl[739]   out     0.1000   0.0000    0.40   --      --         
cp_ctrl[740]   out     0.1000   0.0000    0.40   --      --         
cp_ctrl[741]   out     0.1000   0.0000    0.40   --      --         
cp_ctrl[742]   out     0.1000   0.0000    0.40   --      --         
cp_ctrl[743]   out     0.1000   0.0000    0.40   --      --         
cp_ctrl[744]   out     0.1000   0.0000    0.40   --      --         
cp_ctrl[745]   out     0.1000   0.0000    0.40   --      --         
cp_ctrl[746]   out     0.1000   0.0000    0.40   --      --         
cp_ctrl[747]   out     0.1000   0.0000    0.40   --      --         
cp_ctrl[748]   out     0.1000   0.0000    0.40   --      --         
cp_ctrl[749]   out     0.1000   0.0000    0.40   --      --         
cp_ctrl[750]   out     0.1000   0.0000    0.40   --      --         
cp_ctrl[751]   out     0.1000   0.0000    0.40   --      --         
cp_ctrl[752]   out     0.1000   0.0000    0.40   --      --         
cp_ctrl[753]   out     0.1000   0.0000    0.40   --      --         
cp_ctrl[754]   out     0.1000   0.0000    0.40   --      --         
cp_ctrl[755]   out     0.1000   0.0000    0.40   --      --         
cp_ctrl[756]   out     0.1000   0.0000    0.40   --      --         
cp_ctrl[757]   out     0.1000   0.0000    0.40   --      --         
cp_ctrl[758]   out     0.1000   0.0000    0.40   --      --         
cp_ctrl[759]   out     0.1000   0.0000    0.40   --      --         
cp_ctrl[760]   out     0.1000   0.0000    0.40   --      --         
cp_ctrl[761]   out     0.1000   0.0000    0.40   --      --         
cp_ctrl[762]   out     0.1000   0.0000    0.40   --      --         
cp_ctrl[763]   out     0.1000   0.0000    0.40   --      --         
cp_ctrl[764]   out     0.1000   0.0000    0.40   --      --         
cp_ctrl[765]   out     0.1000   0.0000    0.40   --      --         
cp_ctrl[766]   out     0.1000   0.0000    0.40   --      --         
cp_ctrl[767]   out     0.1000   0.0000    0.40   --      --         
cp_ctrl[768]   out     0.1000   0.0000    0.40   --      --         
cp_ctrl[769]   out     0.1000   0.0000    0.40   --      --         
cp_ctrl[770]   out     0.1000   0.0000    0.40   --      --         
cp_ctrl[771]   out     0.1000   0.0000    0.40   --      --         
cp_ctrl[772]   out     0.1000   0.0000    0.40   --      --         
cp_ctrl[773]   out     0.1000   0.0000    0.40   --      --         
cp_ctrl[774]   out     0.1000   0.0000    0.40   --      --         
cp_ctrl[775]   out     0.1000   0.0000    0.40   --      --         
cp_ctrl[776]   out     0.1000   0.0000    0.40   --      --         
cp_ctrl[777]   out     0.1000   0.0000    0.40   --      --         
cp_ctrl[778]   out     0.1000   0.0000    0.40   --      --         
cp_ctrl[779]   out     0.1000   0.0000    0.40   --      --         
cp_ctrl[780]   out     0.1000   0.0000    0.40   --      --         
cp_ctrl[781]   out     0.1000   0.0000    0.40   --      --         
cp_ctrl[782]   out     0.1000   0.0000    0.40   --      --         
cp_ctrl[783]   out     0.1000   0.0000    0.40   --      --         
cp_ctrl[784]   out     0.1000   0.0000    0.40   --      --         
cp_ctrl[785]   out     0.1000   0.0000    0.40   --      --         
cp_ctrl[786]   out     0.1000   0.0000    0.40   --      --         
cp_ctrl[787]   out     0.1000   0.0000    0.40   --      --         
cp_ctrl[788]   out     0.1000   0.0000    0.40   --      --         
cp_ctrl[789]   out     0.1000   0.0000    0.40   --      --         
cp_ctrl[790]   out     0.1000   0.0000    0.40   --      --         
cp_ctrl[791]   out     0.1000   0.0000    0.40   --      --         
cp_ctrl[792]   out     0.1000   0.0000    0.40   --      --         
cp_ctrl[793]   out     0.1000   0.0000    0.40   --      --         
cp_ctrl[794]   out     0.1000   0.0000    0.40   --      --         
cp_ctrl[795]   out     0.1000   0.0000    0.40   --      --         
cp_ctrl[796]   out     0.1000   0.0000    0.40   --      --         
cp_ctrl[797]   out     0.1000   0.0000    0.40   --      --         
cp_ctrl[798]   out     0.1000   0.0000    0.40   --      --         
cp_ctrl[799]   out     0.1000   0.0000    0.40   --      --         
cp_ctrl[800]   out     0.1000   0.0000    0.40   --      --         
cp_ctrl[801]   out     0.1000   0.0000    0.40   --      --         
cp_ctrl[802]   out     0.1000   0.0000    0.40   --      --         
cp_ctrl[803]   out     0.1000   0.0000    0.40   --      --         
cp_ctrl[804]   out     0.1000   0.0000    0.40   --      --         
cp_ctrl[805]   out     0.1000   0.0000    0.40   --      --         
cp_ctrl[806]   out     0.1000   0.0000    0.40   --      --         
cp_ctrl[807]   out     0.1000   0.0000    0.40   --      --         
cp_ctrl[808]   out     0.1000   0.0000    0.40   --      --         
cp_ctrl[809]   out     0.1000   0.0000    0.40   --      --         
cp_ctrl[810]   out     0.1000   0.0000    0.40   --      --         
cp_ctrl[811]   out     0.1000   0.0000    0.40   --      --         
cp_ctrl[812]   out     0.1000   0.0000    0.40   --      --         
cp_ctrl[813]   out     0.1000   0.0000    0.40   --      --         
cp_ctrl[814]   out     0.1000   0.0000    0.40   --      --         
cp_ctrl[815]   out     0.1000   0.0000    0.40   --      --         
cp_ctrl[816]   out     0.1000   0.0000    0.40   --      --         
cp_ctrl[817]   out     0.1000   0.0000    0.40   --      --         
cp_ctrl[818]   out     0.1000   0.0000    0.40   --      --         
cp_ctrl[819]   out     0.1000   0.0000    0.40   --      --         
cp_ctrl[820]   out     0.1000   0.0000    0.40   --      --         
cp_ctrl[821]   out     0.1000   0.0000    0.40   --      --         
cp_ctrl[822]   out     0.1000   0.0000    0.40   --      --         
cp_ctrl[823]   out     0.1000   0.0000    0.40   --      --         
cp_ctrl[824]   out     0.1000   0.0000    0.40   --      --         
cp_ctrl[825]   out     0.1000   0.0000    0.40   --      --         
cp_ctrl[826]   out     0.1000   0.0000    0.40   --      --         
cp_ctrl[827]   out     0.1000   0.0000    0.40   --      --         
cp_ctrl[828]   out     0.1000   0.0000    0.40   --      --         
cp_ctrl[829]   out     0.1000   0.0000    0.40   --      --         
cp_ctrl[830]   out     0.1000   0.0000    0.40   --      --         
cp_ctrl[831]   out     0.1000   0.0000    0.40   --      --         
cp_ctrl[832]   out     0.1000   0.0000    0.40   --      --         
cp_ctrl[833]   out     0.1000   0.0000    0.40   --      --         
cp_ctrl[834]   out     0.1000   0.0000    0.40   --      --         
cp_ctrl[835]   out     0.1000   0.0000    0.40   --      --         
cp_ctrl[836]   out     0.1000   0.0000    0.40   --      --         
cp_ctrl[837]   out     0.1000   0.0000    0.40   --      --         
cp_ctrl[838]   out     0.1000   0.0000    0.40   --      --         
cp_ctrl[839]   out     0.1000   0.0000    0.40   --      --         
cp_ctrl[840]   out     0.1000   0.0000    0.40   --      --         
cp_ctrl[841]   out     0.1000   0.0000    0.40   --      --         
cp_ctrl[842]   out     0.1000   0.0000    0.40   --      --         
cp_ctrl[843]   out     0.1000   0.0000    0.40   --      --         
cp_ctrl[844]   out     0.1000   0.0000    0.40   --      --         
cp_ctrl[845]   out     0.1000   0.0000    0.40   --      --         
cp_ctrl[846]   out     0.1000   0.0000    0.40   --      --         
cp_ctrl[847]   out     0.1000   0.0000    0.40   --      --         
cp_ctrl[848]   out     0.1000   0.0000    0.40   --      --         
cp_ctrl[849]   out     0.1000   0.0000    0.40   --      --         
cp_ctrl[850]   out     0.1000   0.0000    0.40   --      --         
cp_ctrl[851]   out     0.1000   0.0000    0.40   --      --         
cp_ctrl[852]   out     0.1000   0.0000    0.40   --      --         
cp_ctrl[853]   out     0.1000   0.0000    0.40   --      --         
cp_ctrl[854]   out     0.1000   0.0000    0.40   --      --         
cp_ctrl[855]   out     0.1000   0.0000    0.40   --      --         
cp_ctrl[856]   out     0.1000   0.0000    0.40   --      --         
cp_ctrl[857]   out     0.1000   0.0000    0.40   --      --         
cp_ctrl[858]   out     0.1000   0.0000    0.40   --      --         
cp_ctrl[859]   out     0.1000   0.0000    0.40   --      --         
cp_ctrl[860]   out     0.1000   0.0000    0.40   --      --         
cp_ctrl[861]   out     0.1000   0.0000    0.40   --      --         
cp_ctrl[862]   out     0.1000   0.0000    0.40   --      --         
cp_ctrl[863]   out     0.1000   0.0000    0.40   --      --         
cp_ctrl[864]   out     0.1000   0.0000    0.40   --      --         
cp_ctrl[865]   out     0.1000   0.0000    0.40   --      --         
cp_ctrl[866]   out     0.1000   0.0000    0.40   --      --         
cp_ctrl[867]   out     0.1000   0.0000    0.40   --      --         
cp_ctrl[868]   out     0.1000   0.0000    0.40   --      --         
cp_ctrl[869]   out     0.1000   0.0000    0.40   --      --         
cp_ctrl[870]   out     0.1000   0.0000    0.40   --      --         
cp_ctrl[871]   out     0.1000   0.0000    0.40   --      --         
cp_ctrl[872]   out     0.1000   0.0000    0.40   --      --         
cp_ctrl[873]   out     0.1000   0.0000    0.40   --      --         
cp_ctrl[874]   out     0.1000   0.0000    0.40   --      --         
cp_ctrl[875]   out     0.1000   0.0000    0.40   --      --         
cp_ctrl[876]   out     0.1000   0.0000    0.40   --      --         
cp_ctrl[877]   out     0.1000   0.0000    0.40   --      --         
cp_ctrl[878]   out     0.1000   0.0000    0.40   --      --         
cp_ctrl[879]   out     0.1000   0.0000    0.40   --      --         
cp_ctrl[880]   out     0.1000   0.0000    0.40   --      --         
cp_ctrl[881]   out     0.1000   0.0000    0.40   --      --         
cp_ctrl[882]   out     0.1000   0.0000    0.40   --      --         
cp_ctrl[883]   out     0.1000   0.0000    0.40   --      --         
cp_ctrl[884]   out     0.1000   0.0000    0.40   --      --         
cp_ctrl[885]   out     0.1000   0.0000    0.40   --      --         
cp_ctrl[886]   out     0.1000   0.0000    0.40   --      --         
cp_ctrl[887]   out     0.1000   0.0000    0.40   --      --         
cp_ctrl[888]   out     0.1000   0.0000    0.40   --      --         
cp_ctrl[889]   out     0.1000   0.0000    0.40   --      --         
cp_ctrl[890]   out     0.1000   0.0000    0.40   --      --         
cp_ctrl[891]   out     0.1000   0.0000    0.40   --      --         
cp_ctrl[892]   out     0.1000   0.0000    0.40   --      --         
cp_ctrl[893]   out     0.1000   0.0000    0.40   --      --         
cp_ctrl[894]   out     0.1000   0.0000    0.40   --      --         
cp_ctrl[895]   out     0.1000   0.0000    0.40   --      --         
cp_ctrl[896]   out     0.1000   0.0000    0.40   --      --         
cp_ctrl[897]   out     0.1000   0.0000    0.40   --      --         
cp_ctrl[898]   out     0.1000   0.0000    0.40   --      --         
cp_ctrl[899]   out     0.1000   0.0000    0.40   --      --         
cp_ctrl[900]   out     0.1000   0.0000    0.40   --      --         
cp_ctrl[901]   out     0.1000   0.0000    0.40   --      --         
cp_ctrl[902]   out     0.1000   0.0000    0.40   --      --         
cp_ctrl[903]   out     0.1000   0.0000    0.40   --      --         
cp_ctrl[904]   out     0.1000   0.0000    0.40   --      --         
cp_ctrl[905]   out     0.1000   0.0000    0.40   --      --         
cp_ctrl[906]   out     0.1000   0.0000    0.40   --      --         
cp_ctrl[907]   out     0.1000   0.0000    0.40   --      --         
cp_ctrl[908]   out     0.1000   0.0000    0.40   --      --         
cp_ctrl[909]   out     0.1000   0.0000    0.40   --      --         
cp_ctrl[910]   out     0.1000   0.0000    0.40   --      --         
cp_ctrl[911]   out     0.1000   0.0000    0.40   --      --         
cp_ctrl[912]   out     0.1000   0.0000    0.40   --      --         
cp_ctrl[913]   out     0.1000   0.0000    0.40   --      --         
cp_ctrl[914]   out     0.1000   0.0000    0.40   --      --         
cp_ctrl[915]   out     0.1000   0.0000    0.40   --      --         
cp_ctrl[916]   out     0.1000   0.0000    0.40   --      --         
cp_ctrl[917]   out     0.1000   0.0000    0.40   --      --         
cp_ctrl[918]   out     0.1000   0.0000    0.40   --      --         
cp_ctrl[919]   out     0.1000   0.0000    0.40   --      --         
cp_ctrl[920]   out     0.1000   0.0000    0.40   --      --         
cp_ctrl[921]   out     0.1000   0.0000    0.40   --      --         
cp_ctrl[922]   out     0.1000   0.0000    0.40   --      --         
cp_ctrl[923]   out     0.1000   0.0000    0.40   --      --         
cp_ctrl[924]   out     0.1000   0.0000    0.40   --      --         
cp_ctrl[925]   out     0.1000   0.0000    0.40   --      --         
cp_ctrl[926]   out     0.1000   0.0000    0.40   --      --         
cp_ctrl[927]   out     0.1000   0.0000    0.40   --      --         
cp_ctrl[928]   out     0.1000   0.0000    0.40   --      --         
cp_ctrl[929]   out     0.1000   0.0000    0.40   --      --         
cp_ctrl[930]   out     0.1000   0.0000    0.40   --      --         
cp_ctrl[931]   out     0.1000   0.0000    0.40   --      --         
cp_ctrl[932]   out     0.1000   0.0000    0.40   --      --         
cp_ctrl[933]   out     0.1000   0.0000    0.40   --      --         
cp_ctrl[934]   out     0.1000   0.0000    0.40   --      --         
cp_ctrl[935]   out     0.1000   0.0000    0.40   --      --         
cp_ctrl[936]   out     0.1000   0.0000    0.40   --      --         
cp_ctrl[937]   out     0.1000   0.0000    0.40   --      --         
cp_ctrl[938]   out     0.1000   0.0000    0.40   --      --         
cp_ctrl[939]   out     0.1000   0.0000    0.40   --      --         
cp_ctrl[940]   out     0.1000   0.0000    0.40   --      --         
cp_ctrl[941]   out     0.1000   0.0000    0.40   --      --         
cp_ctrl[942]   out     0.1000   0.0000    0.40   --      --         
cp_ctrl[943]   out     0.1000   0.0000    0.40   --      --         
cp_ctrl[944]   out     0.1000   0.0000    0.40   --      --         
cp_ctrl[945]   out     0.1000   0.0000    0.40   --      --         
cp_ctrl[946]   out     0.1000   0.0000    0.40   --      --         
cp_ctrl[947]   out     0.1000   0.0000    0.40   --      --         
cp_ctrl[948]   out     0.1000   0.0000    0.40   --      --         
cp_ctrl[949]   out     0.1000   0.0000    0.40   --      --         
cp_ctrl[950]   out     0.1000   0.0000    0.40   --      --         
cp_ctrl[951]   out     0.1000   0.0000    0.40   --      --         
cp_ctrl[952]   out     0.1000   0.0000    0.40   --      --         
cp_ctrl[953]   out     0.1000   0.0000    0.40   --      --         
cp_ctrl[954]   out     0.1000   0.0000    0.40   --      --         
cp_ctrl[955]   out     0.1000   0.0000    0.40   --      --         
cp_ctrl[956]   out     0.1000   0.0000    0.40   --      --         
cp_ctrl[957]   out     0.1000   0.0000    0.40   --      --         
cp_ctrl[958]   out     0.1000   0.0000    0.40   --      --         
cp_ctrl[959]   out     0.1000   0.0000    0.40   --      --         
cp_ctrl[960]   out     0.1000   0.0000    0.40   --      --         
cp_ctrl[961]   out     0.1000   0.0000    0.40   --      --         
cp_ctrl[962]   out     0.1000   0.0000    0.40   --      --         
cp_ctrl[963]   out     0.1000   0.0000    0.40   --      --         
cp_ctrl[964]   out     0.1000   0.0000    0.40   --      --         
cp_ctrl[965]   out     0.1000   0.0000    0.40   --      --         
cp_ctrl[966]   out     0.1000   0.0000    0.40   --      --         
cp_ctrl[967]   out     0.1000   0.0000    0.40   --      --         
cp_ctrl[968]   out     0.1000   0.0000    0.40   --      --         
cp_ctrl[969]   out     0.1000   0.0000    0.40   --      --         
cp_ctrl[970]   out     0.1000   0.0000    0.40   --      --         
cp_ctrl[971]   out     0.1000   0.0000    0.40   --      --         
cp_ctrl[972]   out     0.1000   0.0000    0.40   --      --         
cp_ctrl[973]   out     0.1000   0.0000    0.40   --      --         
cp_ctrl[974]   out     0.1000   0.0000    0.40   --      --         
cp_ctrl[975]   out     0.1000   0.0000    0.40   --      --         
cp_ctrl[976]   out     0.1000   0.0000    0.40   --      --         
cp_ctrl[977]   out     0.1000   0.0000    0.40   --      --         
cp_ctrl[978]   out     0.1000   0.0000    0.40   --      --         
cp_ctrl[979]   out     0.1000   0.0000    0.40   --      --         
cp_ctrl[980]   out     0.1000   0.0000    0.40   --      --         
cp_ctrl[981]   out     0.1000   0.0000    0.40   --      --         
cp_ctrl[982]   out     0.1000   0.0000    0.40   --      --         
cp_ctrl[983]   out     0.1000   0.0000    0.40   --      --         
cp_ctrl[984]   out     0.1000   0.0000    0.40   --      --         
cp_ctrl[985]   out     0.1000   0.0000    0.40   --      --         
cp_ctrl[986]   out     0.1000   0.0000    0.40   --      --         
cp_ctrl[987]   out     0.1000   0.0000    0.40   --      --         
cp_ctrl[988]   out     0.1000   0.0000    0.40   --      --         
cp_ctrl[989]   out     0.1000   0.0000    0.40   --      --         
cp_ctrl[990]   out     0.1000   0.0000    0.40   --      --         
cp_ctrl[991]   out     0.1000   0.0000    0.40   --      --         
cp_ctrl[992]   out     0.1000   0.0000    0.40   --      --         
cp_ctrl[993]   out     0.1000   0.0000    0.40   --      --         
cp_ctrl[994]   out     0.1000   0.0000    0.40   --      --         
cp_ctrl[995]   out     0.1000   0.0000    0.40   --      --         
cp_ctrl[996]   out     0.1000   0.0000    0.40   --      --         
cp_ctrl[997]   out     0.1000   0.0000    0.40   --      --         
cp_ctrl[998]   out     0.1000   0.0000    0.40   --      --         
cp_ctrl[999]   out     0.1000   0.0000    0.40   --      --         
cp_ctrl[1000]  out     0.1000   0.0000    0.40   --      --         
cp_ctrl[1001]  out     0.1000   0.0000    0.40   --      --         
cp_ctrl[1002]  out     0.1000   0.0000    0.40   --      --         
cp_ctrl[1003]  out     0.1000   0.0000    0.40   --      --         
cp_ctrl[1004]  out     0.1000   0.0000    0.40   --      --         
cp_ctrl[1005]  out     0.1000   0.0000    0.40   --      --         
cp_ctrl[1006]  out     0.1000   0.0000    0.40   --      --         
cp_ctrl[1007]  out     0.1000   0.0000    0.40   --      --         
cp_ctrl[1008]  out     0.1000   0.0000    0.40   --      --         
cp_ctrl[1009]  out     0.1000   0.0000    0.40   --      --         
cp_ctrl[1010]  out     0.1000   0.0000    0.40   --      --         
cp_ctrl[1011]  out     0.1000   0.0000    0.40   --      --         
cp_ctrl[1012]  out     0.1000   0.0000    0.40   --      --         
cp_ctrl[1013]  out     0.1000   0.0000    0.40   --      --         
cp_ctrl[1014]  out     0.1000   0.0000    0.40   --      --         
cp_ctrl[1015]  out     0.1000   0.0000    0.40   --      --         
cp_ctrl[1016]  out     0.1000   0.0000    0.40   --      --         
cp_ctrl[1017]  out     0.1000   0.0000    0.40   --      --         
cp_ctrl[1018]  out     0.1000   0.0000    0.40   --      --         
cp_ctrl[1019]  out     0.1000   0.0000    0.40   --      --         
cp_ctrl[1020]  out     0.1000   0.0000    0.40   --      --         
cp_ctrl[1021]  out     0.1000   0.0000    0.40   --      --         
cp_ctrl[1022]  out     0.1000   0.0000    0.40   --      --         
cp_ctrl[1023]  out     0.1000   0.0000    0.40   --      --         
cp_ctrl[1024]  out     0.1000   0.0000    0.40   --      --         
cp_ctrl[1025]  out     0.1000   0.0000    0.40   --      --         
cp_ctrl[1026]  out     0.1000   0.0000    0.40   --      --         
cp_ctrl[1027]  out     0.1000   0.0000    0.40   --      --         
cp_ctrl[1028]  out     0.1000   0.0000    0.40   --      --         
cp_ctrl[1029]  out     0.1000   0.0000    0.40   --      --         
cp_ctrl[1030]  out     0.1000   0.0000    0.40   --      --         
cp_ctrl[1031]  out     0.1000   0.0000    0.40   --      --         
cp_ctrl[1032]  out     0.1000   0.0000    0.40   --      --         
cp_ctrl[1033]  out     0.1000   0.0000    0.40   --      --         
cp_ctrl[1034]  out     0.1000   0.0000    0.40   --      --         
cp_ctrl[1035]  out     0.1000   0.0000    0.40   --      --         
cp_ctrl[1036]  out     0.1000   0.0000    0.40   --      --         
cp_ctrl[1037]  out     0.1000   0.0000    0.40   --      --         
cp_ctrl[1038]  out     0.1000   0.0000    0.40   --      --         
cp_ctrl[1039]  out     0.1000   0.0000    0.40   --      --         
cp_ctrl[1040]  out     0.1000   0.0000    0.40   --      --         
cp_ctrl[1041]  out     0.1000   0.0000    0.40   --      --         
cp_ctrl[1042]  out     0.1000   0.0000    0.40   --      --         
cp_ctrl[1043]  out     0.1000   0.0000    0.40   --      --         
cp_ctrl[1044]  out     0.1000   0.0000    0.40   --      --         
cp_ctrl[1045]  out     0.1000   0.0000    0.40   --      --         
cp_ctrl[1046]  out     0.1000   0.0000    0.40   --      --         
cp_ctrl[1047]  out     0.1000   0.0000    0.40   --      --         
cp_ctrl[1048]  out     0.1000   0.0000    0.40   --      --         
cp_ctrl[1049]  out     0.1000   0.0000    0.40   --      --         
cp_ctrl[1050]  out     0.1000   0.0000    0.40   --      --         
cp_ctrl[1051]  out     0.1000   0.0000    0.40   --      --         
cp_ctrl[1052]  out     0.1000   0.0000    0.40   --      --         
cp_ctrl[1053]  out     0.1000   0.0000    0.40   --      --         
cp_ctrl[1054]  out     0.1000   0.0000    0.40   --      --         
cp_ctrl[1055]  out     0.1000   0.0000    0.40   --      --         
cp_ctrl[1056]  out     0.1000   0.0000    0.40   --      --         
cp_ctrl[1057]  out     0.1000   0.0000    0.40   --      --         
cp_ctrl[1058]  out     0.1000   0.0000    0.40   --      --         
cp_ctrl[1059]  out     0.1000   0.0000    0.40   --      --         
cp_ctrl[1060]  out     0.1000   0.0000    0.40   --      --         
cp_ctrl[1061]  out     0.1000   0.0000    0.40   --      --         
cp_ctrl[1062]  out     0.1000   0.0000    0.40   --      --         
cp_ctrl[1063]  out     0.1000   0.0000    0.40   --      --         
cp_ctrl[1064]  out     0.1000   0.0000    0.40   --      --         
cp_ctrl[1065]  out     0.1000   0.0000    0.40   --      --         
cp_ctrl[1066]  out     0.1000   0.0000    0.40   --      --         
cp_ctrl[1067]  out     0.1000   0.0000    0.40   --      --         
cp_ctrl[1068]  out     0.1000   0.0000    0.40   --      --         
cp_ctrl[1069]  out     0.1000   0.0000    0.40   --      --         
cp_ctrl[1070]  out     0.1000   0.0000    0.40   --      --         
cp_ctrl[1071]  out     0.1000   0.0000    0.40   --      --         
cp_ctrl[1072]  out     0.1000   0.0000    0.40   --      --         
cp_ctrl[1073]  out     0.1000   0.0000    0.40   --      --         
cp_ctrl[1074]  out     0.1000   0.0000    0.40   --      --         
cp_ctrl[1075]  out     0.1000   0.0000    0.40   --      --         
cp_ctrl[1076]  out     0.1000   0.0000    0.40   --      --         
cp_ctrl[1077]  out     0.1000   0.0000    0.40   --      --         
cp_ctrl[1078]  out     0.1000   0.0000    0.40   --      --         
cp_ctrl[1079]  out     0.1000   0.0000    0.40   --      --         
cp_ctrl[1080]  out     0.1000   0.0000    0.40   --      --         
cp_ctrl[1081]  out     0.1000   0.0000    0.40   --      --         
cp_ctrl[1082]  out     0.1000   0.0000    0.40   --      --         
cp_ctrl[1083]  out     0.1000   0.0000    0.40   --      --         
cp_ctrl[1084]  out     0.1000   0.0000    0.40   --      --         
cp_ctrl[1085]  out     0.1000   0.0000    0.40   --      --         
cp_ctrl[1086]  out     0.1000   0.0000    0.40   --      --         
cp_ctrl[1087]  out     0.1000   0.0000    0.40   --      --         
cp_ctrl[1088]  out     0.1000   0.0000    0.40   --      --         
cp_ctrl[1089]  out     0.1000   0.0000    0.40   --      --         
cp_ctrl[1090]  out     0.1000   0.0000    0.40   --      --         
cp_ctrl[1091]  out     0.1000   0.0000    0.40   --      --         
cp_ctrl[1092]  out     0.1000   0.0000    0.40   --      --         
cp_ctrl[1093]  out     0.1000   0.0000    0.40   --      --         
cp_ctrl[1094]  out     0.1000   0.0000    0.40   --      --         
cp_ctrl[1095]  out     0.1000   0.0000    0.40   --      --         
cp_ctrl[1096]  out     0.1000   0.0000    0.40   --      --         
cp_ctrl[1097]  out     0.1000   0.0000    0.40   --      --         
cp_ctrl[1098]  out     0.1000   0.0000    0.40   --      --         
cp_ctrl[1099]  out     0.1000   0.0000    0.40   --      --         
cp_ctrl[1100]  out     0.1000   0.0000    0.40   --      --         
cp_ctrl[1101]  out     0.1000   0.0000    0.40   --      --         
cp_ctrl[1102]  out     0.1000   0.0000    0.40   --      --         
cp_ctrl[1103]  out     0.1000   0.0000    0.40   --      --         
cp_ctrl[1104]  out     0.1000   0.0000    0.40   --      --         
cp_ctrl[1105]  out     0.1000   0.0000    0.40   --      --         
cp_ctrl[1106]  out     0.1000   0.0000    0.40   --      --         
cp_ctrl[1107]  out     0.1000   0.0000    0.40   --      --         
cp_ctrl[1108]  out     0.1000   0.0000    0.40   --      --         
cp_ctrl[1109]  out     0.1000   0.0000    0.40   --      --         
cp_ctrl[1110]  out     0.1000   0.0000    0.40   --      --         
cp_ctrl[1111]  out     0.1000   0.0000    0.40   --      --         
cp_ctrl[1112]  out     0.1000   0.0000    0.40   --      --         
cp_ctrl[1113]  out     0.1000   0.0000    0.40   --      --         
cp_ctrl[1114]  out     0.1000   0.0000    0.40   --      --         
cp_ctrl[1115]  out     0.1000   0.0000    0.40   --      --         
cp_ctrl[1116]  out     0.1000   0.0000    0.40   --      --         
cp_ctrl[1117]  out     0.1000   0.0000    0.40   --      --         
cp_ctrl[1118]  out     0.1000   0.0000    0.40   --      --         
cp_ctrl[1119]  out     0.1000   0.0000    0.40   --      --         
cp_ctrl[1120]  out     0.1000   0.0000    0.40   --      --         
cp_ctrl[1121]  out     0.1000   0.0000    0.40   --      --         
cp_ctrl[1122]  out     0.1000   0.0000    0.40   --      --         
cp_ctrl[1123]  out     0.1000   0.0000    0.40   --      --         
cp_ctrl[1124]  out     0.1000   0.0000    0.40   --      --         
cp_ctrl[1125]  out     0.1000   0.0000    0.40   --      --         
cp_ctrl[1126]  out     0.1000   0.0000    0.40   --      --         
cp_ctrl[1127]  out     0.1000   0.0000    0.40   --      --         
cp_ctrl[1128]  out     0.1000   0.0000    0.40   --      --         
cp_ctrl[1129]  out     0.1000   0.0000    0.40   --      --         
cp_ctrl[1130]  out     0.1000   0.0000    0.40   --      --         
cp_ctrl[1131]  out     0.1000   0.0000    0.40   --      --         
cp_ctrl[1132]  out     0.1000   0.0000    0.40   --      --         
cp_ctrl[1133]  out     0.1000   0.0000    0.40   --      --         
cp_ctrl[1134]  out     0.1000   0.0000    0.40   --      --         
cp_ctrl[1135]  out     0.1000   0.0000    0.40   --      --         
cp_ctrl[1136]  out     0.1000   0.0000    0.40   --      --         
cp_ctrl[1137]  out     0.1000   0.0000    0.40   --      --         
cp_ctrl[1138]  out     0.1000   0.0000    0.40   --      --         
cp_ctrl[1139]  out     0.1000   0.0000    0.40   --      --         
cp_ctrl[1140]  out     0.1000   0.0000    0.40   --      --         
cp_ctrl[1141]  out     0.1000   0.0000    0.40   --      --         
cp_ctrl[1142]  out     0.1000   0.0000    0.40   --      --         
cp_ctrl[1143]  out     0.1000   0.0000    0.40   --      --         
cp_ctrl[1144]  out     0.1000   0.0000    0.40   --      --         
cp_ctrl[1145]  out     0.1000   0.0000    0.40   --      --         
cp_ctrl[1146]  out     0.1000   0.0000    0.40   --      --         
cp_ctrl[1147]  out     0.1000   0.0000    0.40   --      --         
cp_ctrl[1148]  out     0.1000   0.0000    0.40   --      --         
cp_ctrl[1149]  out     0.1000   0.0000    0.40   --      --         
cp_ctrl[1150]  out     0.1000   0.0000    0.40   --      --         
cp_ctrl[1151]  out     0.1000   0.0000    0.40   --      --         
cp_ctrl[1152]  out     0.1000   0.0000    0.40   --      --         
cp_ctrl[1153]  out     0.1000   0.0000    0.40   --      --         
cp_ctrl[1154]  out     0.1000   0.0000    0.40   --      --         
cp_ctrl[1155]  out     0.1000   0.0000    0.40   --      --         
cp_ctrl[1156]  out     0.1000   0.0000    0.40   --      --         
cp_ctrl[1157]  out     0.1000   0.0000    0.40   --      --         
cp_ctrl[1158]  out     0.1000   0.0000    0.40   --      --         
cp_ctrl[1159]  out     0.1000   0.0000    0.40   --      --         
cp_ctrl[1160]  out     0.1000   0.0000    0.40   --      --         
cp_ctrl[1161]  out     0.1000   0.0000    0.40   --      --         
cp_ctrl[1162]  out     0.1000   0.0000    0.40   --      --         
cp_ctrl[1163]  out     0.1000   0.0000    0.40   --      --         
cp_ctrl[1164]  out     0.1000   0.0000    0.40   --      --         
cp_ctrl[1165]  out     0.1000   0.0000    0.40   --      --         
cp_ctrl[1166]  out     0.1000   0.0000    0.40   --      --         
cp_ctrl[1167]  out     0.1000   0.0000    0.40   --      --         
cp_ctrl[1168]  out     0.1000   0.0000    0.40   --      --         
cp_ctrl[1169]  out     0.1000   0.0000    0.40   --      --         
cp_ctrl[1170]  out     0.1000   0.0000    0.40   --      --         
cp_ctrl[1171]  out     0.1000   0.0000    0.40   --      --         
cp_ctrl[1172]  out     0.1000   0.0000    0.40   --      --         
cp_ctrl[1173]  out     0.1000   0.0000    0.40   --      --         
cp_ctrl[1174]  out     0.1000   0.0000    0.40   --      --         
cp_ctrl[1175]  out     0.1000   0.0000    0.40   --      --         
cp_ctrl[1176]  out     0.1000   0.0000    0.40   --      --         
cp_ctrl[1177]  out     0.1000   0.0000    0.40   --      --         
cp_ctrl[1178]  out     0.1000   0.0000    0.40   --      --         
cp_ctrl[1179]  out     0.1000   0.0000    0.40   --      --         
cp_ctrl[1180]  out     0.1000   0.0000    0.40   --      --         
cp_ctrl[1181]  out     0.1000   0.0000    0.40   --      --         
cp_ctrl[1182]  out     0.1000   0.0000    0.40   --      --         
cp_ctrl[1183]  out     0.1000   0.0000    0.40   --      --         
cp_ctrl[1184]  out     0.1000   0.0000    0.40   --      --         
cp_ctrl[1185]  out     0.1000   0.0000    0.40   --      --         
cp_ctrl[1186]  out     0.1000   0.0000    0.40   --      --         
cp_ctrl[1187]  out     0.1000   0.0000    0.40   --      --         
cp_ctrl[1188]  out     0.1000   0.0000    0.40   --      --         
cp_ctrl[1189]  out     0.1000   0.0000    0.40   --      --         
cp_ctrl[1190]  out     0.1000   0.0000    0.40   --      --         
cp_ctrl[1191]  out     0.1000   0.0000    0.40   --      --         
cp_ctrl[1192]  out     0.1000   0.0000    0.40   --      --         
cp_ctrl[1193]  out     0.1000   0.0000    0.40   --      --         
cp_ctrl[1194]  out     0.1000   0.0000    0.40   --      --         
cp_ctrl[1195]  out     0.1000   0.0000    0.40   --      --         
cp_ctrl[1196]  out     0.1000   0.0000    0.40   --      --         
cp_ctrl[1197]  out     0.1000   0.0000    0.40   --      --         
cp_ctrl[1198]  out     0.1000   0.0000    0.40   --      --         
cp_ctrl[1199]  out     0.1000   0.0000    0.40   --      --         
cp_ctrl[1200]  out     0.1000   0.0000    0.40   --      --         
cp_ctrl[1201]  out     0.1000   0.0000    0.40   --      --         
cp_ctrl[1202]  out     0.1000   0.0000    0.40   --      --         
cp_ctrl[1203]  out     0.1000   0.0000    0.40   --      --         
cp_ctrl[1204]  out     0.1000   0.0000    0.40   --      --         
cp_ctrl[1205]  out     0.1000   0.0000    0.40   --      --         
cp_ctrl[1206]  out     0.1000   0.0000    0.40   --      --         
cp_ctrl[1207]  out     0.1000   0.0000    0.40   --      --         
cp_ctrl[1208]  out     0.1000   0.0000    0.40   --      --         
cp_ctrl[1209]  out     0.1000   0.0000    0.40   --      --         
cp_ctrl[1210]  out     0.1000   0.0000    0.40   --      --         
cp_ctrl[1211]  out     0.1000   0.0000    0.40   --      --         
cp_ctrl[1212]  out     0.1000   0.0000    0.40   --      --         
cp_ctrl[1213]  out     0.1000   0.0000    0.40   --      --         
cp_ctrl[1214]  out     0.1000   0.0000    0.40   --      --         
cp_ctrl[1215]  out     0.1000   0.0000    0.40   --      --         
cp_ctrl[1216]  out     0.1000   0.0000    0.40   --      --         
cp_ctrl[1217]  out     0.1000   0.0000    0.40   --      --         
cp_ctrl[1218]  out     0.1000   0.0000    0.40   --      --         
cp_ctrl[1219]  out     0.1000   0.0000    0.40   --      --         
cp_ctrl[1220]  out     0.1000   0.0000    0.40   --      --         
cp_ctrl[1221]  out     0.1000   0.0000    0.40   --      --         
cp_ctrl[1222]  out     0.1000   0.0000    0.40   --      --         
cp_ctrl[1223]  out     0.1000   0.0000    0.40   --      --         
cp_ctrl[1224]  out     0.1000   0.0000    0.40   --      --         
cp_ctrl[1225]  out     0.1000   0.0000    0.40   --      --         
cp_ctrl[1226]  out     0.1000   0.0000    0.40   --      --         
cp_ctrl[1227]  out     0.1000   0.0000    0.40   --      --         
cp_ctrl[1228]  out     0.1000   0.0000    0.40   --      --         
cp_ctrl[1229]  out     0.1000   0.0000    0.40   --      --         
cp_ctrl[1230]  out     0.1000   0.0000    0.40   --      --         
cp_ctrl[1231]  out     0.1000   0.0000    0.40   --      --         
cp_ctrl[1232]  out     0.1000   0.0000    0.40   --      --         
cp_ctrl[1233]  out     0.1000   0.0000    0.40   --      --         
cp_ctrl[1234]  out     0.1000   0.0000    0.40   --      --         
cp_ctrl[1235]  out     0.1000   0.0000    0.40   --      --         
cp_ctrl[1236]  out     0.1000   0.0000    0.40   --      --         
cp_ctrl[1237]  out     0.1000   0.0000    0.40   --      --         
cp_ctrl[1238]  out     0.1000   0.0000    0.40   --      --         
cp_ctrl[1239]  out     0.1000   0.0000    0.40   --      --         
cp_ctrl[1240]  out     0.1000   0.0000    0.40   --      --         
cp_ctrl[1241]  out     0.1000   0.0000    0.40   --      --         
cp_ctrl[1242]  out     0.1000   0.0000    0.40   --      --         
cp_ctrl[1243]  out     0.1000   0.0000    0.40   --      --         
cp_ctrl[1244]  out     0.1000   0.0000    0.40   --      --         
cp_ctrl[1245]  out     0.1000   0.0000    0.40   --      --         
cp_ctrl[1246]  out     0.1000   0.0000    0.40   --      --         
cp_ctrl[1247]  out     0.1000   0.0000    0.40   --      --         
cp_ctrl[1248]  out     0.1000   0.0000    0.40   --      --         
cp_ctrl[1249]  out     0.1000   0.0000    0.40   --      --         
cp_ctrl[1250]  out     0.1000   0.0000    0.40   --      --         
cp_ctrl[1251]  out     0.1000   0.0000    0.40   --      --         
cp_ctrl[1252]  out     0.1000   0.0000    0.40   --      --         
cp_ctrl[1253]  out     0.1000   0.0000    0.40   --      --         
cp_ctrl[1254]  out     0.1000   0.0000    0.40   --      --         
cp_ctrl[1255]  out     0.1000   0.0000    0.40   --      --         
cp_ctrl[1256]  out     0.1000   0.0000    0.40   --      --         
cp_ctrl[1257]  out     0.1000   0.0000    0.40   --      --         
cp_ctrl[1258]  out     0.1000   0.0000    0.40   --      --         
cp_ctrl[1259]  out     0.1000   0.0000    0.40   --      --         
cp_ctrl[1260]  out     0.1000   0.0000    0.40   --      --         
cp_ctrl[1261]  out     0.1000   0.0000    0.40   --      --         
cp_ctrl[1262]  out     0.1000   0.0000    0.40   --      --         
cp_ctrl[1263]  out     0.1000   0.0000    0.40   --      --         
cp_ctrl[1264]  out     0.1000   0.0000    0.40   --      --         
cp_ctrl[1265]  out     0.1000   0.0000    0.40   --      --         
cp_ctrl[1266]  out     0.1000   0.0000    0.40   --      --         
cp_ctrl[1267]  out     0.1000   0.0000    0.40   --      --         
cp_ctrl[1268]  out     0.1000   0.0000    0.40   --      --         
cp_ctrl[1269]  out     0.1000   0.0000    0.40   --      --         
cp_ctrl[1270]  out     0.1000   0.0000    0.40   --      --         
cp_ctrl[1271]  out     0.1000   0.0000    0.40   --      --         
cp_ctrl[1272]  out     0.1000   0.0000    0.40   --      --         
cp_ctrl[1273]  out     0.1000   0.0000    0.40   --      --         
cp_ctrl[1274]  out     0.1000   0.0000    0.40   --      --         
cp_ctrl[1275]  out     0.1000   0.0000    0.40   --      --         
cp_ctrl[1276]  out     0.1000   0.0000    0.40   --      --         
cp_ctrl[1277]  out     0.1000   0.0000    0.40   --      --         
cp_ctrl[1278]  out     0.1000   0.0000    0.40   --      --         
cp_ctrl[1279]  out     0.1000   0.0000    0.40   --      --         
cp_ctrl[1280]  out     0.1000   0.0000    0.40   --      --         
cp_ctrl[1281]  out     0.1000   0.0000    0.40   --      --         
cp_ctrl[1282]  out     0.1000   0.0000    0.40   --      --         
cp_ctrl[1283]  out     0.1000   0.0000    0.40   --      --         
cp_ctrl[1284]  out     0.1000   0.0000    0.40   --      --         
cp_ctrl[1285]  out     0.1000   0.0000    0.40   --      --         
cp_ctrl[1286]  out     0.1000   0.0000    0.40   --      --         
cp_ctrl[1287]  out     0.1000   0.0000    0.40   --      --         
cp_ctrl[1288]  out     0.1000   0.0000    0.40   --      --         
cp_ctrl[1289]  out     0.1000   0.0000    0.40   --      --         
cp_ctrl[1290]  out     0.1000   0.0000    0.40   --      --         
cp_ctrl[1291]  out     0.1000   0.0000    0.40   --      --         
cp_ctrl[1292]  out     0.1000   0.0000    0.40   --      --         
cp_ctrl[1293]  out     0.1000   0.0000    0.40   --      --         
cp_ctrl[1294]  out     0.1000   0.0000    0.40   --      --         
cp_ctrl[1295]  out     0.1000   0.0000    0.40   --      --         
cp_ctrl[1296]  out     0.1000   0.0000    0.40   --      --         
cp_ctrl[1297]  out     0.1000   0.0000    0.40   --      --         
cp_ctrl[1298]  out     0.1000   0.0000    0.40   --      --         
cp_ctrl[1299]  out     0.1000   0.0000    0.40   --      --         
cp_ctrl[1300]  out     0.1000   0.0000    0.40   --      --         
cp_ctrl[1301]  out     0.1000   0.0000    0.40   --      --         
cp_ctrl[1302]  out     0.1000   0.0000    0.40   --      --         
cp_ctrl[1303]  out     0.1000   0.0000    0.40   --      --         
cp_ctrl[1304]  out     0.1000   0.0000    0.40   --      --         
cp_ctrl[1305]  out     0.1000   0.0000    0.40   --      --         
cp_ctrl[1306]  out     0.1000   0.0000    0.40   --      --         
cp_ctrl[1307]  out     0.1000   0.0000    0.40   --      --         
cp_ctrl[1308]  out     0.1000   0.0000    0.40   --      --         
cp_ctrl[1309]  out     0.1000   0.0000    0.40   --      --         
cp_ctrl[1310]  out     0.1000   0.0000    0.40   --      --         
cp_ctrl[1311]  out     0.1000   0.0000    0.40   --      --         
cp_ctrl[1312]  out     0.1000   0.0000    0.40   --      --         
cp_ctrl[1313]  out     0.1000   0.0000    0.40   --      --         
cp_ctrl[1314]  out     0.1000   0.0000    0.40   --      --         
cp_ctrl[1315]  out     0.1000   0.0000    0.40   --      --         
cp_ctrl[1316]  out     0.1000   0.0000    0.40   --      --         
cp_ctrl[1317]  out     0.1000   0.0000    0.40   --      --         
cp_ctrl[1318]  out     0.1000   0.0000    0.40   --      --         
cp_ctrl[1319]  out     0.1000   0.0000    0.40   --      --         
cp_ctrl[1320]  out     0.1000   0.0000    0.40   --      --         
cp_ctrl[1321]  out     0.1000   0.0000    0.40   --      --         
cp_ctrl[1322]  out     0.1000   0.0000    0.40   --      --         
cp_ctrl[1323]  out     0.1000   0.0000    0.40   --      --         
cp_ctrl[1324]  out     0.1000   0.0000    0.40   --      --         
cp_ctrl[1325]  out     0.1000   0.0000    0.40   --      --         
cp_ctrl[1326]  out     0.1000   0.0000    0.40   --      --         
cp_ctrl[1327]  out     0.1000   0.0000    0.40   --      --         
cp_ctrl[1328]  out     0.1000   0.0000    0.40   --      --         
cp_ctrl[1329]  out     0.1000   0.0000    0.40   --      --         
cp_ctrl[1330]  out     0.1000   0.0000    0.40   --      --         
cp_ctrl[1331]  out     0.1000   0.0000    0.40   --      --         
cp_ctrl[1332]  out     0.1000   0.0000    0.40   --      --         
cp_ctrl[1333]  out     0.1000   0.0000    0.40   --      --         
cp_ctrl[1334]  out     0.1000   0.0000    0.40   --      --         
cp_ctrl[1335]  out     0.1000   0.0000    0.40   --      --         
cp_ctrl[1336]  out     0.1000   0.0000    0.40   --      --         
cp_ctrl[1337]  out     0.1000   0.0000    0.40   --      --         
cp_ctrl[1338]  out     0.1000   0.0000    0.40   --      --         
cp_ctrl[1339]  out     0.1000   0.0000    0.40   --      --         
cp_ctrl[1340]  out     0.1000   0.0000    0.40   --      --         
cp_ctrl[1341]  out     0.1000   0.0000    0.40   --      --         
cp_ctrl[1342]  out     0.1000   0.0000    0.40   --      --         
cp_ctrl[1343]  out     0.1000   0.0000    0.40   --      --         
cp_ctrl[1344]  out     0.1000   0.0000    0.40   --      --         
cp_ctrl[1345]  out     0.1000   0.0000    0.40   --      --         
cp_ctrl[1346]  out     0.1000   0.0000    0.40   --      --         
cp_ctrl[1347]  out     0.1000   0.0000    0.40   --      --         
cp_ctrl[1348]  out     0.1000   0.0000    0.40   --      --         
cp_ctrl[1349]  out     0.1000   0.0000    0.40   --      --         
cp_ctrl[1350]  out     0.1000   0.0000    0.40   --      --         
cp_ctrl[1351]  out     0.1000   0.0000    0.40   --      --         
cp_ctrl[1352]  out     0.1000   0.0000    0.40   --      --         
cp_ctrl[1353]  out     0.1000   0.0000    0.40   --      --         
cp_ctrl[1354]  out     0.1000   0.0000    0.40   --      --         
cp_ctrl[1355]  out     0.1000   0.0000    0.40   --      --         
cp_ctrl[1356]  out     0.1000   0.0000    0.40   --      --         
cp_ctrl[1357]  out     0.1000   0.0000    0.40   --      --         
cp_ctrl[1358]  out     0.1000   0.0000    0.40   --      --         
cp_ctrl[1359]  out     0.1000   0.0000    0.40   --      --         
cp_ctrl[1360]  out     0.1000   0.0000    0.40   --      --         
cp_ctrl[1361]  out     0.1000   0.0000    0.40   --      --         
cp_ctrl[1362]  out     0.1000   0.0000    0.40   --      --         
cp_ctrl[1363]  out     0.1000   0.0000    0.40   --      --         
cp_ctrl[1364]  out     0.1000   0.0000    0.40   --      --         
cp_ctrl[1365]  out     0.1000   0.0000    0.40   --      --         
cp_ctrl[1366]  out     0.1000   0.0000    0.40   --      --         
cp_ctrl[1367]  out     0.1000   0.0000    0.40   --      --         
cp_ctrl[1368]  out     0.1000   0.0000    0.40   --      --         
cp_ctrl[1369]  out     0.1000   0.0000    0.40   --      --         
cp_ctrl[1370]  out     0.1000   0.0000    0.40   --      --         
cp_ctrl[1371]  out     0.1000   0.0000    0.40   --      --         
cp_ctrl[1372]  out     0.1000   0.0000    0.40   --      --         
cp_ctrl[1373]  out     0.1000   0.0000    0.40   --      --         
cp_ctrl[1374]  out     0.1000   0.0000    0.40   --      --         
cp_ctrl[1375]  out     0.1000   0.0000    0.40   --      --         
cp_ctrl[1376]  out     0.1000   0.0000    0.40   --      --         
cp_ctrl[1377]  out     0.1000   0.0000    0.40   --      --         
cp_ctrl[1378]  out     0.1000   0.0000    0.40   --      --         
cp_ctrl[1379]  out     0.1000   0.0000    0.40   --      --         
cp_ctrl[1380]  out     0.1000   0.0000    0.40   --      --         
cp_ctrl[1381]  out     0.1000   0.0000    0.40   --      --         
cp_ctrl[1382]  out     0.1000   0.0000    0.40   --      --         
cp_ctrl[1383]  out     0.1000   0.0000    0.40   --      --         
cp_ctrl[1384]  out     0.1000   0.0000    0.40   --      --         
cp_ctrl[1385]  out     0.1000   0.0000    0.40   --      --         
cp_ctrl[1386]  out     0.1000   0.0000    0.40   --      --         
cp_ctrl[1387]  out     0.1000   0.0000    0.40   --      --         
cp_ctrl[1388]  out     0.1000   0.0000    0.40   --      --         
cp_ctrl[1389]  out     0.1000   0.0000    0.40   --      --         
cp_ctrl[1390]  out     0.1000   0.0000    0.40   --      --         
cp_ctrl[1391]  out     0.1000   0.0000    0.40   --      --         
cp_ctrl[1392]  out     0.1000   0.0000    0.40   --      --         
cp_ctrl[1393]  out     0.1000   0.0000    0.40   --      --         
cp_ctrl[1394]  out     0.1000   0.0000    0.40   --      --         
cp_ctrl[1395]  out     0.1000   0.0000    0.40   --      --         
cp_ctrl[1396]  out     0.1000   0.0000    0.40   --      --         
cp_ctrl[1397]  out     0.1000   0.0000    0.40   --      --         
cp_ctrl[1398]  out     0.1000   0.0000    0.40   --      --         
cp_ctrl[1399]  out     0.1000   0.0000    0.40   --      --         
cp_ctrl[1400]  out     0.1000   0.0000    0.40   --      --         
cp_ctrl[1401]  out     0.1000   0.0000    0.40   --      --         
cp_ctrl[1402]  out     0.1000   0.0000    0.40   --      --         
cp_ctrl[1403]  out     0.1000   0.0000    0.40   --      --         
cp_ctrl[1404]  out     0.1000   0.0000    0.40   --      --         
cp_ctrl[1405]  out     0.1000   0.0000    0.40   --      --         
cp_ctrl[1406]  out     0.1000   0.0000    0.40   --      --         
cp_ctrl[1407]  out     0.1000   0.0000    0.40   --      --         
cp_ctrl[1408]  out     0.1000   0.0000    0.40   --      --         
cp_ctrl[1409]  out     0.1000   0.0000    0.40   --      --         
cp_ctrl[1410]  out     0.1000   0.0000    0.40   --      --         
cp_ctrl[1411]  out     0.1000   0.0000    0.40   --      --         
cp_ctrl[1412]  out     0.1000   0.0000    0.40   --      --         
cp_ctrl[1413]  out     0.1000   0.0000    0.40   --      --         
cp_ctrl[1414]  out     0.1000   0.0000    0.40   --      --         
cp_ctrl[1415]  out     0.1000   0.0000    0.40   --      --         
cp_ctrl[1416]  out     0.1000   0.0000    0.40   --      --         
cp_ctrl[1417]  out     0.1000   0.0000    0.40   --      --         
cp_ctrl[1418]  out     0.1000   0.0000    0.40   --      --         
cp_ctrl[1419]  out     0.1000   0.0000    0.40   --      --         
cp_ctrl[1420]  out     0.1000   0.0000    0.40   --      --         
cp_ctrl[1421]  out     0.1000   0.0000    0.40   --      --         
cp_ctrl[1422]  out     0.1000   0.0000    0.40   --      --         
cp_ctrl[1423]  out     0.1000   0.0000    0.40   --      --         
cp_ctrl[1424]  out     0.1000   0.0000    0.40   --      --         
cp_ctrl[1425]  out     0.1000   0.0000    0.40   --      --         
cp_ctrl[1426]  out     0.1000   0.0000    0.40   --      --         
cp_ctrl[1427]  out     0.1000   0.0000    0.40   --      --         
cp_ctrl[1428]  out     0.1000   0.0000    0.40   --      --         
cp_ctrl[1429]  out     0.1000   0.0000    0.40   --      --         
cp_ctrl[1430]  out     0.1000   0.0000    0.40   --      --         
cp_ctrl[1431]  out     0.1000   0.0000    0.40   --      --         
cp_ctrl[1432]  out     0.1000   0.0000    0.40   --      --         
cp_ctrl[1433]  out     0.1000   0.0000    0.40   --      --         
cp_ctrl[1434]  out     0.1000   0.0000    0.40   --      --         
cp_ctrl[1435]  out     0.1000   0.0000    0.40   --      --         
cp_ctrl[1436]  out     0.1000   0.0000    0.40   --      --         
cp_ctrl[1437]  out     0.1000   0.0000    0.40   --      --         
cp_ctrl[1438]  out     0.1000   0.0000    0.40   --      --         
cp_ctrl[1439]  out     0.1000   0.0000    0.40   --      --         
cp_ctrl[1440]  out     0.1000   0.0000    0.40   --      --         
cp_ctrl[1441]  out     0.1000   0.0000    0.40   --      --         
cp_ctrl[1442]  out     0.1000   0.0000    0.40   --      --         
cp_ctrl[1443]  out     0.1000   0.0000    0.40   --      --         
cp_ctrl[1444]  out     0.1000   0.0000    0.40   --      --         
cp_ctrl[1445]  out     0.1000   0.0000    0.40   --      --         
cp_ctrl[1446]  out     0.1000   0.0000    0.40   --      --         
cp_ctrl[1447]  out     0.1000   0.0000    0.40   --      --         
cp_ctrl[1448]  out     0.1000   0.0000    0.40   --      --         
cp_ctrl[1449]  out     0.1000   0.0000    0.40   --      --         
cp_ctrl[1450]  out     0.1000   0.0000    0.40   --      --         
cp_ctrl[1451]  out     0.1000   0.0000    0.40   --      --         
cp_ctrl[1452]  out     0.1000   0.0000    0.40   --      --         
cp_ctrl[1453]  out     0.1000   0.0000    0.40   --      --         
cp_ctrl[1454]  out     0.1000   0.0000    0.40   --      --         
cp_ctrl[1455]  out     0.1000   0.0000    0.40   --      --         
cp_ctrl[1456]  out     0.1000   0.0000    0.40   --      --         
cp_ctrl[1457]  out     0.1000   0.0000    0.40   --      --         
cp_ctrl[1458]  out     0.1000   0.0000    0.40   --      --         
cp_ctrl[1459]  out     0.1000   0.0000    0.40   --      --         
cp_ctrl[1460]  out     0.1000   0.0000    0.40   --      --         
cp_ctrl[1461]  out     0.1000   0.0000    0.40   --      --         
cp_ctrl[1462]  out     0.1000   0.0000    0.40   --      --         
cp_ctrl[1463]  out     0.1000   0.0000    0.40   --      --         
cp_ctrl[1464]  out     0.1000   0.0000    0.40   --      --         
cp_ctrl[1465]  out     0.1000   0.0000    0.40   --      --         
cp_ctrl[1466]  out     0.1000   0.0000    0.40   --      --         
cp_ctrl[1467]  out     0.1000   0.0000    0.40   --      --         
cp_ctrl[1468]  out     0.1000   0.0000    0.40   --      --         
cp_ctrl[1469]  out     0.1000   0.0000    0.40   --      --         
cp_ctrl[1470]  out     0.1000   0.0000    0.40   --      --         
cp_ctrl[1471]  out     0.1000   0.0000    0.40   --      --         
cp_ctrl[1472]  out     0.1000   0.0000    0.40   --      --         
cp_ctrl[1473]  out     0.1000   0.0000    0.40   --      --         
cp_ctrl[1474]  out     0.1000   0.0000    0.40   --      --         
cp_ctrl[1475]  out     0.1000   0.0000    0.40   --      --         
cp_ctrl[1476]  out     0.1000   0.0000    0.40   --      --         
cp_ctrl[1477]  out     0.1000   0.0000    0.40   --      --         
cp_ctrl[1478]  out     0.1000   0.0000    0.40   --      --         
cp_ctrl[1479]  out     0.1000   0.0000    0.40   --      --         
cp_ctrl[1480]  out     0.1000   0.0000    0.40   --      --         
cp_ctrl[1481]  out     0.1000   0.0000    0.40   --      --         
cp_ctrl[1482]  out     0.1000   0.0000    0.40   --      --         
cp_ctrl[1483]  out     0.1000   0.0000    0.40   --      --         
cp_ctrl[1484]  out     0.1000   0.0000    0.40   --      --         
cp_ctrl[1485]  out     0.1000   0.0000    0.40   --      --         
cp_ctrl[1486]  out     0.1000   0.0000    0.40   --      --         
cp_ctrl[1487]  out     0.1000   0.0000    0.40   --      --         
cp_ctrl[1488]  out     0.1000   0.0000    0.40   --      --         
cp_ctrl[1489]  out     0.1000   0.0000    0.40   --      --         
cp_ctrl[1490]  out     0.1000   0.0000    0.40   --      --         
cp_ctrl[1491]  out     0.1000   0.0000    0.40   --      --         
cp_ctrl[1492]  out     0.1000   0.0000    0.40   --      --         
cp_ctrl[1493]  out     0.1000   0.0000    0.40   --      --         
cp_ctrl[1494]  out     0.1000   0.0000    0.40   --      --         
cp_ctrl[1495]  out     0.1000   0.0000    0.40   --      --         
cp_ctrl[1496]  out     0.1000   0.0000    0.40   --      --         
cp_ctrl[1497]  out     0.1000   0.0000    0.40   --      --         
cp_ctrl[1498]  out     0.1000   0.0000    0.40   --      --         
cp_ctrl[1499]  out     0.1000   0.0000    0.40   --      --         
cp_ctrl[1500]  out     0.1000   0.0000    0.40   --      --         
cp_ctrl[1501]  out     0.1000   0.0000    0.40   --      --         
cp_ctrl[1502]  out     0.1000   0.0000    0.40   --      --         
cp_ctrl[1503]  out     0.1000   0.0000    0.40   --      --         
cp_ctrl[1504]  out     0.1000   0.0000    0.40   --      --         
cp_ctrl[1505]  out     0.1000   0.0000    0.40   --      --         
cp_ctrl[1506]  out     0.1000   0.0000    0.40   --      --         
cp_ctrl[1507]  out     0.1000   0.0000    0.40   --      --         
cp_ctrl[1508]  out     0.1000   0.0000    0.40   --      --         
cp_ctrl[1509]  out     0.1000   0.0000    0.40   --      --         
cp_ctrl[1510]  out     0.1000   0.0000    0.40   --      --         
cp_ctrl[1511]  out     0.1000   0.0000    0.40   --      --         
cp_ctrl[1512]  out     0.1000   0.0000    0.40   --      --         
cp_ctrl[1513]  out     0.1000   0.0000    0.40   --      --         
cp_ctrl[1514]  out     0.1000   0.0000    0.40   --      --         
cp_ctrl[1515]  out     0.1000   0.0000    0.40   --      --         
cp_ctrl[1516]  out     0.1000   0.0000    0.40   --      --         
cp_ctrl[1517]  out     0.1000   0.0000    0.40   --      --         
cp_ctrl[1518]  out     0.1000   0.0000    0.40   --      --         
cp_ctrl[1519]  out     0.1000   0.0000    0.40   --      --         
cp_ctrl[1520]  out     0.1000   0.0000    0.40   --      --         
cp_ctrl[1521]  out     0.1000   0.0000    0.40   --      --         
cp_ctrl[1522]  out     0.1000   0.0000    0.40   --      --         
cp_ctrl[1523]  out     0.1000   0.0000    0.40   --      --         
cp_ctrl[1524]  out     0.1000   0.0000    0.40   --      --         
cp_ctrl[1525]  out     0.1000   0.0000    0.40   --      --         
cp_ctrl[1526]  out     0.1000   0.0000    0.40   --      --         
cp_ctrl[1527]  out     0.1000   0.0000    0.40   --      --         
cp_ctrl[1528]  out     0.1000   0.0000    0.40   --      --         
cp_ctrl[1529]  out     0.1000   0.0000    0.40   --      --         
cp_ctrl[1530]  out     0.1000   0.0000    0.40   --      --         
cp_ctrl[1531]  out     0.1000   0.0000    0.40   --      --         
cp_ctrl[1532]  out     0.1000   0.0000    0.40   --      --         
cp_ctrl[1533]  out     0.1000   0.0000    0.40   --      --         
cp_ctrl[1534]  out     0.1000   0.0000    0.40   --      --         
cp_ctrl[1535]  out     0.1000   0.0000    0.40   --      --         
cp_ctrl[1536]  out     0.1000   0.0000    0.40   --      --         
cp_ctrl[1537]  out     0.1000   0.0000    0.40   --      --         
cp_ctrl[1538]  out     0.1000   0.0000    0.40   --      --         
cp_ctrl[1539]  out     0.1000   0.0000    0.40   --      --         
cp_ctrl[1540]  out     0.1000   0.0000    0.40   --      --         
cp_ctrl[1541]  out     0.1000   0.0000    0.40   --      --         
cp_ctrl[1542]  out     0.1000   0.0000    0.40   --      --         
cp_ctrl[1543]  out     0.1000   0.0000    0.40   --      --         
cp_ctrl[1544]  out     0.1000   0.0000    0.40   --      --         
cp_ctrl[1545]  out     0.1000   0.0000    0.40   --      --         
cp_ctrl[1546]  out     0.1000   0.0000    0.40   --      --         
cp_ctrl[1547]  out     0.1000   0.0000    0.40   --      --         
cp_ctrl[1548]  out     0.1000   0.0000    0.40   --      --         
cp_ctrl[1549]  out     0.1000   0.0000    0.40   --      --         
cp_ctrl[1550]  out     0.1000   0.0000    0.40   --      --         
cp_ctrl[1551]  out     0.1000   0.0000    0.40   --      --         
cp_ctrl[1552]  out     0.1000   0.0000    0.40   --      --         
cp_ctrl[1553]  out     0.1000   0.0000    0.40   --      --         
cp_ctrl[1554]  out     0.1000   0.0000    0.40   --      --         
cp_ctrl[1555]  out     0.1000   0.0000    0.40   --      --         
cp_ctrl[1556]  out     0.1000   0.0000    0.40   --      --         
cp_ctrl[1557]  out     0.1000   0.0000    0.40   --      --         
cp_ctrl[1558]  out     0.1000   0.0000    0.40   --      --         
cp_ctrl[1559]  out     0.1000   0.0000    0.40   --      --         
cp_ctrl[1560]  out     0.1000   0.0000    0.40   --      --         
cp_ctrl[1561]  out     0.1000   0.0000    0.40   --      --         
cp_ctrl[1562]  out     0.1000   0.0000    0.40   --      --         
cp_ctrl[1563]  out     0.1000   0.0000    0.40   --      --         
cp_ctrl[1564]  out     0.1000   0.0000    0.40   --      --         
cp_ctrl[1565]  out     0.1000   0.0000    0.40   --      --         
cp_ctrl[1566]  out     0.1000   0.0000    0.40   --      --         
cp_ctrl[1567]  out     0.1000   0.0000    0.40   --      --         
cp_ctrl[1568]  out     0.1000   0.0000    0.40   --      --         
cp_ctrl[1569]  out     0.1000   0.0000    0.40   --      --         
cp_ctrl[1570]  out     0.1000   0.0000    0.40   --      --         
cp_ctrl[1571]  out     0.1000   0.0000    0.40   --      --         
cp_ctrl[1572]  out     0.1000   0.0000    0.40   --      --         
cp_ctrl[1573]  out     0.1000   0.0000    0.40   --      --         
cp_ctrl[1574]  out     0.1000   0.0000    0.40   --      --         
cp_ctrl[1575]  out     0.1000   0.0000    0.40   --      --         
cp_ctrl[1576]  out     0.1000   0.0000    0.40   --      --         
cp_ctrl[1577]  out     0.1000   0.0000    0.40   --      --         
cp_ctrl[1578]  out     0.1000   0.0000    0.40   --      --         
cp_ctrl[1579]  out     0.1000   0.0000    0.40   --      --         
cp_ctrl[1580]  out     0.1000   0.0000    0.40   --      --         
cp_ctrl[1581]  out     0.1000   0.0000    0.40   --      --         
cp_ctrl[1582]  out     0.1000   0.0000    0.40   --      --         
cp_ctrl[1583]  out     0.1000   0.0000    0.40   --      --         
cp_ctrl[1584]  out     0.1000   0.0000    0.40   --      --         
cp_ctrl[1585]  out     0.1000   0.0000    0.40   --      --         
cp_ctrl[1586]  out     0.1000   0.0000    0.40   --      --         
cp_ctrl[1587]  out     0.1000   0.0000    0.40   --      --         
cp_ctrl[1588]  out     0.1000   0.0000    0.40   --      --         
cp_ctrl[1589]  out     0.1000   0.0000    0.40   --      --         
cp_ctrl[1590]  out     0.1000   0.0000    0.40   --      --         
cp_ctrl[1591]  out     0.1000   0.0000    0.40   --      --         
cp_ctrl[1592]  out     0.1000   0.0000    0.40   --      --         
cp_ctrl[1593]  out     0.1000   0.0000    0.40   --      --         
cp_ctrl[1594]  out     0.1000   0.0000    0.40   --      --         
cp_ctrl[1595]  out     0.1000   0.0000    0.40   --      --         
cp_ctrl[1596]  out     0.1000   0.0000    0.40   --      --         
cp_ctrl[1597]  out     0.1000   0.0000    0.40   --      --         
cp_ctrl[1598]  out     0.1000   0.0000    0.40   --      --         
cp_ctrl[1599]  out     0.1000   0.0000    0.40   --      --         
cp_ctrl[1600]  out     0.1000   0.0000    0.40   --      --         
cp_ctrl[1601]  out     0.1000   0.0000    0.40   --      --         
cp_ctrl[1602]  out     0.1000   0.0000    0.40   --      --         
cp_ctrl[1603]  out     0.1000   0.0000    0.40   --      --         
cp_ctrl[1604]  out     0.1000   0.0000    0.40   --      --         
cp_ctrl[1605]  out     0.1000   0.0000    0.40   --      --         
cp_ctrl[1606]  out     0.1000   0.0000    0.40   --      --         
cp_ctrl[1607]  out     0.1000   0.0000    0.40   --      --         
cp_ctrl[1608]  out     0.1000   0.0000    0.40   --      --         
cp_ctrl[1609]  out     0.1000   0.0000    0.40   --      --         
cp_ctrl[1610]  out     0.1000   0.0000    0.40   --      --         
cp_ctrl[1611]  out     0.1000   0.0000    0.40   --      --         
cp_ctrl[1612]  out     0.1000   0.0000    0.40   --      --         
cp_ctrl[1613]  out     0.1000   0.0000    0.40   --      --         
cp_ctrl[1614]  out     0.1000   0.0000    0.40   --      --         
cp_ctrl[1615]  out     0.1000   0.0000    0.40   --      --         
cp_ctrl[1616]  out     0.1000   0.0000    0.40   --      --         
cp_ctrl[1617]  out     0.1000   0.0000    0.40   --      --         
cp_ctrl[1618]  out     0.1000   0.0000    0.40   --      --         
cp_ctrl[1619]  out     0.1000   0.0000    0.40   --      --         
cp_ctrl[1620]  out     0.1000   0.0000    0.40   --      --         
cp_ctrl[1621]  out     0.1000   0.0000    0.40   --      --         
cp_ctrl[1622]  out     0.1000   0.0000    0.40   --      --         
cp_ctrl[1623]  out     0.1000   0.0000    0.40   --      --         
cp_ctrl[1624]  out     0.1000   0.0000    0.40   --      --         
cp_ctrl[1625]  out     0.1000   0.0000    0.40   --      --         
cp_ctrl[1626]  out     0.1000   0.0000    0.40   --      --         
cp_ctrl[1627]  out     0.1000   0.0000    0.40   --      --         
cp_ctrl[1628]  out     0.1000   0.0000    0.40   --      --         
cp_ctrl[1629]  out     0.1000   0.0000    0.40   --      --         
cp_ctrl[1630]  out     0.1000   0.0000    0.40   --      --         
cp_ctrl[1631]  out     0.1000   0.0000    0.40   --      --         
cp_ctrl[1632]  out     0.1000   0.0000    0.40   --      --         
cp_ctrl[1633]  out     0.1000   0.0000    0.40   --      --         
cp_ctrl[1634]  out     0.1000   0.0000    0.40   --      --         
cp_ctrl[1635]  out     0.1000   0.0000    0.40   --      --         
cp_ctrl[1636]  out     0.1000   0.0000    0.40   --      --         
cp_ctrl[1637]  out     0.1000   0.0000    0.40   --      --         
cp_ctrl[1638]  out     0.1000   0.0000    0.40   --      --         
cp_ctrl[1639]  out     0.1000   0.0000    0.40   --      --         
cp_ctrl[1640]  out     0.1000   0.0000    0.40   --      --         
cp_ctrl[1641]  out     0.1000   0.0000    0.40   --      --         
cp_ctrl[1642]  out     0.1000   0.0000    0.40   --      --         
cp_ctrl[1643]  out     0.1000   0.0000    0.40   --      --         
cp_ctrl[1644]  out     0.1000   0.0000    0.40   --      --         
cp_ctrl[1645]  out     0.1000   0.0000    0.40   --      --         
cp_ctrl[1646]  out     0.1000   0.0000    0.40   --      --         
cp_ctrl[1647]  out     0.1000   0.0000    0.40   --      --         
cp_ctrl[1648]  out     0.1000   0.0000    0.40   --      --         
cp_ctrl[1649]  out     0.1000   0.0000    0.40   --      --         
cp_ctrl[1650]  out     0.1000   0.0000    0.40   --      --         
cp_ctrl[1651]  out     0.1000   0.0000    0.40   --      --         
cp_ctrl[1652]  out     0.1000   0.0000    0.40   --      --         
cp_ctrl[1653]  out     0.1000   0.0000    0.40   --      --         
cp_ctrl[1654]  out     0.1000   0.0000    0.40   --      --         
cp_ctrl[1655]  out     0.1000   0.0000    0.40   --      --         
cp_ctrl[1656]  out     0.1000   0.0000    0.40   --      --         
cp_ctrl[1657]  out     0.1000   0.0000    0.40   --      --         
cp_ctrl[1658]  out     0.1000   0.0000    0.40   --      --         
cp_ctrl[1659]  out     0.1000   0.0000    0.40   --      --         
cp_ctrl[1660]  out     0.1000   0.0000    0.40   --      --         
cp_ctrl[1661]  out     0.1000   0.0000    0.40   --      --         
cp_ctrl[1662]  out     0.1000   0.0000    0.40   --      --         
cp_ctrl[1663]  out     0.1000   0.0000    0.40   --      --         
cp_ctrl[1664]  out     0.1000   0.0000    0.40   --      --         
cp_ctrl[1665]  out     0.1000   0.0000    0.40   --      --         
cp_ctrl[1666]  out     0.1000   0.0000    0.40   --      --         
cp_ctrl[1667]  out     0.1000   0.0000    0.40   --      --         
cp_ctrl[1668]  out     0.1000   0.0000    0.40   --      --         
cp_ctrl[1669]  out     0.1000   0.0000    0.40   --      --         
cp_ctrl[1670]  out     0.1000   0.0000    0.40   --      --         
cp_ctrl[1671]  out     0.1000   0.0000    0.40   --      --         
cp_ctrl[1672]  out     0.1000   0.0000    0.40   --      --         
cp_ctrl[1673]  out     0.1000   0.0000    0.40   --      --         
cp_ctrl[1674]  out     0.1000   0.0000    0.40   --      --         
cp_ctrl[1675]  out     0.1000   0.0000    0.40   --      --         
cp_ctrl[1676]  out     0.1000   0.0000    0.40   --      --         
cp_ctrl[1677]  out     0.1000   0.0000    0.40   --      --         
cp_ctrl[1678]  out     0.1000   0.0000    0.40   --      --         
cp_ctrl[1679]  out     0.1000   0.0000    0.40   --      --         
cp_ctrl[1680]  out     0.1000   0.0000    0.40   --      --         
cp_ctrl[1681]  out     0.1000   0.0000    0.40   --      --         
cp_ctrl[1682]  out     0.1000   0.0000    0.40   --      --         
cp_ctrl[1683]  out     0.1000   0.0000    0.40   --      --         
cp_ctrl[1684]  out     0.1000   0.0000    0.40   --      --         
cp_ctrl[1685]  out     0.1000   0.0000    0.40   --      --         
cp_ctrl[1686]  out     0.1000   0.0000    0.40   --      --         
cp_ctrl[1687]  out     0.1000   0.0000    0.40   --      --         
cp_ctrl[1688]  out     0.1000   0.0000    0.40   --      --         
cp_ctrl[1689]  out     0.1000   0.0000    0.40   --      --         
cp_ctrl[1690]  out     0.1000   0.0000    0.40   --      --         
cp_ctrl[1691]  out     0.1000   0.0000    0.40   --      --         
cp_ctrl[1692]  out     0.1000   0.0000    0.40   --      --         
cp_ctrl[1693]  out     0.1000   0.0000    0.40   --      --         
cp_ctrl[1694]  out     0.1000   0.0000    0.40   --      --         
cp_ctrl[1695]  out     0.1000   0.0000    0.40   --      --         
cp_ctrl[1696]  out     0.1000   0.0000    0.40   --      --         
cp_ctrl[1697]  out     0.1000   0.0000    0.40   --      --         
cp_ctrl[1698]  out     0.1000   0.0000    0.40   --      --         
cp_ctrl[1699]  out     0.1000   0.0000    0.40   --      --         
cp_ctrl[1700]  out     0.1000   0.0000    0.40   --      --         
cp_ctrl[1701]  out     0.1000   0.0000    0.40   --      --         
cp_ctrl[1702]  out     0.1000   0.0000    0.40   --      --         
cp_ctrl[1703]  out     0.1000   0.0000    0.40   --      --         
cp_ctrl[1704]  out     0.1000   0.0000    0.40   --      --         
cp_ctrl[1705]  out     0.1000   0.0000    0.40   --      --         
cp_ctrl[1706]  out     0.1000   0.0000    0.40   --      --         
cp_ctrl[1707]  out     0.1000   0.0000    0.40   --      --         
cp_ctrl[1708]  out     0.1000   0.0000    0.40   --      --         
cp_ctrl[1709]  out     0.1000   0.0000    0.40   --      --         
cp_ctrl[1710]  out     0.1000   0.0000    0.40   --      --         
cp_ctrl[1711]  out     0.1000   0.0000    0.40   --      --         
cp_ctrl[1712]  out     0.1000   0.0000    0.40   --      --         
cp_ctrl[1713]  out     0.1000   0.0000    0.40   --      --         
cp_ctrl[1714]  out     0.1000   0.0000    0.40   --      --         
cp_ctrl[1715]  out     0.1000   0.0000    0.40   --      --         
cp_ctrl[1716]  out     0.1000   0.0000    0.40   --      --         
cp_ctrl[1717]  out     0.1000   0.0000    0.40   --      --         
cp_ctrl[1718]  out     0.1000   0.0000    0.40   --      --         
cp_ctrl[1719]  out     0.1000   0.0000    0.40   --      --         
cp_ctrl[1720]  out     0.1000   0.0000    0.40   --      --         
cp_ctrl[1721]  out     0.1000   0.0000    0.40   --      --         
cp_ctrl[1722]  out     0.1000   0.0000    0.40   --      --         
cp_ctrl[1723]  out     0.1000   0.0000    0.40   --      --         
cp_ctrl[1724]  out     0.1000   0.0000    0.40   --      --         
cp_ctrl[1725]  out     0.1000   0.0000    0.40   --      --         
cp_ctrl[1726]  out     0.1000   0.0000    0.40   --      --         
cp_ctrl[1727]  out     0.1000   0.0000    0.40   --      --         
cp_ctrl[1728]  out     0.1000   0.0000    0.40   --      --         
cp_ctrl[1729]  out     0.1000   0.0000    0.40   --      --         
cp_ctrl[1730]  out     0.1000   0.0000    0.40   --      --         
cp_ctrl[1731]  out     0.1000   0.0000    0.40   --      --         
cp_ctrl[1732]  out     0.1000   0.0000    0.40   --      --         
cp_ctrl[1733]  out     0.1000   0.0000    0.40   --      --         
cp_ctrl[1734]  out     0.1000   0.0000    0.40   --      --         
cp_ctrl[1735]  out     0.1000   0.0000    0.40   --      --         
cp_ctrl[1736]  out     0.1000   0.0000    0.40   --      --         
cp_ctrl[1737]  out     0.1000   0.0000    0.40   --      --         
cp_ctrl[1738]  out     0.1000   0.0000    0.40   --      --         
cp_ctrl[1739]  out     0.1000   0.0000    0.40   --      --         
cp_ctrl[1740]  out     0.1000   0.0000    0.40   --      --         
cp_ctrl[1741]  out     0.1000   0.0000    0.40   --      --         
cp_ctrl[1742]  out     0.1000   0.0000    0.40   --      --         
cp_ctrl[1743]  out     0.1000   0.0000    0.40   --      --         
cp_ctrl[1744]  out     0.1000   0.0000    0.40   --      --         
cp_ctrl[1745]  out     0.1000   0.0000    0.40   --      --         
cp_ctrl[1746]  out     0.1000   0.0000    0.40   --      --         
cp_ctrl[1747]  out     0.1000   0.0000    0.40   --      --         
cp_ctrl[1748]  out     0.1000   0.0000    0.40   --      --         
cp_ctrl[1749]  out     0.1000   0.0000    0.40   --      --         
cp_ctrl[1750]  out     0.1000   0.0000    0.40   --      --         
cp_ctrl[1751]  out     0.1000   0.0000    0.40   --      --         
cp_ctrl[1752]  out     0.1000   0.0000    0.40   --      --         
cp_ctrl[1753]  out     0.1000   0.0000    0.40   --      --         
cp_ctrl[1754]  out     0.1000   0.0000    0.40   --      --         
cp_ctrl[1755]  out     0.1000   0.0000    0.40   --      --         
cp_ctrl[1756]  out     0.1000   0.0000    0.40   --      --         
cp_ctrl[1757]  out     0.1000   0.0000    0.40   --      --         
cp_ctrl[1758]  out     0.1000   0.0000    0.40   --      --         
cp_ctrl[1759]  out     0.1000   0.0000    0.40   --      --         
cp_ctrl[1760]  out     0.1000   0.0000    0.40   --      --         
cp_ctrl[1761]  out     0.1000   0.0000    0.40   --      --         
cp_ctrl[1762]  out     0.1000   0.0000    0.40   --      --         
cp_ctrl[1763]  out     0.1000   0.0000    0.40   --      --         
cp_ctrl[1764]  out     0.1000   0.0000    0.40   --      --         
cp_ctrl[1765]  out     0.1000   0.0000    0.40   --      --         
cp_ctrl[1766]  out     0.1000   0.0000    0.40   --      --         
cp_ctrl[1767]  out     0.1000   0.0000    0.40   --      --         
cp_ctrl[1768]  out     0.1000   0.0000    0.40   --      --         
cp_ctrl[1769]  out     0.1000   0.0000    0.40   --      --         
cp_ctrl[1770]  out     0.1000   0.0000    0.40   --      --         
cp_ctrl[1771]  out     0.1000   0.0000    0.40   --      --         
cp_ctrl[1772]  out     0.1000   0.0000    0.40   --      --         
cp_ctrl[1773]  out     0.1000   0.0000    0.40   --      --         
cp_ctrl[1774]  out     0.1000   0.0000    0.40   --      --         
cp_ctrl[1775]  out     0.1000   0.0000    0.40   --      --         
cp_ctrl[1776]  out     0.1000   0.0000    0.40   --      --         
cp_ctrl[1777]  out     0.1000   0.0000    0.40   --      --         
cp_ctrl[1778]  out     0.1000   0.0000    0.40   --      --         
cp_ctrl[1779]  out     0.1000   0.0000    0.40   --      --         
cp_ctrl[1780]  out     0.1000   0.0000    0.40   --      --         
cp_ctrl[1781]  out     0.1000   0.0000    0.40   --      --         
cp_ctrl[1782]  out     0.1000   0.0000    0.40   --      --         
cp_ctrl[1783]  out     0.1000   0.0000    0.40   --      --         
cp_ctrl[1784]  out     0.1000   0.0000    0.40   --      --         
cp_ctrl[1785]  out     0.1000   0.0000    0.40   --      --         
cp_ctrl[1786]  out     0.1000   0.0000    0.40   --      --         
cp_ctrl[1787]  out     0.1000   0.0000    0.40   --      --         
cp_ctrl[1788]  out     0.1000   0.0000    0.40   --      --         
cp_ctrl[1789]  out     0.1000   0.0000    0.40   --      --         
cp_ctrl[1790]  out     0.1000   0.0000    0.40   --      --         
cp_ctrl[1791]  out     0.1000   0.0000    0.40   --      --         
cp_ctrl[1792]  out     0.1000   0.0000    0.40   --      --         
cp_ctrl[1793]  out     0.1000   0.0000    0.40   --      --         
cp_ctrl[1794]  out     0.1000   0.0000    0.40   --      --         
cp_ctrl[1795]  out     0.1000   0.0000    0.40   --      --         
cp_ctrl[1796]  out     0.1000   0.0000    0.40   --      --         
cp_ctrl[1797]  out     0.1000   0.0000    0.40   --      --         
cp_ctrl[1798]  out     0.1000   0.0000    0.40   --      --         
cp_ctrl[1799]  out     0.1000   0.0000    0.40   --      --         
cp_ctrl[1800]  out     0.1000   0.0000    0.40   --      --         
cp_ctrl[1801]  out     0.1000   0.0000    0.40   --      --         
cp_ctrl[1802]  out     0.1000   0.0000    0.40   --      --         
cp_ctrl[1803]  out     0.1000   0.0000    0.40   --      --         
cp_ctrl[1804]  out     0.1000   0.0000    0.40   --      --         
cp_ctrl[1805]  out     0.1000   0.0000    0.40   --      --         
cp_ctrl[1806]  out     0.1000   0.0000    0.40   --      --         
cp_ctrl[1807]  out     0.1000   0.0000    0.40   --      --         
cp_ctrl[1808]  out     0.1000   0.0000    0.40   --      --         
cp_ctrl[1809]  out     0.1000   0.0000    0.40   --      --         
cp_ctrl[1810]  out     0.1000   0.0000    0.40   --      --         
cp_ctrl[1811]  out     0.1000   0.0000    0.40   --      --         
cp_ctrl[1812]  out     0.1000   0.0000    0.40   --      --         
cp_ctrl[1813]  out     0.1000   0.0000    0.40   --      --         
cp_ctrl[1814]  out     0.1000   0.0000    0.40   --      --         
cp_ctrl[1815]  out     0.1000   0.0000    0.40   --      --         
cp_ctrl[1816]  out     0.1000   0.0000    0.40   --      --         
cp_ctrl[1817]  out     0.1000   0.0000    0.40   --      --         
cp_ctrl[1818]  out     0.1000   0.0000    0.40   --      --         
cp_ctrl[1819]  out     0.1000   0.0000    0.40   --      --         
cp_ctrl[1820]  out     0.1000   0.0000    0.40   --      --         
cp_ctrl[1821]  out     0.1000   0.0000    0.40   --      --         
cp_ctrl[1822]  out     0.1000   0.0000    0.40   --      --         
cp_ctrl[1823]  out     0.1000   0.0000    0.40   --      --         
cp_ctrl[1824]  out     0.1000   0.0000    0.40   --      --         
cp_ctrl[1825]  out     0.1000   0.0000    0.40   --      --         
cp_ctrl[1826]  out     0.1000   0.0000    0.40   --      --         
cp_ctrl[1827]  out     0.1000   0.0000    0.40   --      --         
cp_ctrl[1828]  out     0.1000   0.0000    0.40   --      --         
cp_ctrl[1829]  out     0.1000   0.0000    0.40   --      --         
cp_ctrl[1830]  out     0.1000   0.0000    0.40   --      --         
cp_ctrl[1831]  out     0.1000   0.0000    0.40   --      --         
cp_ctrl[1832]  out     0.1000   0.0000    0.40   --      --         
cp_ctrl[1833]  out     0.1000   0.0000    0.40   --      --         
cp_ctrl[1834]  out     0.1000   0.0000    0.40   --      --         
cp_ctrl[1835]  out     0.1000   0.0000    0.40   --      --         
cp_ctrl[1836]  out     0.1000   0.0000    0.40   --      --         
cp_ctrl[1837]  out     0.1000   0.0000    0.40   --      --         
cp_ctrl[1838]  out     0.1000   0.0000    0.40   --      --         
cp_ctrl[1839]  out     0.1000   0.0000    0.40   --      --         
cp_ctrl[1840]  out     0.1000   0.0000    0.40   --      --         
cp_ctrl[1841]  out     0.1000   0.0000    0.40   --      --         
cp_ctrl[1842]  out     0.1000   0.0000    0.40   --      --         
cp_ctrl[1843]  out     0.1000   0.0000    0.40   --      --         
cp_ctrl[1844]  out     0.1000   0.0000    0.40   --      --         
cp_ctrl[1845]  out     0.1000   0.0000    0.40   --      --         
cp_ctrl[1846]  out     0.1000   0.0000    0.40   --      --         
cp_ctrl[1847]  out     0.1000   0.0000    0.40   --      --         
cp_ctrl[1848]  out     0.1000   0.0000    0.40   --      --         
cp_ctrl[1849]  out     0.1000   0.0000    0.40   --      --         
cp_ctrl[1850]  out     0.1000   0.0000    0.40   --      --         
cp_ctrl[1851]  out     0.1000   0.0000    0.40   --      --         
cp_ctrl[1852]  out     0.1000   0.0000    0.40   --      --         
cp_ctrl[1853]  out     0.1000   0.0000    0.40   --      --         
cp_ctrl[1854]  out     0.1000   0.0000    0.40   --      --         
cp_ctrl[1855]  out     0.1000   0.0000    0.40   --      --         
cp_ctrl[1856]  out     0.1000   0.0000    0.40   --      --         
cp_ctrl[1857]  out     0.1000   0.0000    0.40   --      --         
cp_ctrl[1858]  out     0.1000   0.0000    0.40   --      --         
cp_ctrl[1859]  out     0.1000   0.0000    0.40   --      --         
cp_ctrl[1860]  out     0.1000   0.0000    0.40   --      --         
cp_ctrl[1861]  out     0.1000   0.0000    0.40   --      --         
cp_ctrl[1862]  out     0.1000   0.0000    0.40   --      --         
cp_ctrl[1863]  out     0.1000   0.0000    0.40   --      --         
cp_ctrl[1864]  out     0.1000   0.0000    0.40   --      --         
cp_ctrl[1865]  out     0.1000   0.0000    0.40   --      --         
cp_ctrl[1866]  out     0.1000   0.0000    0.40   --      --         
cp_ctrl[1867]  out     0.1000   0.0000    0.40   --      --         
cp_ctrl[1868]  out     0.1000   0.0000    0.40   --      --         
cp_ctrl[1869]  out     0.1000   0.0000    0.40   --      --         
cp_ctrl[1870]  out     0.1000   0.0000    0.40   --      --         
cp_ctrl[1871]  out     0.1000   0.0000    0.40   --      --         
cp_ctrl[1872]  out     0.1000   0.0000    0.40   --      --         
cp_ctrl[1873]  out     0.1000   0.0000    0.40   --      --         
cp_ctrl[1874]  out     0.1000   0.0000    0.40   --      --         
cp_ctrl[1875]  out     0.1000   0.0000    0.40   --      --         
cp_ctrl[1876]  out     0.1000   0.0000    0.40   --      --         
cp_ctrl[1877]  out     0.1000   0.0000    0.40   --      --         
cp_ctrl[1878]  out     0.1000   0.0000    0.40   --      --         
cp_ctrl[1879]  out     0.1000   0.0000    0.40   --      --         
cp_ctrl[1880]  out     0.1000   0.0000    0.40   --      --         
cp_ctrl[1881]  out     0.1000   0.0000    0.40   --      --         
cp_ctrl[1882]  out     0.1000   0.0000    0.40   --      --         
cp_ctrl[1883]  out     0.1000   0.0000    0.40   --      --         
cp_ctrl[1884]  out     0.1000   0.0000    0.40   --      --         
cp_ctrl[1885]  out     0.1000   0.0000    0.40   --      --         
cp_ctrl[1886]  out     0.1000   0.0000    0.40   --      --         
cp_ctrl[1887]  out     0.1000   0.0000    0.40   --      --         
cp_ctrl[1888]  out     0.1000   0.0000    0.40   --      --         
cp_ctrl[1889]  out     0.1000   0.0000    0.40   --      --         
p_out          out     0.1000   0.0000    0.40   --      --         
p_out_vld      out     0.1000   0.0000    0.40   --      --         
rd_data_out    out     0.1000   0.0000    0.40   --      --         
rd_vld         out     0.1000   0.0000    0.40   --      --         


              External  Max             Min                Min       Min
              Number    Wireload        Wireload           Pin       Wire
Port          Points    Model           Model              Load      Load
--------------------------------------------------------------------------------
clk                1      --              --              --        -- 
p_code[0]          1      --              --              --        -- 
p_code[1]          1      --              --              --        -- 
p_code[2]          1      --              --              --        -- 
p_code[3]          1      --              --              --        -- 
p_code[4]          1      --              --              --        -- 
p_code[5]          1      --              --              --        -- 
p_code[6]          1      --              --              --        -- 
p_code[7]          1      --              --              --        -- 
p_code[8]          1      --              --              --        -- 
p_code[9]          1      --              --              --        -- 
p_code[10]         1      --              --              --        -- 
p_code[11]         1      --              --              --        -- 
p_code[12]         1      --              --              --        -- 
p_code[13]         1      --              --              --        -- 
p_code[14]         1      --              --              --        -- 
p_code[15]         1      --              --              --        -- 
p_code[16]         1      --              --              --        -- 
p_code[17]         1      --              --              --        -- 
p_code[18]         1      --              --              --        -- 
p_code[19]         1      --              --              --        -- 
p_code[20]         1      --              --              --        -- 
p_code[21]         1      --              --              --        -- 
p_code[22]         1      --              --              --        -- 
p_code[23]         1      --              --              --        -- 
p_code[24]         1      --              --              --        -- 
p_code[25]         1      --              --              --        -- 
p_code[26]         1      --              --              --        -- 
p_code[27]         1      --              --              --        -- 
p_code[28]         1      --              --              --        -- 
p_code[29]         1      --              --              --        -- 
p_code[30]         1      --              --              --        -- 
p_code[31]         1      --              --              --        -- 
p_code[32]         1      --              --              --        -- 
p_code[33]         1      --              --              --        -- 
p_code[34]         1      --              --              --        -- 
p_code[35]         1      --              --              --        -- 
p_code[36]         1      --              --              --        -- 
p_code[37]         1      --              --              --        -- 
p_code[38]         1      --              --              --        -- 
p_code[39]         1      --              --              --        -- 
p_code[40]         1      --              --              --        -- 
p_code[41]         1      --              --              --        -- 
p_code[42]         1      --              --              --        -- 
p_code[43]         1      --              --              --        -- 
p_code[44]         1      --              --              --        -- 
p_code[45]         1      --              --              --        -- 
p_code[46]         1      --              --              --        -- 
p_code[47]         1      --              --              --        -- 
p_code[48]         1      --              --              --        -- 
p_code[49]         1      --              --              --        -- 
p_code[50]         1      --              --              --        -- 
p_code[51]         1      --              --              --        -- 
p_code[52]         1      --              --              --        -- 
p_code[53]         1      --              --              --        -- 
p_code[54]         1      --              --              --        -- 
p_code[55]         1      --              --              --        -- 
p_code[56]         1      --              --              --        -- 
p_code[57]         1      --              --              --        -- 
p_code[58]         1      --              --              --        -- 
p_code[59]         1      --              --              --        -- 
p_code[60]         1      --              --              --        -- 
p_code[61]         1      --              --              --        -- 
p_code[62]         1      --              --              --        -- 
p_code[63]         1      --              --              --        -- 
p_code[64]         1      --              --              --        -- 
p_code[65]         1      --              --              --        -- 
p_code[66]         1      --              --              --        -- 
p_code[67]         1      --              --              --        -- 
p_code[68]         1      --              --              --        -- 
p_code[69]         1      --              --              --        -- 
p_code[70]         1      --              --              --        -- 
p_code[71]         1      --              --              --        -- 
p_code[72]         1      --              --              --        -- 
p_code[73]         1      --              --              --        -- 
p_code[74]         1      --              --              --        -- 
p_code[75]         1      --              --              --        -- 
p_code[76]         1      --              --              --        -- 
p_code[77]         1      --              --              --        -- 
p_code[78]         1      --              --              --        -- 
p_code[79]         1      --              --              --        -- 
p_code[80]         1      --              --              --        -- 
p_code[81]         1      --              --              --        -- 
p_code[82]         1      --              --              --        -- 
p_code[83]         1      --              --              --        -- 
p_code[84]         1      --              --              --        -- 
p_code[85]         1      --              --              --        -- 
p_code[86]         1      --              --              --        -- 
p_code[87]         1      --              --              --        -- 
p_code[88]         1      --              --              --        -- 
p_code[89]         1      --              --              --        -- 
p_code_vld         1      --              --              --        -- 
rd_rdy             1      --              --              --        -- 
rstn               1      --              --              --        -- 
wr_data_in         1      --              --              --        -- 
wr_vld             1      --              --              --        -- 
cp_ctrl[0]         1      --              --              --        -- 
cp_ctrl[1]         1      --              --              --        -- 
cp_ctrl[2]         1      --              --              --        -- 
cp_ctrl[3]         1      --              --              --        -- 
cp_ctrl[4]         1      --              --              --        -- 
cp_ctrl[5]         1      --              --              --        -- 
cp_ctrl[6]         1      --              --              --        -- 
cp_ctrl[7]         1      --              --              --        -- 
cp_ctrl[8]         1      --              --              --        -- 
cp_ctrl[9]         1      --              --              --        -- 
cp_ctrl[10]        1      --              --              --        -- 
cp_ctrl[11]        1      --              --              --        -- 
cp_ctrl[12]        1      --              --              --        -- 
cp_ctrl[13]        1      --              --              --        -- 
cp_ctrl[14]        1      --              --              --        -- 
cp_ctrl[15]        1      --              --              --        -- 
cp_ctrl[16]        1      --              --              --        -- 
cp_ctrl[17]        1      --              --              --        -- 
cp_ctrl[18]        1      --              --              --        -- 
cp_ctrl[19]        1      --              --              --        -- 
cp_ctrl[20]        1      --              --              --        -- 
cp_ctrl[21]        1      --              --              --        -- 
cp_ctrl[22]        1      --              --              --        -- 
cp_ctrl[23]        1      --              --              --        -- 
cp_ctrl[24]        1      --              --              --        -- 
cp_ctrl[25]        1      --              --              --        -- 
cp_ctrl[26]        1      --              --              --        -- 
cp_ctrl[27]        1      --              --              --        -- 
cp_ctrl[28]        1      --              --              --        -- 
cp_ctrl[29]        1      --              --              --        -- 
cp_ctrl[30]        1      --              --              --        -- 
cp_ctrl[31]        1      --              --              --        -- 
cp_ctrl[32]        1      --              --              --        -- 
cp_ctrl[33]        1      --              --              --        -- 
cp_ctrl[34]        1      --              --              --        -- 
cp_ctrl[35]        1      --              --              --        -- 
cp_ctrl[36]        1      --              --              --        -- 
cp_ctrl[37]        1      --              --              --        -- 
cp_ctrl[38]        1      --              --              --        -- 
cp_ctrl[39]        1      --              --              --        -- 
cp_ctrl[40]        1      --              --              --        -- 
cp_ctrl[41]        1      --              --              --        -- 
cp_ctrl[42]        1      --              --              --        -- 
cp_ctrl[43]        1      --              --              --        -- 
cp_ctrl[44]        1      --              --              --        -- 
cp_ctrl[45]        1      --              --              --        -- 
cp_ctrl[46]        1      --              --              --        -- 
cp_ctrl[47]        1      --              --              --        -- 
cp_ctrl[48]        1      --              --              --        -- 
cp_ctrl[49]        1      --              --              --        -- 
cp_ctrl[50]        1      --              --              --        -- 
cp_ctrl[51]        1      --              --              --        -- 
cp_ctrl[52]        1      --              --              --        -- 
cp_ctrl[53]        1      --              --              --        -- 
cp_ctrl[54]        1      --              --              --        -- 
cp_ctrl[55]        1      --              --              --        -- 
cp_ctrl[56]        1      --              --              --        -- 
cp_ctrl[57]        1      --              --              --        -- 
cp_ctrl[58]        1      --              --              --        -- 
cp_ctrl[59]        1      --              --              --        -- 
cp_ctrl[60]        1      --              --              --        -- 
cp_ctrl[61]        1      --              --              --        -- 
cp_ctrl[62]        1      --              --              --        -- 
cp_ctrl[63]        1      --              --              --        -- 
cp_ctrl[64]        1      --              --              --        -- 
cp_ctrl[65]        1      --              --              --        -- 
cp_ctrl[66]        1      --              --              --        -- 
cp_ctrl[67]        1      --              --              --        -- 
cp_ctrl[68]        1      --              --              --        -- 
cp_ctrl[69]        1      --              --              --        -- 
cp_ctrl[70]        1      --              --              --        -- 
cp_ctrl[71]        1      --              --              --        -- 
cp_ctrl[72]        1      --              --              --        -- 
cp_ctrl[73]        1      --              --              --        -- 
cp_ctrl[74]        1      --              --              --        -- 
cp_ctrl[75]        1      --              --              --        -- 
cp_ctrl[76]        1      --              --              --        -- 
cp_ctrl[77]        1      --              --              --        -- 
cp_ctrl[78]        1      --              --              --        -- 
cp_ctrl[79]        1      --              --              --        -- 
cp_ctrl[80]        1      --              --              --        -- 
cp_ctrl[81]        1      --              --              --        -- 
cp_ctrl[82]        1      --              --              --        -- 
cp_ctrl[83]        1      --              --              --        -- 
cp_ctrl[84]        1      --              --              --        -- 
cp_ctrl[85]        1      --              --              --        -- 
cp_ctrl[86]        1      --              --              --        -- 
cp_ctrl[87]        1      --              --              --        -- 
cp_ctrl[88]        1      --              --              --        -- 
cp_ctrl[89]        1      --              --              --        -- 
cp_ctrl[90]        1      --              --              --        -- 
cp_ctrl[91]        1      --              --              --        -- 
cp_ctrl[92]        1      --              --              --        -- 
cp_ctrl[93]        1      --              --              --        -- 
cp_ctrl[94]        1      --              --              --        -- 
cp_ctrl[95]        1      --              --              --        -- 
cp_ctrl[96]        1      --              --              --        -- 
cp_ctrl[97]        1      --              --              --        -- 
cp_ctrl[98]        1      --              --              --        -- 
cp_ctrl[99]        1      --              --              --        -- 
cp_ctrl[100]       1      --              --              --        -- 
cp_ctrl[101]       1      --              --              --        -- 
cp_ctrl[102]       1      --              --              --        -- 
cp_ctrl[103]       1      --              --              --        -- 
cp_ctrl[104]       1      --              --              --        -- 
cp_ctrl[105]       1      --              --              --        -- 
cp_ctrl[106]       1      --              --              --        -- 
cp_ctrl[107]       1      --              --              --        -- 
cp_ctrl[108]       1      --              --              --        -- 
cp_ctrl[109]       1      --              --              --        -- 
cp_ctrl[110]       1      --              --              --        -- 
cp_ctrl[111]       1      --              --              --        -- 
cp_ctrl[112]       1      --              --              --        -- 
cp_ctrl[113]       1      --              --              --        -- 
cp_ctrl[114]       1      --              --              --        -- 
cp_ctrl[115]       1      --              --              --        -- 
cp_ctrl[116]       1      --              --              --        -- 
cp_ctrl[117]       1      --              --              --        -- 
cp_ctrl[118]       1      --              --              --        -- 
cp_ctrl[119]       1      --              --              --        -- 
cp_ctrl[120]       1      --              --              --        -- 
cp_ctrl[121]       1      --              --              --        -- 
cp_ctrl[122]       1      --              --              --        -- 
cp_ctrl[123]       1      --              --              --        -- 
cp_ctrl[124]       1      --              --              --        -- 
cp_ctrl[125]       1      --              --              --        -- 
cp_ctrl[126]       1      --              --              --        -- 
cp_ctrl[127]       1      --              --              --        -- 
cp_ctrl[128]       1      --              --              --        -- 
cp_ctrl[129]       1      --              --              --        -- 
cp_ctrl[130]       1      --              --              --        -- 
cp_ctrl[131]       1      --              --              --        -- 
cp_ctrl[132]       1      --              --              --        -- 
cp_ctrl[133]       1      --              --              --        -- 
cp_ctrl[134]       1      --              --              --        -- 
cp_ctrl[135]       1      --              --              --        -- 
cp_ctrl[136]       1      --              --              --        -- 
cp_ctrl[137]       1      --              --              --        -- 
cp_ctrl[138]       1      --              --              --        -- 
cp_ctrl[139]       1      --              --              --        -- 
cp_ctrl[140]       1      --              --              --        -- 
cp_ctrl[141]       1      --              --              --        -- 
cp_ctrl[142]       1      --              --              --        -- 
cp_ctrl[143]       1      --              --              --        -- 
cp_ctrl[144]       1      --              --              --        -- 
cp_ctrl[145]       1      --              --              --        -- 
cp_ctrl[146]       1      --              --              --        -- 
cp_ctrl[147]       1      --              --              --        -- 
cp_ctrl[148]       1      --              --              --        -- 
cp_ctrl[149]       1      --              --              --        -- 
cp_ctrl[150]       1      --              --              --        -- 
cp_ctrl[151]       1      --              --              --        -- 
cp_ctrl[152]       1      --              --              --        -- 
cp_ctrl[153]       1      --              --              --        -- 
cp_ctrl[154]       1      --              --              --        -- 
cp_ctrl[155]       1      --              --              --        -- 
cp_ctrl[156]       1      --              --              --        -- 
cp_ctrl[157]       1      --              --              --        -- 
cp_ctrl[158]       1      --              --              --        -- 
cp_ctrl[159]       1      --              --              --        -- 
cp_ctrl[160]       1      --              --              --        -- 
cp_ctrl[161]       1      --              --              --        -- 
cp_ctrl[162]       1      --              --              --        -- 
cp_ctrl[163]       1      --              --              --        -- 
cp_ctrl[164]       1      --              --              --        -- 
cp_ctrl[165]       1      --              --              --        -- 
cp_ctrl[166]       1      --              --              --        -- 
cp_ctrl[167]       1      --              --              --        -- 
cp_ctrl[168]       1      --              --              --        -- 
cp_ctrl[169]       1      --              --              --        -- 
cp_ctrl[170]       1      --              --              --        -- 
cp_ctrl[171]       1      --              --              --        -- 
cp_ctrl[172]       1      --              --              --        -- 
cp_ctrl[173]       1      --              --              --        -- 
cp_ctrl[174]       1      --              --              --        -- 
cp_ctrl[175]       1      --              --              --        -- 
cp_ctrl[176]       1      --              --              --        -- 
cp_ctrl[177]       1      --              --              --        -- 
cp_ctrl[178]       1      --              --              --        -- 
cp_ctrl[179]       1      --              --              --        -- 
cp_ctrl[180]       1      --              --              --        -- 
cp_ctrl[181]       1      --              --              --        -- 
cp_ctrl[182]       1      --              --              --        -- 
cp_ctrl[183]       1      --              --              --        -- 
cp_ctrl[184]       1      --              --              --        -- 
cp_ctrl[185]       1      --              --              --        -- 
cp_ctrl[186]       1      --              --              --        -- 
cp_ctrl[187]       1      --              --              --        -- 
cp_ctrl[188]       1      --              --              --        -- 
cp_ctrl[189]       1      --              --              --        -- 
cp_ctrl[190]       1      --              --              --        -- 
cp_ctrl[191]       1      --              --              --        -- 
cp_ctrl[192]       1      --              --              --        -- 
cp_ctrl[193]       1      --              --              --        -- 
cp_ctrl[194]       1      --              --              --        -- 
cp_ctrl[195]       1      --              --              --        -- 
cp_ctrl[196]       1      --              --              --        -- 
cp_ctrl[197]       1      --              --              --        -- 
cp_ctrl[198]       1      --              --              --        -- 
cp_ctrl[199]       1      --              --              --        -- 
cp_ctrl[200]       1      --              --              --        -- 
cp_ctrl[201]       1      --              --              --        -- 
cp_ctrl[202]       1      --              --              --        -- 
cp_ctrl[203]       1      --              --              --        -- 
cp_ctrl[204]       1      --              --              --        -- 
cp_ctrl[205]       1      --              --              --        -- 
cp_ctrl[206]       1      --              --              --        -- 
cp_ctrl[207]       1      --              --              --        -- 
cp_ctrl[208]       1      --              --              --        -- 
cp_ctrl[209]       1      --              --              --        -- 
cp_ctrl[210]       1      --              --              --        -- 
cp_ctrl[211]       1      --              --              --        -- 
cp_ctrl[212]       1      --              --              --        -- 
cp_ctrl[213]       1      --              --              --        -- 
cp_ctrl[214]       1      --              --              --        -- 
cp_ctrl[215]       1      --              --              --        -- 
cp_ctrl[216]       1      --              --              --        -- 
cp_ctrl[217]       1      --              --              --        -- 
cp_ctrl[218]       1      --              --              --        -- 
cp_ctrl[219]       1      --              --              --        -- 
cp_ctrl[220]       1      --              --              --        -- 
cp_ctrl[221]       1      --              --              --        -- 
cp_ctrl[222]       1      --              --              --        -- 
cp_ctrl[223]       1      --              --              --        -- 
cp_ctrl[224]       1      --              --              --        -- 
cp_ctrl[225]       1      --              --              --        -- 
cp_ctrl[226]       1      --              --              --        -- 
cp_ctrl[227]       1      --              --              --        -- 
cp_ctrl[228]       1      --              --              --        -- 
cp_ctrl[229]       1      --              --              --        -- 
cp_ctrl[230]       1      --              --              --        -- 
cp_ctrl[231]       1      --              --              --        -- 
cp_ctrl[232]       1      --              --              --        -- 
cp_ctrl[233]       1      --              --              --        -- 
cp_ctrl[234]       1      --              --              --        -- 
cp_ctrl[235]       1      --              --              --        -- 
cp_ctrl[236]       1      --              --              --        -- 
cp_ctrl[237]       1      --              --              --        -- 
cp_ctrl[238]       1      --              --              --        -- 
cp_ctrl[239]       1      --              --              --        -- 
cp_ctrl[240]       1      --              --              --        -- 
cp_ctrl[241]       1      --              --              --        -- 
cp_ctrl[242]       1      --              --              --        -- 
cp_ctrl[243]       1      --              --              --        -- 
cp_ctrl[244]       1      --              --              --        -- 
cp_ctrl[245]       1      --              --              --        -- 
cp_ctrl[246]       1      --              --              --        -- 
cp_ctrl[247]       1      --              --              --        -- 
cp_ctrl[248]       1      --              --              --        -- 
cp_ctrl[249]       1      --              --              --        -- 
cp_ctrl[250]       1      --              --              --        -- 
cp_ctrl[251]       1      --              --              --        -- 
cp_ctrl[252]       1      --              --              --        -- 
cp_ctrl[253]       1      --              --              --        -- 
cp_ctrl[254]       1      --              --              --        -- 
cp_ctrl[255]       1      --              --              --        -- 
cp_ctrl[256]       1      --              --              --        -- 
cp_ctrl[257]       1      --              --              --        -- 
cp_ctrl[258]       1      --              --              --        -- 
cp_ctrl[259]       1      --              --              --        -- 
cp_ctrl[260]       1      --              --              --        -- 
cp_ctrl[261]       1      --              --              --        -- 
cp_ctrl[262]       1      --              --              --        -- 
cp_ctrl[263]       1      --              --              --        -- 
cp_ctrl[264]       1      --              --              --        -- 
cp_ctrl[265]       1      --              --              --        -- 
cp_ctrl[266]       1      --              --              --        -- 
cp_ctrl[267]       1      --              --              --        -- 
cp_ctrl[268]       1      --              --              --        -- 
cp_ctrl[269]       1      --              --              --        -- 
cp_ctrl[270]       1      --              --              --        -- 
cp_ctrl[271]       1      --              --              --        -- 
cp_ctrl[272]       1      --              --              --        -- 
cp_ctrl[273]       1      --              --              --        -- 
cp_ctrl[274]       1      --              --              --        -- 
cp_ctrl[275]       1      --              --              --        -- 
cp_ctrl[276]       1      --              --              --        -- 
cp_ctrl[277]       1      --              --              --        -- 
cp_ctrl[278]       1      --              --              --        -- 
cp_ctrl[279]       1      --              --              --        -- 
cp_ctrl[280]       1      --              --              --        -- 
cp_ctrl[281]       1      --              --              --        -- 
cp_ctrl[282]       1      --              --              --        -- 
cp_ctrl[283]       1      --              --              --        -- 
cp_ctrl[284]       1      --              --              --        -- 
cp_ctrl[285]       1      --              --              --        -- 
cp_ctrl[286]       1      --              --              --        -- 
cp_ctrl[287]       1      --              --              --        -- 
cp_ctrl[288]       1      --              --              --        -- 
cp_ctrl[289]       1      --              --              --        -- 
cp_ctrl[290]       1      --              --              --        -- 
cp_ctrl[291]       1      --              --              --        -- 
cp_ctrl[292]       1      --              --              --        -- 
cp_ctrl[293]       1      --              --              --        -- 
cp_ctrl[294]       1      --              --              --        -- 
cp_ctrl[295]       1      --              --              --        -- 
cp_ctrl[296]       1      --              --              --        -- 
cp_ctrl[297]       1      --              --              --        -- 
cp_ctrl[298]       1      --              --              --        -- 
cp_ctrl[299]       1      --              --              --        -- 
cp_ctrl[300]       1      --              --              --        -- 
cp_ctrl[301]       1      --              --              --        -- 
cp_ctrl[302]       1      --              --              --        -- 
cp_ctrl[303]       1      --              --              --        -- 
cp_ctrl[304]       1      --              --              --        -- 
cp_ctrl[305]       1      --              --              --        -- 
cp_ctrl[306]       1      --              --              --        -- 
cp_ctrl[307]       1      --              --              --        -- 
cp_ctrl[308]       1      --              --              --        -- 
cp_ctrl[309]       1      --              --              --        -- 
cp_ctrl[310]       1      --              --              --        -- 
cp_ctrl[311]       1      --              --              --        -- 
cp_ctrl[312]       1      --              --              --        -- 
cp_ctrl[313]       1      --              --              --        -- 
cp_ctrl[314]       1      --              --              --        -- 
cp_ctrl[315]       1      --              --              --        -- 
cp_ctrl[316]       1      --              --              --        -- 
cp_ctrl[317]       1      --              --              --        -- 
cp_ctrl[318]       1      --              --              --        -- 
cp_ctrl[319]       1      --              --              --        -- 
cp_ctrl[320]       1      --              --              --        -- 
cp_ctrl[321]       1      --              --              --        -- 
cp_ctrl[322]       1      --              --              --        -- 
cp_ctrl[323]       1      --              --              --        -- 
cp_ctrl[324]       1      --              --              --        -- 
cp_ctrl[325]       1      --              --              --        -- 
cp_ctrl[326]       1      --              --              --        -- 
cp_ctrl[327]       1      --              --              --        -- 
cp_ctrl[328]       1      --              --              --        -- 
cp_ctrl[329]       1      --              --              --        -- 
cp_ctrl[330]       1      --              --              --        -- 
cp_ctrl[331]       1      --              --              --        -- 
cp_ctrl[332]       1      --              --              --        -- 
cp_ctrl[333]       1      --              --              --        -- 
cp_ctrl[334]       1      --              --              --        -- 
cp_ctrl[335]       1      --              --              --        -- 
cp_ctrl[336]       1      --              --              --        -- 
cp_ctrl[337]       1      --              --              --        -- 
cp_ctrl[338]       1      --              --              --        -- 
cp_ctrl[339]       1      --              --              --        -- 
cp_ctrl[340]       1      --              --              --        -- 
cp_ctrl[341]       1      --              --              --        -- 
cp_ctrl[342]       1      --              --              --        -- 
cp_ctrl[343]       1      --              --              --        -- 
cp_ctrl[344]       1      --              --              --        -- 
cp_ctrl[345]       1      --              --              --        -- 
cp_ctrl[346]       1      --              --              --        -- 
cp_ctrl[347]       1      --              --              --        -- 
cp_ctrl[348]       1      --              --              --        -- 
cp_ctrl[349]       1      --              --              --        -- 
cp_ctrl[350]       1      --              --              --        -- 
cp_ctrl[351]       1      --              --              --        -- 
cp_ctrl[352]       1      --              --              --        -- 
cp_ctrl[353]       1      --              --              --        -- 
cp_ctrl[354]       1      --              --              --        -- 
cp_ctrl[355]       1      --              --              --        -- 
cp_ctrl[356]       1      --              --              --        -- 
cp_ctrl[357]       1      --              --              --        -- 
cp_ctrl[358]       1      --              --              --        -- 
cp_ctrl[359]       1      --              --              --        -- 
cp_ctrl[360]       1      --              --              --        -- 
cp_ctrl[361]       1      --              --              --        -- 
cp_ctrl[362]       1      --              --              --        -- 
cp_ctrl[363]       1      --              --              --        -- 
cp_ctrl[364]       1      --              --              --        -- 
cp_ctrl[365]       1      --              --              --        -- 
cp_ctrl[366]       1      --              --              --        -- 
cp_ctrl[367]       1      --              --              --        -- 
cp_ctrl[368]       1      --              --              --        -- 
cp_ctrl[369]       1      --              --              --        -- 
cp_ctrl[370]       1      --              --              --        -- 
cp_ctrl[371]       1      --              --              --        -- 
cp_ctrl[372]       1      --              --              --        -- 
cp_ctrl[373]       1      --              --              --        -- 
cp_ctrl[374]       1      --              --              --        -- 
cp_ctrl[375]       1      --              --              --        -- 
cp_ctrl[376]       1      --              --              --        -- 
cp_ctrl[377]       1      --              --              --        -- 
cp_ctrl[378]       1      --              --              --        -- 
cp_ctrl[379]       1      --              --              --        -- 
cp_ctrl[380]       1      --              --              --        -- 
cp_ctrl[381]       1      --              --              --        -- 
cp_ctrl[382]       1      --              --              --        -- 
cp_ctrl[383]       1      --              --              --        -- 
cp_ctrl[384]       1      --              --              --        -- 
cp_ctrl[385]       1      --              --              --        -- 
cp_ctrl[386]       1      --              --              --        -- 
cp_ctrl[387]       1      --              --              --        -- 
cp_ctrl[388]       1      --              --              --        -- 
cp_ctrl[389]       1      --              --              --        -- 
cp_ctrl[390]       1      --              --              --        -- 
cp_ctrl[391]       1      --              --              --        -- 
cp_ctrl[392]       1      --              --              --        -- 
cp_ctrl[393]       1      --              --              --        -- 
cp_ctrl[394]       1      --              --              --        -- 
cp_ctrl[395]       1      --              --              --        -- 
cp_ctrl[396]       1      --              --              --        -- 
cp_ctrl[397]       1      --              --              --        -- 
cp_ctrl[398]       1      --              --              --        -- 
cp_ctrl[399]       1      --              --              --        -- 
cp_ctrl[400]       1      --              --              --        -- 
cp_ctrl[401]       1      --              --              --        -- 
cp_ctrl[402]       1      --              --              --        -- 
cp_ctrl[403]       1      --              --              --        -- 
cp_ctrl[404]       1      --              --              --        -- 
cp_ctrl[405]       1      --              --              --        -- 
cp_ctrl[406]       1      --              --              --        -- 
cp_ctrl[407]       1      --              --              --        -- 
cp_ctrl[408]       1      --              --              --        -- 
cp_ctrl[409]       1      --              --              --        -- 
cp_ctrl[410]       1      --              --              --        -- 
cp_ctrl[411]       1      --              --              --        -- 
cp_ctrl[412]       1      --              --              --        -- 
cp_ctrl[413]       1      --              --              --        -- 
cp_ctrl[414]       1      --              --              --        -- 
cp_ctrl[415]       1      --              --              --        -- 
cp_ctrl[416]       1      --              --              --        -- 
cp_ctrl[417]       1      --              --              --        -- 
cp_ctrl[418]       1      --              --              --        -- 
cp_ctrl[419]       1      --              --              --        -- 
cp_ctrl[420]       1      --              --              --        -- 
cp_ctrl[421]       1      --              --              --        -- 
cp_ctrl[422]       1      --              --              --        -- 
cp_ctrl[423]       1      --              --              --        -- 
cp_ctrl[424]       1      --              --              --        -- 
cp_ctrl[425]       1      --              --              --        -- 
cp_ctrl[426]       1      --              --              --        -- 
cp_ctrl[427]       1      --              --              --        -- 
cp_ctrl[428]       1      --              --              --        -- 
cp_ctrl[429]       1      --              --              --        -- 
cp_ctrl[430]       1      --              --              --        -- 
cp_ctrl[431]       1      --              --              --        -- 
cp_ctrl[432]       1      --              --              --        -- 
cp_ctrl[433]       1      --              --              --        -- 
cp_ctrl[434]       1      --              --              --        -- 
cp_ctrl[435]       1      --              --              --        -- 
cp_ctrl[436]       1      --              --              --        -- 
cp_ctrl[437]       1      --              --              --        -- 
cp_ctrl[438]       1      --              --              --        -- 
cp_ctrl[439]       1      --              --              --        -- 
cp_ctrl[440]       1      --              --              --        -- 
cp_ctrl[441]       1      --              --              --        -- 
cp_ctrl[442]       1      --              --              --        -- 
cp_ctrl[443]       1      --              --              --        -- 
cp_ctrl[444]       1      --              --              --        -- 
cp_ctrl[445]       1      --              --              --        -- 
cp_ctrl[446]       1      --              --              --        -- 
cp_ctrl[447]       1      --              --              --        -- 
cp_ctrl[448]       1      --              --              --        -- 
cp_ctrl[449]       1      --              --              --        -- 
cp_ctrl[450]       1      --              --              --        -- 
cp_ctrl[451]       1      --              --              --        -- 
cp_ctrl[452]       1      --              --              --        -- 
cp_ctrl[453]       1      --              --              --        -- 
cp_ctrl[454]       1      --              --              --        -- 
cp_ctrl[455]       1      --              --              --        -- 
cp_ctrl[456]       1      --              --              --        -- 
cp_ctrl[457]       1      --              --              --        -- 
cp_ctrl[458]       1      --              --              --        -- 
cp_ctrl[459]       1      --              --              --        -- 
cp_ctrl[460]       1      --              --              --        -- 
cp_ctrl[461]       1      --              --              --        -- 
cp_ctrl[462]       1      --              --              --        -- 
cp_ctrl[463]       1      --              --              --        -- 
cp_ctrl[464]       1      --              --              --        -- 
cp_ctrl[465]       1      --              --              --        -- 
cp_ctrl[466]       1      --              --              --        -- 
cp_ctrl[467]       1      --              --              --        -- 
cp_ctrl[468]       1      --              --              --        -- 
cp_ctrl[469]       1      --              --              --        -- 
cp_ctrl[470]       1      --              --              --        -- 
cp_ctrl[471]       1      --              --              --        -- 
cp_ctrl[472]       1      --              --              --        -- 
cp_ctrl[473]       1      --              --              --        -- 
cp_ctrl[474]       1      --              --              --        -- 
cp_ctrl[475]       1      --              --              --        -- 
cp_ctrl[476]       1      --              --              --        -- 
cp_ctrl[477]       1      --              --              --        -- 
cp_ctrl[478]       1      --              --              --        -- 
cp_ctrl[479]       1      --              --              --        -- 
cp_ctrl[480]       1      --              --              --        -- 
cp_ctrl[481]       1      --              --              --        -- 
cp_ctrl[482]       1      --              --              --        -- 
cp_ctrl[483]       1      --              --              --        -- 
cp_ctrl[484]       1      --              --              --        -- 
cp_ctrl[485]       1      --              --              --        -- 
cp_ctrl[486]       1      --              --              --        -- 
cp_ctrl[487]       1      --              --              --        -- 
cp_ctrl[488]       1      --              --              --        -- 
cp_ctrl[489]       1      --              --              --        -- 
cp_ctrl[490]       1      --              --              --        -- 
cp_ctrl[491]       1      --              --              --        -- 
cp_ctrl[492]       1      --              --              --        -- 
cp_ctrl[493]       1      --              --              --        -- 
cp_ctrl[494]       1      --              --              --        -- 
cp_ctrl[495]       1      --              --              --        -- 
cp_ctrl[496]       1      --              --              --        -- 
cp_ctrl[497]       1      --              --              --        -- 
cp_ctrl[498]       1      --              --              --        -- 
cp_ctrl[499]       1      --              --              --        -- 
cp_ctrl[500]       1      --              --              --        -- 
cp_ctrl[501]       1      --              --              --        -- 
cp_ctrl[502]       1      --              --              --        -- 
cp_ctrl[503]       1      --              --              --        -- 
cp_ctrl[504]       1      --              --              --        -- 
cp_ctrl[505]       1      --              --              --        -- 
cp_ctrl[506]       1      --              --              --        -- 
cp_ctrl[507]       1      --              --              --        -- 
cp_ctrl[508]       1      --              --              --        -- 
cp_ctrl[509]       1      --              --              --        -- 
cp_ctrl[510]       1      --              --              --        -- 
cp_ctrl[511]       1      --              --              --        -- 
cp_ctrl[512]       1      --              --              --        -- 
cp_ctrl[513]       1      --              --              --        -- 
cp_ctrl[514]       1      --              --              --        -- 
cp_ctrl[515]       1      --              --              --        -- 
cp_ctrl[516]       1      --              --              --        -- 
cp_ctrl[517]       1      --              --              --        -- 
cp_ctrl[518]       1      --              --              --        -- 
cp_ctrl[519]       1      --              --              --        -- 
cp_ctrl[520]       1      --              --              --        -- 
cp_ctrl[521]       1      --              --              --        -- 
cp_ctrl[522]       1      --              --              --        -- 
cp_ctrl[523]       1      --              --              --        -- 
cp_ctrl[524]       1      --              --              --        -- 
cp_ctrl[525]       1      --              --              --        -- 
cp_ctrl[526]       1      --              --              --        -- 
cp_ctrl[527]       1      --              --              --        -- 
cp_ctrl[528]       1      --              --              --        -- 
cp_ctrl[529]       1      --              --              --        -- 
cp_ctrl[530]       1      --              --              --        -- 
cp_ctrl[531]       1      --              --              --        -- 
cp_ctrl[532]       1      --              --              --        -- 
cp_ctrl[533]       1      --              --              --        -- 
cp_ctrl[534]       1      --              --              --        -- 
cp_ctrl[535]       1      --              --              --        -- 
cp_ctrl[536]       1      --              --              --        -- 
cp_ctrl[537]       1      --              --              --        -- 
cp_ctrl[538]       1      --              --              --        -- 
cp_ctrl[539]       1      --              --              --        -- 
cp_ctrl[540]       1      --              --              --        -- 
cp_ctrl[541]       1      --              --              --        -- 
cp_ctrl[542]       1      --              --              --        -- 
cp_ctrl[543]       1      --              --              --        -- 
cp_ctrl[544]       1      --              --              --        -- 
cp_ctrl[545]       1      --              --              --        -- 
cp_ctrl[546]       1      --              --              --        -- 
cp_ctrl[547]       1      --              --              --        -- 
cp_ctrl[548]       1      --              --              --        -- 
cp_ctrl[549]       1      --              --              --        -- 
cp_ctrl[550]       1      --              --              --        -- 
cp_ctrl[551]       1      --              --              --        -- 
cp_ctrl[552]       1      --              --              --        -- 
cp_ctrl[553]       1      --              --              --        -- 
cp_ctrl[554]       1      --              --              --        -- 
cp_ctrl[555]       1      --              --              --        -- 
cp_ctrl[556]       1      --              --              --        -- 
cp_ctrl[557]       1      --              --              --        -- 
cp_ctrl[558]       1      --              --              --        -- 
cp_ctrl[559]       1      --              --              --        -- 
cp_ctrl[560]       1      --              --              --        -- 
cp_ctrl[561]       1      --              --              --        -- 
cp_ctrl[562]       1      --              --              --        -- 
cp_ctrl[563]       1      --              --              --        -- 
cp_ctrl[564]       1      --              --              --        -- 
cp_ctrl[565]       1      --              --              --        -- 
cp_ctrl[566]       1      --              --              --        -- 
cp_ctrl[567]       1      --              --              --        -- 
cp_ctrl[568]       1      --              --              --        -- 
cp_ctrl[569]       1      --              --              --        -- 
cp_ctrl[570]       1      --              --              --        -- 
cp_ctrl[571]       1      --              --              --        -- 
cp_ctrl[572]       1      --              --              --        -- 
cp_ctrl[573]       1      --              --              --        -- 
cp_ctrl[574]       1      --              --              --        -- 
cp_ctrl[575]       1      --              --              --        -- 
cp_ctrl[576]       1      --              --              --        -- 
cp_ctrl[577]       1      --              --              --        -- 
cp_ctrl[578]       1      --              --              --        -- 
cp_ctrl[579]       1      --              --              --        -- 
cp_ctrl[580]       1      --              --              --        -- 
cp_ctrl[581]       1      --              --              --        -- 
cp_ctrl[582]       1      --              --              --        -- 
cp_ctrl[583]       1      --              --              --        -- 
cp_ctrl[584]       1      --              --              --        -- 
cp_ctrl[585]       1      --              --              --        -- 
cp_ctrl[586]       1      --              --              --        -- 
cp_ctrl[587]       1      --              --              --        -- 
cp_ctrl[588]       1      --              --              --        -- 
cp_ctrl[589]       1      --              --              --        -- 
cp_ctrl[590]       1      --              --              --        -- 
cp_ctrl[591]       1      --              --              --        -- 
cp_ctrl[592]       1      --              --              --        -- 
cp_ctrl[593]       1      --              --              --        -- 
cp_ctrl[594]       1      --              --              --        -- 
cp_ctrl[595]       1      --              --              --        -- 
cp_ctrl[596]       1      --              --              --        -- 
cp_ctrl[597]       1      --              --              --        -- 
cp_ctrl[598]       1      --              --              --        -- 
cp_ctrl[599]       1      --              --              --        -- 
cp_ctrl[600]       1      --              --              --        -- 
cp_ctrl[601]       1      --              --              --        -- 
cp_ctrl[602]       1      --              --              --        -- 
cp_ctrl[603]       1      --              --              --        -- 
cp_ctrl[604]       1      --              --              --        -- 
cp_ctrl[605]       1      --              --              --        -- 
cp_ctrl[606]       1      --              --              --        -- 
cp_ctrl[607]       1      --              --              --        -- 
cp_ctrl[608]       1      --              --              --        -- 
cp_ctrl[609]       1      --              --              --        -- 
cp_ctrl[610]       1      --              --              --        -- 
cp_ctrl[611]       1      --              --              --        -- 
cp_ctrl[612]       1      --              --              --        -- 
cp_ctrl[613]       1      --              --              --        -- 
cp_ctrl[614]       1      --              --              --        -- 
cp_ctrl[615]       1      --              --              --        -- 
cp_ctrl[616]       1      --              --              --        -- 
cp_ctrl[617]       1      --              --              --        -- 
cp_ctrl[618]       1      --              --              --        -- 
cp_ctrl[619]       1      --              --              --        -- 
cp_ctrl[620]       1      --              --              --        -- 
cp_ctrl[621]       1      --              --              --        -- 
cp_ctrl[622]       1      --              --              --        -- 
cp_ctrl[623]       1      --              --              --        -- 
cp_ctrl[624]       1      --              --              --        -- 
cp_ctrl[625]       1      --              --              --        -- 
cp_ctrl[626]       1      --              --              --        -- 
cp_ctrl[627]       1      --              --              --        -- 
cp_ctrl[628]       1      --              --              --        -- 
cp_ctrl[629]       1      --              --              --        -- 
cp_ctrl[630]       1      --              --              --        -- 
cp_ctrl[631]       1      --              --              --        -- 
cp_ctrl[632]       1      --              --              --        -- 
cp_ctrl[633]       1      --              --              --        -- 
cp_ctrl[634]       1      --              --              --        -- 
cp_ctrl[635]       1      --              --              --        -- 
cp_ctrl[636]       1      --              --              --        -- 
cp_ctrl[637]       1      --              --              --        -- 
cp_ctrl[638]       1      --              --              --        -- 
cp_ctrl[639]       1      --              --              --        -- 
cp_ctrl[640]       1      --              --              --        -- 
cp_ctrl[641]       1      --              --              --        -- 
cp_ctrl[642]       1      --              --              --        -- 
cp_ctrl[643]       1      --              --              --        -- 
cp_ctrl[644]       1      --              --              --        -- 
cp_ctrl[645]       1      --              --              --        -- 
cp_ctrl[646]       1      --              --              --        -- 
cp_ctrl[647]       1      --              --              --        -- 
cp_ctrl[648]       1      --              --              --        -- 
cp_ctrl[649]       1      --              --              --        -- 
cp_ctrl[650]       1      --              --              --        -- 
cp_ctrl[651]       1      --              --              --        -- 
cp_ctrl[652]       1      --              --              --        -- 
cp_ctrl[653]       1      --              --              --        -- 
cp_ctrl[654]       1      --              --              --        -- 
cp_ctrl[655]       1      --              --              --        -- 
cp_ctrl[656]       1      --              --              --        -- 
cp_ctrl[657]       1      --              --              --        -- 
cp_ctrl[658]       1      --              --              --        -- 
cp_ctrl[659]       1      --              --              --        -- 
cp_ctrl[660]       1      --              --              --        -- 
cp_ctrl[661]       1      --              --              --        -- 
cp_ctrl[662]       1      --              --              --        -- 
cp_ctrl[663]       1      --              --              --        -- 
cp_ctrl[664]       1      --              --              --        -- 
cp_ctrl[665]       1      --              --              --        -- 
cp_ctrl[666]       1      --              --              --        -- 
cp_ctrl[667]       1      --              --              --        -- 
cp_ctrl[668]       1      --              --              --        -- 
cp_ctrl[669]       1      --              --              --        -- 
cp_ctrl[670]       1      --              --              --        -- 
cp_ctrl[671]       1      --              --              --        -- 
cp_ctrl[672]       1      --              --              --        -- 
cp_ctrl[673]       1      --              --              --        -- 
cp_ctrl[674]       1      --              --              --        -- 
cp_ctrl[675]       1      --              --              --        -- 
cp_ctrl[676]       1      --              --              --        -- 
cp_ctrl[677]       1      --              --              --        -- 
cp_ctrl[678]       1      --              --              --        -- 
cp_ctrl[679]       1      --              --              --        -- 
cp_ctrl[680]       1      --              --              --        -- 
cp_ctrl[681]       1      --              --              --        -- 
cp_ctrl[682]       1      --              --              --        -- 
cp_ctrl[683]       1      --              --              --        -- 
cp_ctrl[684]       1      --              --              --        -- 
cp_ctrl[685]       1      --              --              --        -- 
cp_ctrl[686]       1      --              --              --        -- 
cp_ctrl[687]       1      --              --              --        -- 
cp_ctrl[688]       1      --              --              --        -- 
cp_ctrl[689]       1      --              --              --        -- 
cp_ctrl[690]       1      --              --              --        -- 
cp_ctrl[691]       1      --              --              --        -- 
cp_ctrl[692]       1      --              --              --        -- 
cp_ctrl[693]       1      --              --              --        -- 
cp_ctrl[694]       1      --              --              --        -- 
cp_ctrl[695]       1      --              --              --        -- 
cp_ctrl[696]       1      --              --              --        -- 
cp_ctrl[697]       1      --              --              --        -- 
cp_ctrl[698]       1      --              --              --        -- 
cp_ctrl[699]       1      --              --              --        -- 
cp_ctrl[700]       1      --              --              --        -- 
cp_ctrl[701]       1      --              --              --        -- 
cp_ctrl[702]       1      --              --              --        -- 
cp_ctrl[703]       1      --              --              --        -- 
cp_ctrl[704]       1      --              --              --        -- 
cp_ctrl[705]       1      --              --              --        -- 
cp_ctrl[706]       1      --              --              --        -- 
cp_ctrl[707]       1      --              --              --        -- 
cp_ctrl[708]       1      --              --              --        -- 
cp_ctrl[709]       1      --              --              --        -- 
cp_ctrl[710]       1      --              --              --        -- 
cp_ctrl[711]       1      --              --              --        -- 
cp_ctrl[712]       1      --              --              --        -- 
cp_ctrl[713]       1      --              --              --        -- 
cp_ctrl[714]       1      --              --              --        -- 
cp_ctrl[715]       1      --              --              --        -- 
cp_ctrl[716]       1      --              --              --        -- 
cp_ctrl[717]       1      --              --              --        -- 
cp_ctrl[718]       1      --              --              --        -- 
cp_ctrl[719]       1      --              --              --        -- 
cp_ctrl[720]       1      --              --              --        -- 
cp_ctrl[721]       1      --              --              --        -- 
cp_ctrl[722]       1      --              --              --        -- 
cp_ctrl[723]       1      --              --              --        -- 
cp_ctrl[724]       1      --              --              --        -- 
cp_ctrl[725]       1      --              --              --        -- 
cp_ctrl[726]       1      --              --              --        -- 
cp_ctrl[727]       1      --              --              --        -- 
cp_ctrl[728]       1      --              --              --        -- 
cp_ctrl[729]       1      --              --              --        -- 
cp_ctrl[730]       1      --              --              --        -- 
cp_ctrl[731]       1      --              --              --        -- 
cp_ctrl[732]       1      --              --              --        -- 
cp_ctrl[733]       1      --              --              --        -- 
cp_ctrl[734]       1      --              --              --        -- 
cp_ctrl[735]       1      --              --              --        -- 
cp_ctrl[736]       1      --              --              --        -- 
cp_ctrl[737]       1      --              --              --        -- 
cp_ctrl[738]       1      --              --              --        -- 
cp_ctrl[739]       1      --              --              --        -- 
cp_ctrl[740]       1      --              --              --        -- 
cp_ctrl[741]       1      --              --              --        -- 
cp_ctrl[742]       1      --              --              --        -- 
cp_ctrl[743]       1      --              --              --        -- 
cp_ctrl[744]       1      --              --              --        -- 
cp_ctrl[745]       1      --              --              --        -- 
cp_ctrl[746]       1      --              --              --        -- 
cp_ctrl[747]       1      --              --              --        -- 
cp_ctrl[748]       1      --              --              --        -- 
cp_ctrl[749]       1      --              --              --        -- 
cp_ctrl[750]       1      --              --              --        -- 
cp_ctrl[751]       1      --              --              --        -- 
cp_ctrl[752]       1      --              --              --        -- 
cp_ctrl[753]       1      --              --              --        -- 
cp_ctrl[754]       1      --              --              --        -- 
cp_ctrl[755]       1      --              --              --        -- 
cp_ctrl[756]       1      --              --              --        -- 
cp_ctrl[757]       1      --              --              --        -- 
cp_ctrl[758]       1      --              --              --        -- 
cp_ctrl[759]       1      --              --              --        -- 
cp_ctrl[760]       1      --              --              --        -- 
cp_ctrl[761]       1      --              --              --        -- 
cp_ctrl[762]       1      --              --              --        -- 
cp_ctrl[763]       1      --              --              --        -- 
cp_ctrl[764]       1      --              --              --        -- 
cp_ctrl[765]       1      --              --              --        -- 
cp_ctrl[766]       1      --              --              --        -- 
cp_ctrl[767]       1      --              --              --        -- 
cp_ctrl[768]       1      --              --              --        -- 
cp_ctrl[769]       1      --              --              --        -- 
cp_ctrl[770]       1      --              --              --        -- 
cp_ctrl[771]       1      --              --              --        -- 
cp_ctrl[772]       1      --              --              --        -- 
cp_ctrl[773]       1      --              --              --        -- 
cp_ctrl[774]       1      --              --              --        -- 
cp_ctrl[775]       1      --              --              --        -- 
cp_ctrl[776]       1      --              --              --        -- 
cp_ctrl[777]       1      --              --              --        -- 
cp_ctrl[778]       1      --              --              --        -- 
cp_ctrl[779]       1      --              --              --        -- 
cp_ctrl[780]       1      --              --              --        -- 
cp_ctrl[781]       1      --              --              --        -- 
cp_ctrl[782]       1      --              --              --        -- 
cp_ctrl[783]       1      --              --              --        -- 
cp_ctrl[784]       1      --              --              --        -- 
cp_ctrl[785]       1      --              --              --        -- 
cp_ctrl[786]       1      --              --              --        -- 
cp_ctrl[787]       1      --              --              --        -- 
cp_ctrl[788]       1      --              --              --        -- 
cp_ctrl[789]       1      --              --              --        -- 
cp_ctrl[790]       1      --              --              --        -- 
cp_ctrl[791]       1      --              --              --        -- 
cp_ctrl[792]       1      --              --              --        -- 
cp_ctrl[793]       1      --              --              --        -- 
cp_ctrl[794]       1      --              --              --        -- 
cp_ctrl[795]       1      --              --              --        -- 
cp_ctrl[796]       1      --              --              --        -- 
cp_ctrl[797]       1      --              --              --        -- 
cp_ctrl[798]       1      --              --              --        -- 
cp_ctrl[799]       1      --              --              --        -- 
cp_ctrl[800]       1      --              --              --        -- 
cp_ctrl[801]       1      --              --              --        -- 
cp_ctrl[802]       1      --              --              --        -- 
cp_ctrl[803]       1      --              --              --        -- 
cp_ctrl[804]       1      --              --              --        -- 
cp_ctrl[805]       1      --              --              --        -- 
cp_ctrl[806]       1      --              --              --        -- 
cp_ctrl[807]       1      --              --              --        -- 
cp_ctrl[808]       1      --              --              --        -- 
cp_ctrl[809]       1      --              --              --        -- 
cp_ctrl[810]       1      --              --              --        -- 
cp_ctrl[811]       1      --              --              --        -- 
cp_ctrl[812]       1      --              --              --        -- 
cp_ctrl[813]       1      --              --              --        -- 
cp_ctrl[814]       1      --              --              --        -- 
cp_ctrl[815]       1      --              --              --        -- 
cp_ctrl[816]       1      --              --              --        -- 
cp_ctrl[817]       1      --              --              --        -- 
cp_ctrl[818]       1      --              --              --        -- 
cp_ctrl[819]       1      --              --              --        -- 
cp_ctrl[820]       1      --              --              --        -- 
cp_ctrl[821]       1      --              --              --        -- 
cp_ctrl[822]       1      --              --              --        -- 
cp_ctrl[823]       1      --              --              --        -- 
cp_ctrl[824]       1      --              --              --        -- 
cp_ctrl[825]       1      --              --              --        -- 
cp_ctrl[826]       1      --              --              --        -- 
cp_ctrl[827]       1      --              --              --        -- 
cp_ctrl[828]       1      --              --              --        -- 
cp_ctrl[829]       1      --              --              --        -- 
cp_ctrl[830]       1      --              --              --        -- 
cp_ctrl[831]       1      --              --              --        -- 
cp_ctrl[832]       1      --              --              --        -- 
cp_ctrl[833]       1      --              --              --        -- 
cp_ctrl[834]       1      --              --              --        -- 
cp_ctrl[835]       1      --              --              --        -- 
cp_ctrl[836]       1      --              --              --        -- 
cp_ctrl[837]       1      --              --              --        -- 
cp_ctrl[838]       1      --              --              --        -- 
cp_ctrl[839]       1      --              --              --        -- 
cp_ctrl[840]       1      --              --              --        -- 
cp_ctrl[841]       1      --              --              --        -- 
cp_ctrl[842]       1      --              --              --        -- 
cp_ctrl[843]       1      --              --              --        -- 
cp_ctrl[844]       1      --              --              --        -- 
cp_ctrl[845]       1      --              --              --        -- 
cp_ctrl[846]       1      --              --              --        -- 
cp_ctrl[847]       1      --              --              --        -- 
cp_ctrl[848]       1      --              --              --        -- 
cp_ctrl[849]       1      --              --              --        -- 
cp_ctrl[850]       1      --              --              --        -- 
cp_ctrl[851]       1      --              --              --        -- 
cp_ctrl[852]       1      --              --              --        -- 
cp_ctrl[853]       1      --              --              --        -- 
cp_ctrl[854]       1      --              --              --        -- 
cp_ctrl[855]       1      --              --              --        -- 
cp_ctrl[856]       1      --              --              --        -- 
cp_ctrl[857]       1      --              --              --        -- 
cp_ctrl[858]       1      --              --              --        -- 
cp_ctrl[859]       1      --              --              --        -- 
cp_ctrl[860]       1      --              --              --        -- 
cp_ctrl[861]       1      --              --              --        -- 
cp_ctrl[862]       1      --              --              --        -- 
cp_ctrl[863]       1      --              --              --        -- 
cp_ctrl[864]       1      --              --              --        -- 
cp_ctrl[865]       1      --              --              --        -- 
cp_ctrl[866]       1      --              --              --        -- 
cp_ctrl[867]       1      --              --              --        -- 
cp_ctrl[868]       1      --              --              --        -- 
cp_ctrl[869]       1      --              --              --        -- 
cp_ctrl[870]       1      --              --              --        -- 
cp_ctrl[871]       1      --              --              --        -- 
cp_ctrl[872]       1      --              --              --        -- 
cp_ctrl[873]       1      --              --              --        -- 
cp_ctrl[874]       1      --              --              --        -- 
cp_ctrl[875]       1      --              --              --        -- 
cp_ctrl[876]       1      --              --              --        -- 
cp_ctrl[877]       1      --              --              --        -- 
cp_ctrl[878]       1      --              --              --        -- 
cp_ctrl[879]       1      --              --              --        -- 
cp_ctrl[880]       1      --              --              --        -- 
cp_ctrl[881]       1      --              --              --        -- 
cp_ctrl[882]       1      --              --              --        -- 
cp_ctrl[883]       1      --              --              --        -- 
cp_ctrl[884]       1      --              --              --        -- 
cp_ctrl[885]       1      --              --              --        -- 
cp_ctrl[886]       1      --              --              --        -- 
cp_ctrl[887]       1      --              --              --        -- 
cp_ctrl[888]       1      --              --              --        -- 
cp_ctrl[889]       1      --              --              --        -- 
cp_ctrl[890]       1      --              --              --        -- 
cp_ctrl[891]       1      --              --              --        -- 
cp_ctrl[892]       1      --              --              --        -- 
cp_ctrl[893]       1      --              --              --        -- 
cp_ctrl[894]       1      --              --              --        -- 
cp_ctrl[895]       1      --              --              --        -- 
cp_ctrl[896]       1      --              --              --        -- 
cp_ctrl[897]       1      --              --              --        -- 
cp_ctrl[898]       1      --              --              --        -- 
cp_ctrl[899]       1      --              --              --        -- 
cp_ctrl[900]       1      --              --              --        -- 
cp_ctrl[901]       1      --              --              --        -- 
cp_ctrl[902]       1      --              --              --        -- 
cp_ctrl[903]       1      --              --              --        -- 
cp_ctrl[904]       1      --              --              --        -- 
cp_ctrl[905]       1      --              --              --        -- 
cp_ctrl[906]       1      --              --              --        -- 
cp_ctrl[907]       1      --              --              --        -- 
cp_ctrl[908]       1      --              --              --        -- 
cp_ctrl[909]       1      --              --              --        -- 
cp_ctrl[910]       1      --              --              --        -- 
cp_ctrl[911]       1      --              --              --        -- 
cp_ctrl[912]       1      --              --              --        -- 
cp_ctrl[913]       1      --              --              --        -- 
cp_ctrl[914]       1      --              --              --        -- 
cp_ctrl[915]       1      --              --              --        -- 
cp_ctrl[916]       1      --              --              --        -- 
cp_ctrl[917]       1      --              --              --        -- 
cp_ctrl[918]       1      --              --              --        -- 
cp_ctrl[919]       1      --              --              --        -- 
cp_ctrl[920]       1      --              --              --        -- 
cp_ctrl[921]       1      --              --              --        -- 
cp_ctrl[922]       1      --              --              --        -- 
cp_ctrl[923]       1      --              --              --        -- 
cp_ctrl[924]       1      --              --              --        -- 
cp_ctrl[925]       1      --              --              --        -- 
cp_ctrl[926]       1      --              --              --        -- 
cp_ctrl[927]       1      --              --              --        -- 
cp_ctrl[928]       1      --              --              --        -- 
cp_ctrl[929]       1      --              --              --        -- 
cp_ctrl[930]       1      --              --              --        -- 
cp_ctrl[931]       1      --              --              --        -- 
cp_ctrl[932]       1      --              --              --        -- 
cp_ctrl[933]       1      --              --              --        -- 
cp_ctrl[934]       1      --              --              --        -- 
cp_ctrl[935]       1      --              --              --        -- 
cp_ctrl[936]       1      --              --              --        -- 
cp_ctrl[937]       1      --              --              --        -- 
cp_ctrl[938]       1      --              --              --        -- 
cp_ctrl[939]       1      --              --              --        -- 
cp_ctrl[940]       1      --              --              --        -- 
cp_ctrl[941]       1      --              --              --        -- 
cp_ctrl[942]       1      --              --              --        -- 
cp_ctrl[943]       1      --              --              --        -- 
cp_ctrl[944]       1      --              --              --        -- 
cp_ctrl[945]       1      --              --              --        -- 
cp_ctrl[946]       1      --              --              --        -- 
cp_ctrl[947]       1      --              --              --        -- 
cp_ctrl[948]       1      --              --              --        -- 
cp_ctrl[949]       1      --              --              --        -- 
cp_ctrl[950]       1      --              --              --        -- 
cp_ctrl[951]       1      --              --              --        -- 
cp_ctrl[952]       1      --              --              --        -- 
cp_ctrl[953]       1      --              --              --        -- 
cp_ctrl[954]       1      --              --              --        -- 
cp_ctrl[955]       1      --              --              --        -- 
cp_ctrl[956]       1      --              --              --        -- 
cp_ctrl[957]       1      --              --              --        -- 
cp_ctrl[958]       1      --              --              --        -- 
cp_ctrl[959]       1      --              --              --        -- 
cp_ctrl[960]       1      --              --              --        -- 
cp_ctrl[961]       1      --              --              --        -- 
cp_ctrl[962]       1      --              --              --        -- 
cp_ctrl[963]       1      --              --              --        -- 
cp_ctrl[964]       1      --              --              --        -- 
cp_ctrl[965]       1      --              --              --        -- 
cp_ctrl[966]       1      --              --              --        -- 
cp_ctrl[967]       1      --              --              --        -- 
cp_ctrl[968]       1      --              --              --        -- 
cp_ctrl[969]       1      --              --              --        -- 
cp_ctrl[970]       1      --              --              --        -- 
cp_ctrl[971]       1      --              --              --        -- 
cp_ctrl[972]       1      --              --              --        -- 
cp_ctrl[973]       1      --              --              --        -- 
cp_ctrl[974]       1      --              --              --        -- 
cp_ctrl[975]       1      --              --              --        -- 
cp_ctrl[976]       1      --              --              --        -- 
cp_ctrl[977]       1      --              --              --        -- 
cp_ctrl[978]       1      --              --              --        -- 
cp_ctrl[979]       1      --              --              --        -- 
cp_ctrl[980]       1      --              --              --        -- 
cp_ctrl[981]       1      --              --              --        -- 
cp_ctrl[982]       1      --              --              --        -- 
cp_ctrl[983]       1      --              --              --        -- 
cp_ctrl[984]       1      --              --              --        -- 
cp_ctrl[985]       1      --              --              --        -- 
cp_ctrl[986]       1      --              --              --        -- 
cp_ctrl[987]       1      --              --              --        -- 
cp_ctrl[988]       1      --              --              --        -- 
cp_ctrl[989]       1      --              --              --        -- 
cp_ctrl[990]       1      --              --              --        -- 
cp_ctrl[991]       1      --              --              --        -- 
cp_ctrl[992]       1      --              --              --        -- 
cp_ctrl[993]       1      --              --              --        -- 
cp_ctrl[994]       1      --              --              --        -- 
cp_ctrl[995]       1      --              --              --        -- 
cp_ctrl[996]       1      --              --              --        -- 
cp_ctrl[997]       1      --              --              --        -- 
cp_ctrl[998]       1      --              --              --        -- 
cp_ctrl[999]       1      --              --              --        -- 
cp_ctrl[1000]      1      --              --              --        -- 
cp_ctrl[1001]      1      --              --              --        -- 
cp_ctrl[1002]      1      --              --              --        -- 
cp_ctrl[1003]      1      --              --              --        -- 
cp_ctrl[1004]      1      --              --              --        -- 
cp_ctrl[1005]      1      --              --              --        -- 
cp_ctrl[1006]      1      --              --              --        -- 
cp_ctrl[1007]      1      --              --              --        -- 
cp_ctrl[1008]      1      --              --              --        -- 
cp_ctrl[1009]      1      --              --              --        -- 
cp_ctrl[1010]      1      --              --              --        -- 
cp_ctrl[1011]      1      --              --              --        -- 
cp_ctrl[1012]      1      --              --              --        -- 
cp_ctrl[1013]      1      --              --              --        -- 
cp_ctrl[1014]      1      --              --              --        -- 
cp_ctrl[1015]      1      --              --              --        -- 
cp_ctrl[1016]      1      --              --              --        -- 
cp_ctrl[1017]      1      --              --              --        -- 
cp_ctrl[1018]      1      --              --              --        -- 
cp_ctrl[1019]      1      --              --              --        -- 
cp_ctrl[1020]      1      --              --              --        -- 
cp_ctrl[1021]      1      --              --              --        -- 
cp_ctrl[1022]      1      --              --              --        -- 
cp_ctrl[1023]      1      --              --              --        -- 
cp_ctrl[1024]      1      --              --              --        -- 
cp_ctrl[1025]      1      --              --              --        -- 
cp_ctrl[1026]      1      --              --              --        -- 
cp_ctrl[1027]      1      --              --              --        -- 
cp_ctrl[1028]      1      --              --              --        -- 
cp_ctrl[1029]      1      --              --              --        -- 
cp_ctrl[1030]      1      --              --              --        -- 
cp_ctrl[1031]      1      --              --              --        -- 
cp_ctrl[1032]      1      --              --              --        -- 
cp_ctrl[1033]      1      --              --              --        -- 
cp_ctrl[1034]      1      --              --              --        -- 
cp_ctrl[1035]      1      --              --              --        -- 
cp_ctrl[1036]      1      --              --              --        -- 
cp_ctrl[1037]      1      --              --              --        -- 
cp_ctrl[1038]      1      --              --              --        -- 
cp_ctrl[1039]      1      --              --              --        -- 
cp_ctrl[1040]      1      --              --              --        -- 
cp_ctrl[1041]      1      --              --              --        -- 
cp_ctrl[1042]      1      --              --              --        -- 
cp_ctrl[1043]      1      --              --              --        -- 
cp_ctrl[1044]      1      --              --              --        -- 
cp_ctrl[1045]      1      --              --              --        -- 
cp_ctrl[1046]      1      --              --              --        -- 
cp_ctrl[1047]      1      --              --              --        -- 
cp_ctrl[1048]      1      --              --              --        -- 
cp_ctrl[1049]      1      --              --              --        -- 
cp_ctrl[1050]      1      --              --              --        -- 
cp_ctrl[1051]      1      --              --              --        -- 
cp_ctrl[1052]      1      --              --              --        -- 
cp_ctrl[1053]      1      --              --              --        -- 
cp_ctrl[1054]      1      --              --              --        -- 
cp_ctrl[1055]      1      --              --              --        -- 
cp_ctrl[1056]      1      --              --              --        -- 
cp_ctrl[1057]      1      --              --              --        -- 
cp_ctrl[1058]      1      --              --              --        -- 
cp_ctrl[1059]      1      --              --              --        -- 
cp_ctrl[1060]      1      --              --              --        -- 
cp_ctrl[1061]      1      --              --              --        -- 
cp_ctrl[1062]      1      --              --              --        -- 
cp_ctrl[1063]      1      --              --              --        -- 
cp_ctrl[1064]      1      --              --              --        -- 
cp_ctrl[1065]      1      --              --              --        -- 
cp_ctrl[1066]      1      --              --              --        -- 
cp_ctrl[1067]      1      --              --              --        -- 
cp_ctrl[1068]      1      --              --              --        -- 
cp_ctrl[1069]      1      --              --              --        -- 
cp_ctrl[1070]      1      --              --              --        -- 
cp_ctrl[1071]      1      --              --              --        -- 
cp_ctrl[1072]      1      --              --              --        -- 
cp_ctrl[1073]      1      --              --              --        -- 
cp_ctrl[1074]      1      --              --              --        -- 
cp_ctrl[1075]      1      --              --              --        -- 
cp_ctrl[1076]      1      --              --              --        -- 
cp_ctrl[1077]      1      --              --              --        -- 
cp_ctrl[1078]      1      --              --              --        -- 
cp_ctrl[1079]      1      --              --              --        -- 
cp_ctrl[1080]      1      --              --              --        -- 
cp_ctrl[1081]      1      --              --              --        -- 
cp_ctrl[1082]      1      --              --              --        -- 
cp_ctrl[1083]      1      --              --              --        -- 
cp_ctrl[1084]      1      --              --              --        -- 
cp_ctrl[1085]      1      --              --              --        -- 
cp_ctrl[1086]      1      --              --              --        -- 
cp_ctrl[1087]      1      --              --              --        -- 
cp_ctrl[1088]      1      --              --              --        -- 
cp_ctrl[1089]      1      --              --              --        -- 
cp_ctrl[1090]      1      --              --              --        -- 
cp_ctrl[1091]      1      --              --              --        -- 
cp_ctrl[1092]      1      --              --              --        -- 
cp_ctrl[1093]      1      --              --              --        -- 
cp_ctrl[1094]      1      --              --              --        -- 
cp_ctrl[1095]      1      --              --              --        -- 
cp_ctrl[1096]      1      --              --              --        -- 
cp_ctrl[1097]      1      --              --              --        -- 
cp_ctrl[1098]      1      --              --              --        -- 
cp_ctrl[1099]      1      --              --              --        -- 
cp_ctrl[1100]      1      --              --              --        -- 
cp_ctrl[1101]      1      --              --              --        -- 
cp_ctrl[1102]      1      --              --              --        -- 
cp_ctrl[1103]      1      --              --              --        -- 
cp_ctrl[1104]      1      --              --              --        -- 
cp_ctrl[1105]      1      --              --              --        -- 
cp_ctrl[1106]      1      --              --              --        -- 
cp_ctrl[1107]      1      --              --              --        -- 
cp_ctrl[1108]      1      --              --              --        -- 
cp_ctrl[1109]      1      --              --              --        -- 
cp_ctrl[1110]      1      --              --              --        -- 
cp_ctrl[1111]      1      --              --              --        -- 
cp_ctrl[1112]      1      --              --              --        -- 
cp_ctrl[1113]      1      --              --              --        -- 
cp_ctrl[1114]      1      --              --              --        -- 
cp_ctrl[1115]      1      --              --              --        -- 
cp_ctrl[1116]      1      --              --              --        -- 
cp_ctrl[1117]      1      --              --              --        -- 
cp_ctrl[1118]      1      --              --              --        -- 
cp_ctrl[1119]      1      --              --              --        -- 
cp_ctrl[1120]      1      --              --              --        -- 
cp_ctrl[1121]      1      --              --              --        -- 
cp_ctrl[1122]      1      --              --              --        -- 
cp_ctrl[1123]      1      --              --              --        -- 
cp_ctrl[1124]      1      --              --              --        -- 
cp_ctrl[1125]      1      --              --              --        -- 
cp_ctrl[1126]      1      --              --              --        -- 
cp_ctrl[1127]      1      --              --              --        -- 
cp_ctrl[1128]      1      --              --              --        -- 
cp_ctrl[1129]      1      --              --              --        -- 
cp_ctrl[1130]      1      --              --              --        -- 
cp_ctrl[1131]      1      --              --              --        -- 
cp_ctrl[1132]      1      --              --              --        -- 
cp_ctrl[1133]      1      --              --              --        -- 
cp_ctrl[1134]      1      --              --              --        -- 
cp_ctrl[1135]      1      --              --              --        -- 
cp_ctrl[1136]      1      --              --              --        -- 
cp_ctrl[1137]      1      --              --              --        -- 
cp_ctrl[1138]      1      --              --              --        -- 
cp_ctrl[1139]      1      --              --              --        -- 
cp_ctrl[1140]      1      --              --              --        -- 
cp_ctrl[1141]      1      --              --              --        -- 
cp_ctrl[1142]      1      --              --              --        -- 
cp_ctrl[1143]      1      --              --              --        -- 
cp_ctrl[1144]      1      --              --              --        -- 
cp_ctrl[1145]      1      --              --              --        -- 
cp_ctrl[1146]      1      --              --              --        -- 
cp_ctrl[1147]      1      --              --              --        -- 
cp_ctrl[1148]      1      --              --              --        -- 
cp_ctrl[1149]      1      --              --              --        -- 
cp_ctrl[1150]      1      --              --              --        -- 
cp_ctrl[1151]      1      --              --              --        -- 
cp_ctrl[1152]      1      --              --              --        -- 
cp_ctrl[1153]      1      --              --              --        -- 
cp_ctrl[1154]      1      --              --              --        -- 
cp_ctrl[1155]      1      --              --              --        -- 
cp_ctrl[1156]      1      --              --              --        -- 
cp_ctrl[1157]      1      --              --              --        -- 
cp_ctrl[1158]      1      --              --              --        -- 
cp_ctrl[1159]      1      --              --              --        -- 
cp_ctrl[1160]      1      --              --              --        -- 
cp_ctrl[1161]      1      --              --              --        -- 
cp_ctrl[1162]      1      --              --              --        -- 
cp_ctrl[1163]      1      --              --              --        -- 
cp_ctrl[1164]      1      --              --              --        -- 
cp_ctrl[1165]      1      --              --              --        -- 
cp_ctrl[1166]      1      --              --              --        -- 
cp_ctrl[1167]      1      --              --              --        -- 
cp_ctrl[1168]      1      --              --              --        -- 
cp_ctrl[1169]      1      --              --              --        -- 
cp_ctrl[1170]      1      --              --              --        -- 
cp_ctrl[1171]      1      --              --              --        -- 
cp_ctrl[1172]      1      --              --              --        -- 
cp_ctrl[1173]      1      --              --              --        -- 
cp_ctrl[1174]      1      --              --              --        -- 
cp_ctrl[1175]      1      --              --              --        -- 
cp_ctrl[1176]      1      --              --              --        -- 
cp_ctrl[1177]      1      --              --              --        -- 
cp_ctrl[1178]      1      --              --              --        -- 
cp_ctrl[1179]      1      --              --              --        -- 
cp_ctrl[1180]      1      --              --              --        -- 
cp_ctrl[1181]      1      --              --              --        -- 
cp_ctrl[1182]      1      --              --              --        -- 
cp_ctrl[1183]      1      --              --              --        -- 
cp_ctrl[1184]      1      --              --              --        -- 
cp_ctrl[1185]      1      --              --              --        -- 
cp_ctrl[1186]      1      --              --              --        -- 
cp_ctrl[1187]      1      --              --              --        -- 
cp_ctrl[1188]      1      --              --              --        -- 
cp_ctrl[1189]      1      --              --              --        -- 
cp_ctrl[1190]      1      --              --              --        -- 
cp_ctrl[1191]      1      --              --              --        -- 
cp_ctrl[1192]      1      --              --              --        -- 
cp_ctrl[1193]      1      --              --              --        -- 
cp_ctrl[1194]      1      --              --              --        -- 
cp_ctrl[1195]      1      --              --              --        -- 
cp_ctrl[1196]      1      --              --              --        -- 
cp_ctrl[1197]      1      --              --              --        -- 
cp_ctrl[1198]      1      --              --              --        -- 
cp_ctrl[1199]      1      --              --              --        -- 
cp_ctrl[1200]      1      --              --              --        -- 
cp_ctrl[1201]      1      --              --              --        -- 
cp_ctrl[1202]      1      --              --              --        -- 
cp_ctrl[1203]      1      --              --              --        -- 
cp_ctrl[1204]      1      --              --              --        -- 
cp_ctrl[1205]      1      --              --              --        -- 
cp_ctrl[1206]      1      --              --              --        -- 
cp_ctrl[1207]      1      --              --              --        -- 
cp_ctrl[1208]      1      --              --              --        -- 
cp_ctrl[1209]      1      --              --              --        -- 
cp_ctrl[1210]      1      --              --              --        -- 
cp_ctrl[1211]      1      --              --              --        -- 
cp_ctrl[1212]      1      --              --              --        -- 
cp_ctrl[1213]      1      --              --              --        -- 
cp_ctrl[1214]      1      --              --              --        -- 
cp_ctrl[1215]      1      --              --              --        -- 
cp_ctrl[1216]      1      --              --              --        -- 
cp_ctrl[1217]      1      --              --              --        -- 
cp_ctrl[1218]      1      --              --              --        -- 
cp_ctrl[1219]      1      --              --              --        -- 
cp_ctrl[1220]      1      --              --              --        -- 
cp_ctrl[1221]      1      --              --              --        -- 
cp_ctrl[1222]      1      --              --              --        -- 
cp_ctrl[1223]      1      --              --              --        -- 
cp_ctrl[1224]      1      --              --              --        -- 
cp_ctrl[1225]      1      --              --              --        -- 
cp_ctrl[1226]      1      --              --              --        -- 
cp_ctrl[1227]      1      --              --              --        -- 
cp_ctrl[1228]      1      --              --              --        -- 
cp_ctrl[1229]      1      --              --              --        -- 
cp_ctrl[1230]      1      --              --              --        -- 
cp_ctrl[1231]      1      --              --              --        -- 
cp_ctrl[1232]      1      --              --              --        -- 
cp_ctrl[1233]      1      --              --              --        -- 
cp_ctrl[1234]      1      --              --              --        -- 
cp_ctrl[1235]      1      --              --              --        -- 
cp_ctrl[1236]      1      --              --              --        -- 
cp_ctrl[1237]      1      --              --              --        -- 
cp_ctrl[1238]      1      --              --              --        -- 
cp_ctrl[1239]      1      --              --              --        -- 
cp_ctrl[1240]      1      --              --              --        -- 
cp_ctrl[1241]      1      --              --              --        -- 
cp_ctrl[1242]      1      --              --              --        -- 
cp_ctrl[1243]      1      --              --              --        -- 
cp_ctrl[1244]      1      --              --              --        -- 
cp_ctrl[1245]      1      --              --              --        -- 
cp_ctrl[1246]      1      --              --              --        -- 
cp_ctrl[1247]      1      --              --              --        -- 
cp_ctrl[1248]      1      --              --              --        -- 
cp_ctrl[1249]      1      --              --              --        -- 
cp_ctrl[1250]      1      --              --              --        -- 
cp_ctrl[1251]      1      --              --              --        -- 
cp_ctrl[1252]      1      --              --              --        -- 
cp_ctrl[1253]      1      --              --              --        -- 
cp_ctrl[1254]      1      --              --              --        -- 
cp_ctrl[1255]      1      --              --              --        -- 
cp_ctrl[1256]      1      --              --              --        -- 
cp_ctrl[1257]      1      --              --              --        -- 
cp_ctrl[1258]      1      --              --              --        -- 
cp_ctrl[1259]      1      --              --              --        -- 
cp_ctrl[1260]      1      --              --              --        -- 
cp_ctrl[1261]      1      --              --              --        -- 
cp_ctrl[1262]      1      --              --              --        -- 
cp_ctrl[1263]      1      --              --              --        -- 
cp_ctrl[1264]      1      --              --              --        -- 
cp_ctrl[1265]      1      --              --              --        -- 
cp_ctrl[1266]      1      --              --              --        -- 
cp_ctrl[1267]      1      --              --              --        -- 
cp_ctrl[1268]      1      --              --              --        -- 
cp_ctrl[1269]      1      --              --              --        -- 
cp_ctrl[1270]      1      --              --              --        -- 
cp_ctrl[1271]      1      --              --              --        -- 
cp_ctrl[1272]      1      --              --              --        -- 
cp_ctrl[1273]      1      --              --              --        -- 
cp_ctrl[1274]      1      --              --              --        -- 
cp_ctrl[1275]      1      --              --              --        -- 
cp_ctrl[1276]      1      --              --              --        -- 
cp_ctrl[1277]      1      --              --              --        -- 
cp_ctrl[1278]      1      --              --              --        -- 
cp_ctrl[1279]      1      --              --              --        -- 
cp_ctrl[1280]      1      --              --              --        -- 
cp_ctrl[1281]      1      --              --              --        -- 
cp_ctrl[1282]      1      --              --              --        -- 
cp_ctrl[1283]      1      --              --              --        -- 
cp_ctrl[1284]      1      --              --              --        -- 
cp_ctrl[1285]      1      --              --              --        -- 
cp_ctrl[1286]      1      --              --              --        -- 
cp_ctrl[1287]      1      --              --              --        -- 
cp_ctrl[1288]      1      --              --              --        -- 
cp_ctrl[1289]      1      --              --              --        -- 
cp_ctrl[1290]      1      --              --              --        -- 
cp_ctrl[1291]      1      --              --              --        -- 
cp_ctrl[1292]      1      --              --              --        -- 
cp_ctrl[1293]      1      --              --              --        -- 
cp_ctrl[1294]      1      --              --              --        -- 
cp_ctrl[1295]      1      --              --              --        -- 
cp_ctrl[1296]      1      --              --              --        -- 
cp_ctrl[1297]      1      --              --              --        -- 
cp_ctrl[1298]      1      --              --              --        -- 
cp_ctrl[1299]      1      --              --              --        -- 
cp_ctrl[1300]      1      --              --              --        -- 
cp_ctrl[1301]      1      --              --              --        -- 
cp_ctrl[1302]      1      --              --              --        -- 
cp_ctrl[1303]      1      --              --              --        -- 
cp_ctrl[1304]      1      --              --              --        -- 
cp_ctrl[1305]      1      --              --              --        -- 
cp_ctrl[1306]      1      --              --              --        -- 
cp_ctrl[1307]      1      --              --              --        -- 
cp_ctrl[1308]      1      --              --              --        -- 
cp_ctrl[1309]      1      --              --              --        -- 
cp_ctrl[1310]      1      --              --              --        -- 
cp_ctrl[1311]      1      --              --              --        -- 
cp_ctrl[1312]      1      --              --              --        -- 
cp_ctrl[1313]      1      --              --              --        -- 
cp_ctrl[1314]      1      --              --              --        -- 
cp_ctrl[1315]      1      --              --              --        -- 
cp_ctrl[1316]      1      --              --              --        -- 
cp_ctrl[1317]      1      --              --              --        -- 
cp_ctrl[1318]      1      --              --              --        -- 
cp_ctrl[1319]      1      --              --              --        -- 
cp_ctrl[1320]      1      --              --              --        -- 
cp_ctrl[1321]      1      --              --              --        -- 
cp_ctrl[1322]      1      --              --              --        -- 
cp_ctrl[1323]      1      --              --              --        -- 
cp_ctrl[1324]      1      --              --              --        -- 
cp_ctrl[1325]      1      --              --              --        -- 
cp_ctrl[1326]      1      --              --              --        -- 
cp_ctrl[1327]      1      --              --              --        -- 
cp_ctrl[1328]      1      --              --              --        -- 
cp_ctrl[1329]      1      --              --              --        -- 
cp_ctrl[1330]      1      --              --              --        -- 
cp_ctrl[1331]      1      --              --              --        -- 
cp_ctrl[1332]      1      --              --              --        -- 
cp_ctrl[1333]      1      --              --              --        -- 
cp_ctrl[1334]      1      --              --              --        -- 
cp_ctrl[1335]      1      --              --              --        -- 
cp_ctrl[1336]      1      --              --              --        -- 
cp_ctrl[1337]      1      --              --              --        -- 
cp_ctrl[1338]      1      --              --              --        -- 
cp_ctrl[1339]      1      --              --              --        -- 
cp_ctrl[1340]      1      --              --              --        -- 
cp_ctrl[1341]      1      --              --              --        -- 
cp_ctrl[1342]      1      --              --              --        -- 
cp_ctrl[1343]      1      --              --              --        -- 
cp_ctrl[1344]      1      --              --              --        -- 
cp_ctrl[1345]      1      --              --              --        -- 
cp_ctrl[1346]      1      --              --              --        -- 
cp_ctrl[1347]      1      --              --              --        -- 
cp_ctrl[1348]      1      --              --              --        -- 
cp_ctrl[1349]      1      --              --              --        -- 
cp_ctrl[1350]      1      --              --              --        -- 
cp_ctrl[1351]      1      --              --              --        -- 
cp_ctrl[1352]      1      --              --              --        -- 
cp_ctrl[1353]      1      --              --              --        -- 
cp_ctrl[1354]      1      --              --              --        -- 
cp_ctrl[1355]      1      --              --              --        -- 
cp_ctrl[1356]      1      --              --              --        -- 
cp_ctrl[1357]      1      --              --              --        -- 
cp_ctrl[1358]      1      --              --              --        -- 
cp_ctrl[1359]      1      --              --              --        -- 
cp_ctrl[1360]      1      --              --              --        -- 
cp_ctrl[1361]      1      --              --              --        -- 
cp_ctrl[1362]      1      --              --              --        -- 
cp_ctrl[1363]      1      --              --              --        -- 
cp_ctrl[1364]      1      --              --              --        -- 
cp_ctrl[1365]      1      --              --              --        -- 
cp_ctrl[1366]      1      --              --              --        -- 
cp_ctrl[1367]      1      --              --              --        -- 
cp_ctrl[1368]      1      --              --              --        -- 
cp_ctrl[1369]      1      --              --              --        -- 
cp_ctrl[1370]      1      --              --              --        -- 
cp_ctrl[1371]      1      --              --              --        -- 
cp_ctrl[1372]      1      --              --              --        -- 
cp_ctrl[1373]      1      --              --              --        -- 
cp_ctrl[1374]      1      --              --              --        -- 
cp_ctrl[1375]      1      --              --              --        -- 
cp_ctrl[1376]      1      --              --              --        -- 
cp_ctrl[1377]      1      --              --              --        -- 
cp_ctrl[1378]      1      --              --              --        -- 
cp_ctrl[1379]      1      --              --              --        -- 
cp_ctrl[1380]      1      --              --              --        -- 
cp_ctrl[1381]      1      --              --              --        -- 
cp_ctrl[1382]      1      --              --              --        -- 
cp_ctrl[1383]      1      --              --              --        -- 
cp_ctrl[1384]      1      --              --              --        -- 
cp_ctrl[1385]      1      --              --              --        -- 
cp_ctrl[1386]      1      --              --              --        -- 
cp_ctrl[1387]      1      --              --              --        -- 
cp_ctrl[1388]      1      --              --              --        -- 
cp_ctrl[1389]      1      --              --              --        -- 
cp_ctrl[1390]      1      --              --              --        -- 
cp_ctrl[1391]      1      --              --              --        -- 
cp_ctrl[1392]      1      --              --              --        -- 
cp_ctrl[1393]      1      --              --              --        -- 
cp_ctrl[1394]      1      --              --              --        -- 
cp_ctrl[1395]      1      --              --              --        -- 
cp_ctrl[1396]      1      --              --              --        -- 
cp_ctrl[1397]      1      --              --              --        -- 
cp_ctrl[1398]      1      --              --              --        -- 
cp_ctrl[1399]      1      --              --              --        -- 
cp_ctrl[1400]      1      --              --              --        -- 
cp_ctrl[1401]      1      --              --              --        -- 
cp_ctrl[1402]      1      --              --              --        -- 
cp_ctrl[1403]      1      --              --              --        -- 
cp_ctrl[1404]      1      --              --              --        -- 
cp_ctrl[1405]      1      --              --              --        -- 
cp_ctrl[1406]      1      --              --              --        -- 
cp_ctrl[1407]      1      --              --              --        -- 
cp_ctrl[1408]      1      --              --              --        -- 
cp_ctrl[1409]      1      --              --              --        -- 
cp_ctrl[1410]      1      --              --              --        -- 
cp_ctrl[1411]      1      --              --              --        -- 
cp_ctrl[1412]      1      --              --              --        -- 
cp_ctrl[1413]      1      --              --              --        -- 
cp_ctrl[1414]      1      --              --              --        -- 
cp_ctrl[1415]      1      --              --              --        -- 
cp_ctrl[1416]      1      --              --              --        -- 
cp_ctrl[1417]      1      --              --              --        -- 
cp_ctrl[1418]      1      --              --              --        -- 
cp_ctrl[1419]      1      --              --              --        -- 
cp_ctrl[1420]      1      --              --              --        -- 
cp_ctrl[1421]      1      --              --              --        -- 
cp_ctrl[1422]      1      --              --              --        -- 
cp_ctrl[1423]      1      --              --              --        -- 
cp_ctrl[1424]      1      --              --              --        -- 
cp_ctrl[1425]      1      --              --              --        -- 
cp_ctrl[1426]      1      --              --              --        -- 
cp_ctrl[1427]      1      --              --              --        -- 
cp_ctrl[1428]      1      --              --              --        -- 
cp_ctrl[1429]      1      --              --              --        -- 
cp_ctrl[1430]      1      --              --              --        -- 
cp_ctrl[1431]      1      --              --              --        -- 
cp_ctrl[1432]      1      --              --              --        -- 
cp_ctrl[1433]      1      --              --              --        -- 
cp_ctrl[1434]      1      --              --              --        -- 
cp_ctrl[1435]      1      --              --              --        -- 
cp_ctrl[1436]      1      --              --              --        -- 
cp_ctrl[1437]      1      --              --              --        -- 
cp_ctrl[1438]      1      --              --              --        -- 
cp_ctrl[1439]      1      --              --              --        -- 
cp_ctrl[1440]      1      --              --              --        -- 
cp_ctrl[1441]      1      --              --              --        -- 
cp_ctrl[1442]      1      --              --              --        -- 
cp_ctrl[1443]      1      --              --              --        -- 
cp_ctrl[1444]      1      --              --              --        -- 
cp_ctrl[1445]      1      --              --              --        -- 
cp_ctrl[1446]      1      --              --              --        -- 
cp_ctrl[1447]      1      --              --              --        -- 
cp_ctrl[1448]      1      --              --              --        -- 
cp_ctrl[1449]      1      --              --              --        -- 
cp_ctrl[1450]      1      --              --              --        -- 
cp_ctrl[1451]      1      --              --              --        -- 
cp_ctrl[1452]      1      --              --              --        -- 
cp_ctrl[1453]      1      --              --              --        -- 
cp_ctrl[1454]      1      --              --              --        -- 
cp_ctrl[1455]      1      --              --              --        -- 
cp_ctrl[1456]      1      --              --              --        -- 
cp_ctrl[1457]      1      --              --              --        -- 
cp_ctrl[1458]      1      --              --              --        -- 
cp_ctrl[1459]      1      --              --              --        -- 
cp_ctrl[1460]      1      --              --              --        -- 
cp_ctrl[1461]      1      --              --              --        -- 
cp_ctrl[1462]      1      --              --              --        -- 
cp_ctrl[1463]      1      --              --              --        -- 
cp_ctrl[1464]      1      --              --              --        -- 
cp_ctrl[1465]      1      --              --              --        -- 
cp_ctrl[1466]      1      --              --              --        -- 
cp_ctrl[1467]      1      --              --              --        -- 
cp_ctrl[1468]      1      --              --              --        -- 
cp_ctrl[1469]      1      --              --              --        -- 
cp_ctrl[1470]      1      --              --              --        -- 
cp_ctrl[1471]      1      --              --              --        -- 
cp_ctrl[1472]      1      --              --              --        -- 
cp_ctrl[1473]      1      --              --              --        -- 
cp_ctrl[1474]      1      --              --              --        -- 
cp_ctrl[1475]      1      --              --              --        -- 
cp_ctrl[1476]      1      --              --              --        -- 
cp_ctrl[1477]      1      --              --              --        -- 
cp_ctrl[1478]      1      --              --              --        -- 
cp_ctrl[1479]      1      --              --              --        -- 
cp_ctrl[1480]      1      --              --              --        -- 
cp_ctrl[1481]      1      --              --              --        -- 
cp_ctrl[1482]      1      --              --              --        -- 
cp_ctrl[1483]      1      --              --              --        -- 
cp_ctrl[1484]      1      --              --              --        -- 
cp_ctrl[1485]      1      --              --              --        -- 
cp_ctrl[1486]      1      --              --              --        -- 
cp_ctrl[1487]      1      --              --              --        -- 
cp_ctrl[1488]      1      --              --              --        -- 
cp_ctrl[1489]      1      --              --              --        -- 
cp_ctrl[1490]      1      --              --              --        -- 
cp_ctrl[1491]      1      --              --              --        -- 
cp_ctrl[1492]      1      --              --              --        -- 
cp_ctrl[1493]      1      --              --              --        -- 
cp_ctrl[1494]      1      --              --              --        -- 
cp_ctrl[1495]      1      --              --              --        -- 
cp_ctrl[1496]      1      --              --              --        -- 
cp_ctrl[1497]      1      --              --              --        -- 
cp_ctrl[1498]      1      --              --              --        -- 
cp_ctrl[1499]      1      --              --              --        -- 
cp_ctrl[1500]      1      --              --              --        -- 
cp_ctrl[1501]      1      --              --              --        -- 
cp_ctrl[1502]      1      --              --              --        -- 
cp_ctrl[1503]      1      --              --              --        -- 
cp_ctrl[1504]      1      --              --              --        -- 
cp_ctrl[1505]      1      --              --              --        -- 
cp_ctrl[1506]      1      --              --              --        -- 
cp_ctrl[1507]      1      --              --              --        -- 
cp_ctrl[1508]      1      --              --              --        -- 
cp_ctrl[1509]      1      --              --              --        -- 
cp_ctrl[1510]      1      --              --              --        -- 
cp_ctrl[1511]      1      --              --              --        -- 
cp_ctrl[1512]      1      --              --              --        -- 
cp_ctrl[1513]      1      --              --              --        -- 
cp_ctrl[1514]      1      --              --              --        -- 
cp_ctrl[1515]      1      --              --              --        -- 
cp_ctrl[1516]      1      --              --              --        -- 
cp_ctrl[1517]      1      --              --              --        -- 
cp_ctrl[1518]      1      --              --              --        -- 
cp_ctrl[1519]      1      --              --              --        -- 
cp_ctrl[1520]      1      --              --              --        -- 
cp_ctrl[1521]      1      --              --              --        -- 
cp_ctrl[1522]      1      --              --              --        -- 
cp_ctrl[1523]      1      --              --              --        -- 
cp_ctrl[1524]      1      --              --              --        -- 
cp_ctrl[1525]      1      --              --              --        -- 
cp_ctrl[1526]      1      --              --              --        -- 
cp_ctrl[1527]      1      --              --              --        -- 
cp_ctrl[1528]      1      --              --              --        -- 
cp_ctrl[1529]      1      --              --              --        -- 
cp_ctrl[1530]      1      --              --              --        -- 
cp_ctrl[1531]      1      --              --              --        -- 
cp_ctrl[1532]      1      --              --              --        -- 
cp_ctrl[1533]      1      --              --              --        -- 
cp_ctrl[1534]      1      --              --              --        -- 
cp_ctrl[1535]      1      --              --              --        -- 
cp_ctrl[1536]      1      --              --              --        -- 
cp_ctrl[1537]      1      --              --              --        -- 
cp_ctrl[1538]      1      --              --              --        -- 
cp_ctrl[1539]      1      --              --              --        -- 
cp_ctrl[1540]      1      --              --              --        -- 
cp_ctrl[1541]      1      --              --              --        -- 
cp_ctrl[1542]      1      --              --              --        -- 
cp_ctrl[1543]      1      --              --              --        -- 
cp_ctrl[1544]      1      --              --              --        -- 
cp_ctrl[1545]      1      --              --              --        -- 
cp_ctrl[1546]      1      --              --              --        -- 
cp_ctrl[1547]      1      --              --              --        -- 
cp_ctrl[1548]      1      --              --              --        -- 
cp_ctrl[1549]      1      --              --              --        -- 
cp_ctrl[1550]      1      --              --              --        -- 
cp_ctrl[1551]      1      --              --              --        -- 
cp_ctrl[1552]      1      --              --              --        -- 
cp_ctrl[1553]      1      --              --              --        -- 
cp_ctrl[1554]      1      --              --              --        -- 
cp_ctrl[1555]      1      --              --              --        -- 
cp_ctrl[1556]      1      --              --              --        -- 
cp_ctrl[1557]      1      --              --              --        -- 
cp_ctrl[1558]      1      --              --              --        -- 
cp_ctrl[1559]      1      --              --              --        -- 
cp_ctrl[1560]      1      --              --              --        -- 
cp_ctrl[1561]      1      --              --              --        -- 
cp_ctrl[1562]      1      --              --              --        -- 
cp_ctrl[1563]      1      --              --              --        -- 
cp_ctrl[1564]      1      --              --              --        -- 
cp_ctrl[1565]      1      --              --              --        -- 
cp_ctrl[1566]      1      --              --              --        -- 
cp_ctrl[1567]      1      --              --              --        -- 
cp_ctrl[1568]      1      --              --              --        -- 
cp_ctrl[1569]      1      --              --              --        -- 
cp_ctrl[1570]      1      --              --              --        -- 
cp_ctrl[1571]      1      --              --              --        -- 
cp_ctrl[1572]      1      --              --              --        -- 
cp_ctrl[1573]      1      --              --              --        -- 
cp_ctrl[1574]      1      --              --              --        -- 
cp_ctrl[1575]      1      --              --              --        -- 
cp_ctrl[1576]      1      --              --              --        -- 
cp_ctrl[1577]      1      --              --              --        -- 
cp_ctrl[1578]      1      --              --              --        -- 
cp_ctrl[1579]      1      --              --              --        -- 
cp_ctrl[1580]      1      --              --              --        -- 
cp_ctrl[1581]      1      --              --              --        -- 
cp_ctrl[1582]      1      --              --              --        -- 
cp_ctrl[1583]      1      --              --              --        -- 
cp_ctrl[1584]      1      --              --              --        -- 
cp_ctrl[1585]      1      --              --              --        -- 
cp_ctrl[1586]      1      --              --              --        -- 
cp_ctrl[1587]      1      --              --              --        -- 
cp_ctrl[1588]      1      --              --              --        -- 
cp_ctrl[1589]      1      --              --              --        -- 
cp_ctrl[1590]      1      --              --              --        -- 
cp_ctrl[1591]      1      --              --              --        -- 
cp_ctrl[1592]      1      --              --              --        -- 
cp_ctrl[1593]      1      --              --              --        -- 
cp_ctrl[1594]      1      --              --              --        -- 
cp_ctrl[1595]      1      --              --              --        -- 
cp_ctrl[1596]      1      --              --              --        -- 
cp_ctrl[1597]      1      --              --              --        -- 
cp_ctrl[1598]      1      --              --              --        -- 
cp_ctrl[1599]      1      --              --              --        -- 
cp_ctrl[1600]      1      --              --              --        -- 
cp_ctrl[1601]      1      --              --              --        -- 
cp_ctrl[1602]      1      --              --              --        -- 
cp_ctrl[1603]      1      --              --              --        -- 
cp_ctrl[1604]      1      --              --              --        -- 
cp_ctrl[1605]      1      --              --              --        -- 
cp_ctrl[1606]      1      --              --              --        -- 
cp_ctrl[1607]      1      --              --              --        -- 
cp_ctrl[1608]      1      --              --              --        -- 
cp_ctrl[1609]      1      --              --              --        -- 
cp_ctrl[1610]      1      --              --              --        -- 
cp_ctrl[1611]      1      --              --              --        -- 
cp_ctrl[1612]      1      --              --              --        -- 
cp_ctrl[1613]      1      --              --              --        -- 
cp_ctrl[1614]      1      --              --              --        -- 
cp_ctrl[1615]      1      --              --              --        -- 
cp_ctrl[1616]      1      --              --              --        -- 
cp_ctrl[1617]      1      --              --              --        -- 
cp_ctrl[1618]      1      --              --              --        -- 
cp_ctrl[1619]      1      --              --              --        -- 
cp_ctrl[1620]      1      --              --              --        -- 
cp_ctrl[1621]      1      --              --              --        -- 
cp_ctrl[1622]      1      --              --              --        -- 
cp_ctrl[1623]      1      --              --              --        -- 
cp_ctrl[1624]      1      --              --              --        -- 
cp_ctrl[1625]      1      --              --              --        -- 
cp_ctrl[1626]      1      --              --              --        -- 
cp_ctrl[1627]      1      --              --              --        -- 
cp_ctrl[1628]      1      --              --              --        -- 
cp_ctrl[1629]      1      --              --              --        -- 
cp_ctrl[1630]      1      --              --              --        -- 
cp_ctrl[1631]      1      --              --              --        -- 
cp_ctrl[1632]      1      --              --              --        -- 
cp_ctrl[1633]      1      --              --              --        -- 
cp_ctrl[1634]      1      --              --              --        -- 
cp_ctrl[1635]      1      --              --              --        -- 
cp_ctrl[1636]      1      --              --              --        -- 
cp_ctrl[1637]      1      --              --              --        -- 
cp_ctrl[1638]      1      --              --              --        -- 
cp_ctrl[1639]      1      --              --              --        -- 
cp_ctrl[1640]      1      --              --              --        -- 
cp_ctrl[1641]      1      --              --              --        -- 
cp_ctrl[1642]      1      --              --              --        -- 
cp_ctrl[1643]      1      --              --              --        -- 
cp_ctrl[1644]      1      --              --              --        -- 
cp_ctrl[1645]      1      --              --              --        -- 
cp_ctrl[1646]      1      --              --              --        -- 
cp_ctrl[1647]      1      --              --              --        -- 
cp_ctrl[1648]      1      --              --              --        -- 
cp_ctrl[1649]      1      --              --              --        -- 
cp_ctrl[1650]      1      --              --              --        -- 
cp_ctrl[1651]      1      --              --              --        -- 
cp_ctrl[1652]      1      --              --              --        -- 
cp_ctrl[1653]      1      --              --              --        -- 
cp_ctrl[1654]      1      --              --              --        -- 
cp_ctrl[1655]      1      --              --              --        -- 
cp_ctrl[1656]      1      --              --              --        -- 
cp_ctrl[1657]      1      --              --              --        -- 
cp_ctrl[1658]      1      --              --              --        -- 
cp_ctrl[1659]      1      --              --              --        -- 
cp_ctrl[1660]      1      --              --              --        -- 
cp_ctrl[1661]      1      --              --              --        -- 
cp_ctrl[1662]      1      --              --              --        -- 
cp_ctrl[1663]      1      --              --              --        -- 
cp_ctrl[1664]      1      --              --              --        -- 
cp_ctrl[1665]      1      --              --              --        -- 
cp_ctrl[1666]      1      --              --              --        -- 
cp_ctrl[1667]      1      --              --              --        -- 
cp_ctrl[1668]      1      --              --              --        -- 
cp_ctrl[1669]      1      --              --              --        -- 
cp_ctrl[1670]      1      --              --              --        -- 
cp_ctrl[1671]      1      --              --              --        -- 
cp_ctrl[1672]      1      --              --              --        -- 
cp_ctrl[1673]      1      --              --              --        -- 
cp_ctrl[1674]      1      --              --              --        -- 
cp_ctrl[1675]      1      --              --              --        -- 
cp_ctrl[1676]      1      --              --              --        -- 
cp_ctrl[1677]      1      --              --              --        -- 
cp_ctrl[1678]      1      --              --              --        -- 
cp_ctrl[1679]      1      --              --              --        -- 
cp_ctrl[1680]      1      --              --              --        -- 
cp_ctrl[1681]      1      --              --              --        -- 
cp_ctrl[1682]      1      --              --              --        -- 
cp_ctrl[1683]      1      --              --              --        -- 
cp_ctrl[1684]      1      --              --              --        -- 
cp_ctrl[1685]      1      --              --              --        -- 
cp_ctrl[1686]      1      --              --              --        -- 
cp_ctrl[1687]      1      --              --              --        -- 
cp_ctrl[1688]      1      --              --              --        -- 
cp_ctrl[1689]      1      --              --              --        -- 
cp_ctrl[1690]      1      --              --              --        -- 
cp_ctrl[1691]      1      --              --              --        -- 
cp_ctrl[1692]      1      --              --              --        -- 
cp_ctrl[1693]      1      --              --              --        -- 
cp_ctrl[1694]      1      --              --              --        -- 
cp_ctrl[1695]      1      --              --              --        -- 
cp_ctrl[1696]      1      --              --              --        -- 
cp_ctrl[1697]      1      --              --              --        -- 
cp_ctrl[1698]      1      --              --              --        -- 
cp_ctrl[1699]      1      --              --              --        -- 
cp_ctrl[1700]      1      --              --              --        -- 
cp_ctrl[1701]      1      --              --              --        -- 
cp_ctrl[1702]      1      --              --              --        -- 
cp_ctrl[1703]      1      --              --              --        -- 
cp_ctrl[1704]      1      --              --              --        -- 
cp_ctrl[1705]      1      --              --              --        -- 
cp_ctrl[1706]      1      --              --              --        -- 
cp_ctrl[1707]      1      --              --              --        -- 
cp_ctrl[1708]      1      --              --              --        -- 
cp_ctrl[1709]      1      --              --              --        -- 
cp_ctrl[1710]      1      --              --              --        -- 
cp_ctrl[1711]      1      --              --              --        -- 
cp_ctrl[1712]      1      --              --              --        -- 
cp_ctrl[1713]      1      --              --              --        -- 
cp_ctrl[1714]      1      --              --              --        -- 
cp_ctrl[1715]      1      --              --              --        -- 
cp_ctrl[1716]      1      --              --              --        -- 
cp_ctrl[1717]      1      --              --              --        -- 
cp_ctrl[1718]      1      --              --              --        -- 
cp_ctrl[1719]      1      --              --              --        -- 
cp_ctrl[1720]      1      --              --              --        -- 
cp_ctrl[1721]      1      --              --              --        -- 
cp_ctrl[1722]      1      --              --              --        -- 
cp_ctrl[1723]      1      --              --              --        -- 
cp_ctrl[1724]      1      --              --              --        -- 
cp_ctrl[1725]      1      --              --              --        -- 
cp_ctrl[1726]      1      --              --              --        -- 
cp_ctrl[1727]      1      --              --              --        -- 
cp_ctrl[1728]      1      --              --              --        -- 
cp_ctrl[1729]      1      --              --              --        -- 
cp_ctrl[1730]      1      --              --              --        -- 
cp_ctrl[1731]      1      --              --              --        -- 
cp_ctrl[1732]      1      --              --              --        -- 
cp_ctrl[1733]      1      --              --              --        -- 
cp_ctrl[1734]      1      --              --              --        -- 
cp_ctrl[1735]      1      --              --              --        -- 
cp_ctrl[1736]      1      --              --              --        -- 
cp_ctrl[1737]      1      --              --              --        -- 
cp_ctrl[1738]      1      --              --              --        -- 
cp_ctrl[1739]      1      --              --              --        -- 
cp_ctrl[1740]      1      --              --              --        -- 
cp_ctrl[1741]      1      --              --              --        -- 
cp_ctrl[1742]      1      --              --              --        -- 
cp_ctrl[1743]      1      --              --              --        -- 
cp_ctrl[1744]      1      --              --              --        -- 
cp_ctrl[1745]      1      --              --              --        -- 
cp_ctrl[1746]      1      --              --              --        -- 
cp_ctrl[1747]      1      --              --              --        -- 
cp_ctrl[1748]      1      --              --              --        -- 
cp_ctrl[1749]      1      --              --              --        -- 
cp_ctrl[1750]      1      --              --              --        -- 
cp_ctrl[1751]      1      --              --              --        -- 
cp_ctrl[1752]      1      --              --              --        -- 
cp_ctrl[1753]      1      --              --              --        -- 
cp_ctrl[1754]      1      --              --              --        -- 
cp_ctrl[1755]      1      --              --              --        -- 
cp_ctrl[1756]      1      --              --              --        -- 
cp_ctrl[1757]      1      --              --              --        -- 
cp_ctrl[1758]      1      --              --              --        -- 
cp_ctrl[1759]      1      --              --              --        -- 
cp_ctrl[1760]      1      --              --              --        -- 
cp_ctrl[1761]      1      --              --              --        -- 
cp_ctrl[1762]      1      --              --              --        -- 
cp_ctrl[1763]      1      --              --              --        -- 
cp_ctrl[1764]      1      --              --              --        -- 
cp_ctrl[1765]      1      --              --              --        -- 
cp_ctrl[1766]      1      --              --              --        -- 
cp_ctrl[1767]      1      --              --              --        -- 
cp_ctrl[1768]      1      --              --              --        -- 
cp_ctrl[1769]      1      --              --              --        -- 
cp_ctrl[1770]      1      --              --              --        -- 
cp_ctrl[1771]      1      --              --              --        -- 
cp_ctrl[1772]      1      --              --              --        -- 
cp_ctrl[1773]      1      --              --              --        -- 
cp_ctrl[1774]      1      --              --              --        -- 
cp_ctrl[1775]      1      --              --              --        -- 
cp_ctrl[1776]      1      --              --              --        -- 
cp_ctrl[1777]      1      --              --              --        -- 
cp_ctrl[1778]      1      --              --              --        -- 
cp_ctrl[1779]      1      --              --              --        -- 
cp_ctrl[1780]      1      --              --              --        -- 
cp_ctrl[1781]      1      --              --              --        -- 
cp_ctrl[1782]      1      --              --              --        -- 
cp_ctrl[1783]      1      --              --              --        -- 
cp_ctrl[1784]      1      --              --              --        -- 
cp_ctrl[1785]      1      --              --              --        -- 
cp_ctrl[1786]      1      --              --              --        -- 
cp_ctrl[1787]      1      --              --              --        -- 
cp_ctrl[1788]      1      --              --              --        -- 
cp_ctrl[1789]      1      --              --              --        -- 
cp_ctrl[1790]      1      --              --              --        -- 
cp_ctrl[1791]      1      --              --              --        -- 
cp_ctrl[1792]      1      --              --              --        -- 
cp_ctrl[1793]      1      --              --              --        -- 
cp_ctrl[1794]      1      --              --              --        -- 
cp_ctrl[1795]      1      --              --              --        -- 
cp_ctrl[1796]      1      --              --              --        -- 
cp_ctrl[1797]      1      --              --              --        -- 
cp_ctrl[1798]      1      --              --              --        -- 
cp_ctrl[1799]      1      --              --              --        -- 
cp_ctrl[1800]      1      --              --              --        -- 
cp_ctrl[1801]      1      --              --              --        -- 
cp_ctrl[1802]      1      --              --              --        -- 
cp_ctrl[1803]      1      --              --              --        -- 
cp_ctrl[1804]      1      --              --              --        -- 
cp_ctrl[1805]      1      --              --              --        -- 
cp_ctrl[1806]      1      --              --              --        -- 
cp_ctrl[1807]      1      --              --              --        -- 
cp_ctrl[1808]      1      --              --              --        -- 
cp_ctrl[1809]      1      --              --              --        -- 
cp_ctrl[1810]      1      --              --              --        -- 
cp_ctrl[1811]      1      --              --              --        -- 
cp_ctrl[1812]      1      --              --              --        -- 
cp_ctrl[1813]      1      --              --              --        -- 
cp_ctrl[1814]      1      --              --              --        -- 
cp_ctrl[1815]      1      --              --              --        -- 
cp_ctrl[1816]      1      --              --              --        -- 
cp_ctrl[1817]      1      --              --              --        -- 
cp_ctrl[1818]      1      --              --              --        -- 
cp_ctrl[1819]      1      --              --              --        -- 
cp_ctrl[1820]      1      --              --              --        -- 
cp_ctrl[1821]      1      --              --              --        -- 
cp_ctrl[1822]      1      --              --              --        -- 
cp_ctrl[1823]      1      --              --              --        -- 
cp_ctrl[1824]      1      --              --              --        -- 
cp_ctrl[1825]      1      --              --              --        -- 
cp_ctrl[1826]      1      --              --              --        -- 
cp_ctrl[1827]      1      --              --              --        -- 
cp_ctrl[1828]      1      --              --              --        -- 
cp_ctrl[1829]      1      --              --              --        -- 
cp_ctrl[1830]      1      --              --              --        -- 
cp_ctrl[1831]      1      --              --              --        -- 
cp_ctrl[1832]      1      --              --              --        -- 
cp_ctrl[1833]      1      --              --              --        -- 
cp_ctrl[1834]      1      --              --              --        -- 
cp_ctrl[1835]      1      --              --              --        -- 
cp_ctrl[1836]      1      --              --              --        -- 
cp_ctrl[1837]      1      --              --              --        -- 
cp_ctrl[1838]      1      --              --              --        -- 
cp_ctrl[1839]      1      --              --              --        -- 
cp_ctrl[1840]      1      --              --              --        -- 
cp_ctrl[1841]      1      --              --              --        -- 
cp_ctrl[1842]      1      --              --              --        -- 
cp_ctrl[1843]      1      --              --              --        -- 
cp_ctrl[1844]      1      --              --              --        -- 
cp_ctrl[1845]      1      --              --              --        -- 
cp_ctrl[1846]      1      --              --              --        -- 
cp_ctrl[1847]      1      --              --              --        -- 
cp_ctrl[1848]      1      --              --              --        -- 
cp_ctrl[1849]      1      --              --              --        -- 
cp_ctrl[1850]      1      --              --              --        -- 
cp_ctrl[1851]      1      --              --              --        -- 
cp_ctrl[1852]      1      --              --              --        -- 
cp_ctrl[1853]      1      --              --              --        -- 
cp_ctrl[1854]      1      --              --              --        -- 
cp_ctrl[1855]      1      --              --              --        -- 
cp_ctrl[1856]      1      --              --              --        -- 
cp_ctrl[1857]      1      --              --              --        -- 
cp_ctrl[1858]      1      --              --              --        -- 
cp_ctrl[1859]      1      --              --              --        -- 
cp_ctrl[1860]      1      --              --              --        -- 
cp_ctrl[1861]      1      --              --              --        -- 
cp_ctrl[1862]      1      --              --              --        -- 
cp_ctrl[1863]      1      --              --              --        -- 
cp_ctrl[1864]      1      --              --              --        -- 
cp_ctrl[1865]      1      --              --              --        -- 
cp_ctrl[1866]      1      --              --              --        -- 
cp_ctrl[1867]      1      --              --              --        -- 
cp_ctrl[1868]      1      --              --              --        -- 
cp_ctrl[1869]      1      --              --              --        -- 
cp_ctrl[1870]      1      --              --              --        -- 
cp_ctrl[1871]      1      --              --              --        -- 
cp_ctrl[1872]      1      --              --              --        -- 
cp_ctrl[1873]      1      --              --              --        -- 
cp_ctrl[1874]      1      --              --              --        -- 
cp_ctrl[1875]      1      --              --              --        -- 
cp_ctrl[1876]      1      --              --              --        -- 
cp_ctrl[1877]      1      --              --              --        -- 
cp_ctrl[1878]      1      --              --              --        -- 
cp_ctrl[1879]      1      --              --              --        -- 
cp_ctrl[1880]      1      --              --              --        -- 
cp_ctrl[1881]      1      --              --              --        -- 
cp_ctrl[1882]      1      --              --              --        -- 
cp_ctrl[1883]      1      --              --              --        -- 
cp_ctrl[1884]      1      --              --              --        -- 
cp_ctrl[1885]      1      --              --              --        -- 
cp_ctrl[1886]      1      --              --              --        -- 
cp_ctrl[1887]      1      --              --              --        -- 
cp_ctrl[1888]      1      --              --              --        -- 
cp_ctrl[1889]      1      --              --              --        -- 
p_out              1      --              --              --        -- 
p_out_vld          1      --              --              --        -- 
rd_data_out        1      --              --              --        -- 
rd_vld             1      --              --              --        -- 

                    Input Delay
                  Min             Max       Related   Max
Input Port    Rise    Fall    Rise    Fall   Clock  Fanout
--------------------------------------------------------------------------------
clk           --      --      --      --      --      -- 
p_code[0]     0.50    0.50    5.00    5.00  clk       --    
p_code[1]     0.50    0.50    5.00    5.00  clk       --    
p_code[2]     0.50    0.50    5.00    5.00  clk       --    
p_code[3]     0.50    0.50    5.00    5.00  clk       --    
p_code[4]     0.50    0.50    5.00    5.00  clk       --    
p_code[5]     0.50    0.50    5.00    5.00  clk       --    
p_code[6]     0.50    0.50    5.00    5.00  clk       --    
p_code[7]     0.50    0.50    5.00    5.00  clk       --    
p_code[8]     0.50    0.50    5.00    5.00  clk       --    
p_code[9]     0.50    0.50    5.00    5.00  clk       --    
p_code[10]    0.50    0.50    5.00    5.00  clk       --    
p_code[11]    0.50    0.50    5.00    5.00  clk       --    
p_code[12]    0.50    0.50    5.00    5.00  clk       --    
p_code[13]    0.50    0.50    5.00    5.00  clk       --    
p_code[14]    0.50    0.50    5.00    5.00  clk       --    
p_code[15]    0.50    0.50    5.00    5.00  clk       --    
p_code[16]    0.50    0.50    5.00    5.00  clk       --    
p_code[17]    0.50    0.50    5.00    5.00  clk       --    
p_code[18]    0.50    0.50    5.00    5.00  clk       --    
p_code[19]    0.50    0.50    5.00    5.00  clk       --    
p_code[20]    0.50    0.50    5.00    5.00  clk       --    
p_code[21]    0.50    0.50    5.00    5.00  clk       --    
p_code[22]    0.50    0.50    5.00    5.00  clk       --    
p_code[23]    0.50    0.50    5.00    5.00  clk       --    
p_code[24]    0.50    0.50    5.00    5.00  clk       --    
p_code[25]    0.50    0.50    5.00    5.00  clk       --    
p_code[26]    0.50    0.50    5.00    5.00  clk       --    
p_code[27]    0.50    0.50    5.00    5.00  clk       --    
p_code[28]    0.50    0.50    5.00    5.00  clk       --    
p_code[29]    0.50    0.50    5.00    5.00  clk       --    
p_code[30]    0.50    0.50    5.00    5.00  clk       --    
p_code[31]    0.50    0.50    5.00    5.00  clk       --    
p_code[32]    0.50    0.50    5.00    5.00  clk       --    
p_code[33]    0.50    0.50    5.00    5.00  clk       --    
p_code[34]    0.50    0.50    5.00    5.00  clk       --    
p_code[35]    0.50    0.50    5.00    5.00  clk       --    
p_code[36]    0.50    0.50    5.00    5.00  clk       --    
p_code[37]    0.50    0.50    5.00    5.00  clk       --    
p_code[38]    0.50    0.50    5.00    5.00  clk       --    
p_code[39]    0.50    0.50    5.00    5.00  clk       --    
p_code[40]    0.50    0.50    5.00    5.00  clk       --    
p_code[41]    0.50    0.50    5.00    5.00  clk       --    
p_code[42]    0.50    0.50    5.00    5.00  clk       --    
p_code[43]    0.50    0.50    5.00    5.00  clk       --    
p_code[44]    0.50    0.50    5.00    5.00  clk       --    
p_code[45]    0.50    0.50    5.00    5.00  clk       --    
p_code[46]    0.50    0.50    5.00    5.00  clk       --    
p_code[47]    0.50    0.50    5.00    5.00  clk       --    
p_code[48]    0.50    0.50    5.00    5.00  clk       --    
p_code[49]    0.50    0.50    5.00    5.00  clk       --    
p_code[50]    0.50    0.50    5.00    5.00  clk       --    
p_code[51]    0.50    0.50    5.00    5.00  clk       --    
p_code[52]    0.50    0.50    5.00    5.00  clk       --    
p_code[53]    0.50    0.50    5.00    5.00  clk       --    
p_code[54]    0.50    0.50    5.00    5.00  clk       --    
p_code[55]    0.50    0.50    5.00    5.00  clk       --    
p_code[56]    0.50    0.50    5.00    5.00  clk       --    
p_code[57]    0.50    0.50    5.00    5.00  clk       --    
p_code[58]    0.50    0.50    5.00    5.00  clk       --    
p_code[59]    0.50    0.50    5.00    5.00  clk       --    
p_code[60]    0.50    0.50    5.00    5.00  clk       --    
p_code[61]    0.50    0.50    5.00    5.00  clk       --    
p_code[62]    0.50    0.50    5.00    5.00  clk       --    
p_code[63]    0.50    0.50    5.00    5.00  clk       --    
p_code[64]    0.50    0.50    5.00    5.00  clk       --    
p_code[65]    0.50    0.50    5.00    5.00  clk       --    
p_code[66]    0.50    0.50    5.00    5.00  clk       --    
p_code[67]    0.50    0.50    5.00    5.00  clk       --    
p_code[68]    0.50    0.50    5.00    5.00  clk       --    
p_code[69]    0.50    0.50    5.00    5.00  clk       --    
p_code[70]    0.50    0.50    5.00    5.00  clk       --    
p_code[71]    0.50    0.50    5.00    5.00  clk       --    
p_code[72]    0.50    0.50    5.00    5.00  clk       --    
p_code[73]    0.50    0.50    5.00    5.00  clk       --    
p_code[74]    0.50    0.50    5.00    5.00  clk       --    
p_code[75]    0.50    0.50    5.00    5.00  clk       --    
p_code[76]    0.50    0.50    5.00    5.00  clk       --    
p_code[77]    0.50    0.50    5.00    5.00  clk       --    
p_code[78]    0.50    0.50    5.00    5.00  clk       --    
p_code[79]    0.50    0.50    5.00    5.00  clk       --    
p_code[80]    0.50    0.50    5.00    5.00  clk       --    
p_code[81]    0.50    0.50    5.00    5.00  clk       --    
p_code[82]    0.50    0.50    5.00    5.00  clk       --    
p_code[83]    0.50    0.50    5.00    5.00  clk       --    
p_code[84]    0.50    0.50    5.00    5.00  clk       --    
p_code[85]    0.50    0.50    5.00    5.00  clk       --    
p_code[86]    0.50    0.50    5.00    5.00  clk       --    
p_code[87]    0.50    0.50    5.00    5.00  clk       --    
p_code[88]    0.50    0.50    5.00    5.00  clk       --    
p_code[89]    0.50    0.50    5.00    5.00  clk       --    
p_code_vld    0.50    0.50    5.00    5.00  clk       --    
rd_rdy        0.50    0.50    5.00    5.00  clk       --    
rstn          0.50    0.50    5.00    5.00  clk       --    
wr_data_in    0.50    0.50    5.00    5.00  clk       --    
wr_vld        0.50    0.50    5.00    5.00  clk       --    


               Max Drive      Min Drive      Resistance    Min    Min       Cell
Input Port    Rise    Fall   Rise    Fall   Max     Min    Cap    Fanout    Deg
--------------------------------------------------------------------------------
clk           --      --     --      --     --      --     --     --        -- 
p_code[0]     --      --     --      --     --      --     --     --        -- 
p_code[1]     --      --     --      --     --      --     --     --        -- 
p_code[2]     --      --     --      --     --      --     --     --        -- 
p_code[3]     --      --     --      --     --      --     --     --        -- 
p_code[4]     --      --     --      --     --      --     --     --        -- 
p_code[5]     --      --     --      --     --      --     --     --        -- 
p_code[6]     --      --     --      --     --      --     --     --        -- 
p_code[7]     --      --     --      --     --      --     --     --        -- 
p_code[8]     --      --     --      --     --      --     --     --        -- 
p_code[9]     --      --     --      --     --      --     --     --        -- 
p_code[10]    --      --     --      --     --      --     --     --        -- 
p_code[11]    --      --     --      --     --      --     --     --        -- 
p_code[12]    --      --     --      --     --      --     --     --        -- 
p_code[13]    --      --     --      --     --      --     --     --        -- 
p_code[14]    --      --     --      --     --      --     --     --        -- 
p_code[15]    --      --     --      --     --      --     --     --        -- 
p_code[16]    --      --     --      --     --      --     --     --        -- 
p_code[17]    --      --     --      --     --      --     --     --        -- 
p_code[18]    --      --     --      --     --      --     --     --        -- 
p_code[19]    --      --     --      --     --      --     --     --        -- 
p_code[20]    --      --     --      --     --      --     --     --        -- 
p_code[21]    --      --     --      --     --      --     --     --        -- 
p_code[22]    --      --     --      --     --      --     --     --        -- 
p_code[23]    --      --     --      --     --      --     --     --        -- 
p_code[24]    --      --     --      --     --      --     --     --        -- 
p_code[25]    --      --     --      --     --      --     --     --        -- 
p_code[26]    --      --     --      --     --      --     --     --        -- 
p_code[27]    --      --     --      --     --      --     --     --        -- 
p_code[28]    --      --     --      --     --      --     --     --        -- 
p_code[29]    --      --     --      --     --      --     --     --        -- 
p_code[30]    --      --     --      --     --      --     --     --        -- 
p_code[31]    --      --     --      --     --      --     --     --        -- 
p_code[32]    --      --     --      --     --      --     --     --        -- 
p_code[33]    --      --     --      --     --      --     --     --        -- 
p_code[34]    --      --     --      --     --      --     --     --        -- 
p_code[35]    --      --     --      --     --      --     --     --        -- 
p_code[36]    --      --     --      --     --      --     --     --        -- 
p_code[37]    --      --     --      --     --      --     --     --        -- 
p_code[38]    --      --     --      --     --      --     --     --        -- 
p_code[39]    --      --     --      --     --      --     --     --        -- 
p_code[40]    --      --     --      --     --      --     --     --        -- 
p_code[41]    --      --     --      --     --      --     --     --        -- 
p_code[42]    --      --     --      --     --      --     --     --        -- 
p_code[43]    --      --     --      --     --      --     --     --        -- 
p_code[44]    --      --     --      --     --      --     --     --        -- 
p_code[45]    --      --     --      --     --      --     --     --        -- 
p_code[46]    --      --     --      --     --      --     --     --        -- 
p_code[47]    --      --     --      --     --      --     --     --        -- 
p_code[48]    --      --     --      --     --      --     --     --        -- 
p_code[49]    --      --     --      --     --      --     --     --        -- 
p_code[50]    --      --     --      --     --      --     --     --        -- 
p_code[51]    --      --     --      --     --      --     --     --        -- 
p_code[52]    --      --     --      --     --      --     --     --        -- 
p_code[53]    --      --     --      --     --      --     --     --        -- 
p_code[54]    --      --     --      --     --      --     --     --        -- 
p_code[55]    --      --     --      --     --      --     --     --        -- 
p_code[56]    --      --     --      --     --      --     --     --        -- 
p_code[57]    --      --     --      --     --      --     --     --        -- 
p_code[58]    --      --     --      --     --      --     --     --        -- 
p_code[59]    --      --     --      --     --      --     --     --        -- 
p_code[60]    --      --     --      --     --      --     --     --        -- 
p_code[61]    --      --     --      --     --      --     --     --        -- 
p_code[62]    --      --     --      --     --      --     --     --        -- 
p_code[63]    --      --     --      --     --      --     --     --        -- 
p_code[64]    --      --     --      --     --      --     --     --        -- 
p_code[65]    --      --     --      --     --      --     --     --        -- 
p_code[66]    --      --     --      --     --      --     --     --        -- 
p_code[67]    --      --     --      --     --      --     --     --        -- 
p_code[68]    --      --     --      --     --      --     --     --        -- 
p_code[69]    --      --     --      --     --      --     --     --        -- 
p_code[70]    --      --     --      --     --      --     --     --        -- 
p_code[71]    --      --     --      --     --      --     --     --        -- 
p_code[72]    --      --     --      --     --      --     --     --        -- 
p_code[73]    --      --     --      --     --      --     --     --        -- 
p_code[74]    --      --     --      --     --      --     --     --        -- 
p_code[75]    --      --     --      --     --      --     --     --        -- 
p_code[76]    --      --     --      --     --      --     --     --        -- 
p_code[77]    --      --     --      --     --      --     --     --        -- 
p_code[78]    --      --     --      --     --      --     --     --        -- 
p_code[79]    --      --     --      --     --      --     --     --        -- 
p_code[80]    --      --     --      --     --      --     --     --        -- 
p_code[81]    --      --     --      --     --      --     --     --        -- 
p_code[82]    --      --     --      --     --      --     --     --        -- 
p_code[83]    --      --     --      --     --      --     --     --        -- 
p_code[84]    --      --     --      --     --      --     --     --        -- 
p_code[85]    --      --     --      --     --      --     --     --        -- 
p_code[86]    --      --     --      --     --      --     --     --        -- 
p_code[87]    --      --     --      --     --      --     --     --        -- 
p_code[88]    --      --     --      --     --      --     --     --        -- 
p_code[89]    --      --     --      --     --      --     --     --        -- 
p_code_vld    --      --     --      --     --      --     --     --        -- 
rd_rdy        --      --     --      --     --      --     --     --        -- 
rstn          --      --     --      --     --      --     --     --        -- 
wr_data_in    --      --     --      --     --      --     --     --        -- 
wr_vld        --      --     --      --     --      --     --     --        -- 


               Max Tran        Min Tran
Input Port    Rise    Fall    Rise    Fall
--------------------------------------------------------------------------------
clk           0.20    0.20    0.15    0.15
p_code[0]     0.20    0.20    0.15    0.15
p_code[1]     0.20    0.20    0.15    0.15
p_code[2]     0.20    0.20    0.15    0.15
p_code[3]     0.20    0.20    0.15    0.15
p_code[4]     0.20    0.20    0.15    0.15
p_code[5]     0.20    0.20    0.15    0.15
p_code[6]     0.20    0.20    0.15    0.15
p_code[7]     0.20    0.20    0.15    0.15
p_code[8]     0.20    0.20    0.15    0.15
p_code[9]     0.20    0.20    0.15    0.15
p_code[10]    0.20    0.20    0.15    0.15
p_code[11]    0.20    0.20    0.15    0.15
p_code[12]    0.20    0.20    0.15    0.15
p_code[13]    0.20    0.20    0.15    0.15
p_code[14]    0.20    0.20    0.15    0.15
p_code[15]    0.20    0.20    0.15    0.15
p_code[16]    0.20    0.20    0.15    0.15
p_code[17]    0.20    0.20    0.15    0.15
p_code[18]    0.20    0.20    0.15    0.15
p_code[19]    0.20    0.20    0.15    0.15
p_code[20]    0.20    0.20    0.15    0.15
p_code[21]    0.20    0.20    0.15    0.15
p_code[22]    0.20    0.20    0.15    0.15
p_code[23]    0.20    0.20    0.15    0.15
p_code[24]    0.20    0.20    0.15    0.15
p_code[25]    0.20    0.20    0.15    0.15
p_code[26]    0.20    0.20    0.15    0.15
p_code[27]    0.20    0.20    0.15    0.15
p_code[28]    0.20    0.20    0.15    0.15
p_code[29]    0.20    0.20    0.15    0.15
p_code[30]    0.20    0.20    0.15    0.15
p_code[31]    0.20    0.20    0.15    0.15
p_code[32]    0.20    0.20    0.15    0.15
p_code[33]    0.20    0.20    0.15    0.15
p_code[34]    0.20    0.20    0.15    0.15
p_code[35]    0.20    0.20    0.15    0.15
p_code[36]    0.20    0.20    0.15    0.15
p_code[37]    0.20    0.20    0.15    0.15
p_code[38]    0.20    0.20    0.15    0.15
p_code[39]    0.20    0.20    0.15    0.15
p_code[40]    0.20    0.20    0.15    0.15
p_code[41]    0.20    0.20    0.15    0.15
p_code[42]    0.20    0.20    0.15    0.15
p_code[43]    0.20    0.20    0.15    0.15
p_code[44]    0.20    0.20    0.15    0.15
p_code[45]    0.20    0.20    0.15    0.15
p_code[46]    0.20    0.20    0.15    0.15
p_code[47]    0.20    0.20    0.15    0.15
p_code[48]    0.20    0.20    0.15    0.15
p_code[49]    0.20    0.20    0.15    0.15
p_code[50]    0.20    0.20    0.15    0.15
p_code[51]    0.20    0.20    0.15    0.15
p_code[52]    0.20    0.20    0.15    0.15
p_code[53]    0.20    0.20    0.15    0.15
p_code[54]    0.20    0.20    0.15    0.15
p_code[55]    0.20    0.20    0.15    0.15
p_code[56]    0.20    0.20    0.15    0.15
p_code[57]    0.20    0.20    0.15    0.15
p_code[58]    0.20    0.20    0.15    0.15
p_code[59]    0.20    0.20    0.15    0.15
p_code[60]    0.20    0.20    0.15    0.15
p_code[61]    0.20    0.20    0.15    0.15
p_code[62]    0.20    0.20    0.15    0.15
p_code[63]    0.20    0.20    0.15    0.15
p_code[64]    0.20    0.20    0.15    0.15
p_code[65]    0.20    0.20    0.15    0.15
p_code[66]    0.20    0.20    0.15    0.15
p_code[67]    0.20    0.20    0.15    0.15
p_code[68]    0.20    0.20    0.15    0.15
p_code[69]    0.20    0.20    0.15    0.15
p_code[70]    0.20    0.20    0.15    0.15
p_code[71]    0.20    0.20    0.15    0.15
p_code[72]    0.20    0.20    0.15    0.15
p_code[73]    0.20    0.20    0.15    0.15
p_code[74]    0.20    0.20    0.15    0.15
p_code[75]    0.20    0.20    0.15    0.15
p_code[76]    0.20    0.20    0.15    0.15
p_code[77]    0.20    0.20    0.15    0.15
p_code[78]    0.20    0.20    0.15    0.15
p_code[79]    0.20    0.20    0.15    0.15
p_code[80]    0.20    0.20    0.15    0.15
p_code[81]    0.20    0.20    0.15    0.15
p_code[82]    0.20    0.20    0.15    0.15
p_code[83]    0.20    0.20    0.15    0.15
p_code[84]    0.20    0.20    0.15    0.15
p_code[85]    0.20    0.20    0.15    0.15
p_code[86]    0.20    0.20    0.15    0.15
p_code[87]    0.20    0.20    0.15    0.15
p_code[88]    0.20    0.20    0.15    0.15
p_code[89]    0.20    0.20    0.15    0.15
p_code_vld    0.20    0.20    0.15    0.15
rd_rdy        0.20    0.20    0.15    0.15
rstn          0.20    0.20    0.15    0.15
wr_data_in    0.20    0.20    0.15    0.15
wr_vld        0.20    0.20    0.15    0.15


                    Output Delay
                  Min             Max      Related  Fanout
Output Port   Rise    Fall    Rise    Fall  Clock     Load
--------------------------------------------------------------------------------
cp_ctrl[0]    0.50    0.50    5.00    5.00  clk       0.00  
cp_ctrl[1]    0.50    0.50    5.00    5.00  clk       0.00  
cp_ctrl[2]    0.50    0.50    5.00    5.00  clk       0.00  
cp_ctrl[3]    0.50    0.50    5.00    5.00  clk       0.00  
cp_ctrl[4]    0.50    0.50    5.00    5.00  clk       0.00  
cp_ctrl[5]    0.50    0.50    5.00    5.00  clk       0.00  
cp_ctrl[6]    0.50    0.50    5.00    5.00  clk       0.00  
cp_ctrl[7]    0.50    0.50    5.00    5.00  clk       0.00  
cp_ctrl[8]    0.50    0.50    5.00    5.00  clk       0.00  
cp_ctrl[9]    0.50    0.50    5.00    5.00  clk       0.00  
cp_ctrl[10]   0.50    0.50    5.00    5.00  clk       0.00  
cp_ctrl[11]   0.50    0.50    5.00    5.00  clk       0.00  
cp_ctrl[12]   0.50    0.50    5.00    5.00  clk       0.00  
cp_ctrl[13]   0.50    0.50    5.00    5.00  clk       0.00  
cp_ctrl[14]   0.50    0.50    5.00    5.00  clk       0.00  
cp_ctrl[15]   0.50    0.50    5.00    5.00  clk       0.00  
cp_ctrl[16]   0.50    0.50    5.00    5.00  clk       0.00  
cp_ctrl[17]   0.50    0.50    5.00    5.00  clk       0.00  
cp_ctrl[18]   0.50    0.50    5.00    5.00  clk       0.00  
cp_ctrl[19]   0.50    0.50    5.00    5.00  clk       0.00  
cp_ctrl[20]   0.50    0.50    5.00    5.00  clk       0.00  
cp_ctrl[21]   0.50    0.50    5.00    5.00  clk       0.00  
cp_ctrl[22]   0.50    0.50    5.00    5.00  clk       0.00  
cp_ctrl[23]   0.50    0.50    5.00    5.00  clk       0.00  
cp_ctrl[24]   0.50    0.50    5.00    5.00  clk       0.00  
cp_ctrl[25]   0.50    0.50    5.00    5.00  clk       0.00  
cp_ctrl[26]   0.50    0.50    5.00    5.00  clk       0.00  
cp_ctrl[27]   0.50    0.50    5.00    5.00  clk       0.00  
cp_ctrl[28]   0.50    0.50    5.00    5.00  clk       0.00  
cp_ctrl[29]   0.50    0.50    5.00    5.00  clk       0.00  
cp_ctrl[30]   0.50    0.50    5.00    5.00  clk       0.00  
cp_ctrl[31]   0.50    0.50    5.00    5.00  clk       0.00  
cp_ctrl[32]   0.50    0.50    5.00    5.00  clk       0.00  
cp_ctrl[33]   0.50    0.50    5.00    5.00  clk       0.00  
cp_ctrl[34]   0.50    0.50    5.00    5.00  clk       0.00  
cp_ctrl[35]   0.50    0.50    5.00    5.00  clk       0.00  
cp_ctrl[36]   0.50    0.50    5.00    5.00  clk       0.00  
cp_ctrl[37]   0.50    0.50    5.00    5.00  clk       0.00  
cp_ctrl[38]   0.50    0.50    5.00    5.00  clk       0.00  
cp_ctrl[39]   0.50    0.50    5.00    5.00  clk       0.00  
cp_ctrl[40]   0.50    0.50    5.00    5.00  clk       0.00  
cp_ctrl[41]   0.50    0.50    5.00    5.00  clk       0.00  
cp_ctrl[42]   0.50    0.50    5.00    5.00  clk       0.00  
cp_ctrl[43]   0.50    0.50    5.00    5.00  clk       0.00  
cp_ctrl[44]   0.50    0.50    5.00    5.00  clk       0.00  
cp_ctrl[45]   0.50    0.50    5.00    5.00  clk       0.00  
cp_ctrl[46]   0.50    0.50    5.00    5.00  clk       0.00  
cp_ctrl[47]   0.50    0.50    5.00    5.00  clk       0.00  
cp_ctrl[48]   0.50    0.50    5.00    5.00  clk       0.00  
cp_ctrl[49]   0.50    0.50    5.00    5.00  clk       0.00  
cp_ctrl[50]   0.50    0.50    5.00    5.00  clk       0.00  
cp_ctrl[51]   0.50    0.50    5.00    5.00  clk       0.00  
cp_ctrl[52]   0.50    0.50    5.00    5.00  clk       0.00  
cp_ctrl[53]   0.50    0.50    5.00    5.00  clk       0.00  
cp_ctrl[54]   0.50    0.50    5.00    5.00  clk       0.00  
cp_ctrl[55]   0.50    0.50    5.00    5.00  clk       0.00  
cp_ctrl[56]   0.50    0.50    5.00    5.00  clk       0.00  
cp_ctrl[57]   0.50    0.50    5.00    5.00  clk       0.00  
cp_ctrl[58]   0.50    0.50    5.00    5.00  clk       0.00  
cp_ctrl[59]   0.50    0.50    5.00    5.00  clk       0.00  
cp_ctrl[60]   0.50    0.50    5.00    5.00  clk       0.00  
cp_ctrl[61]   0.50    0.50    5.00    5.00  clk       0.00  
cp_ctrl[62]   0.50    0.50    5.00    5.00  clk       0.00  
cp_ctrl[63]   0.50    0.50    5.00    5.00  clk       0.00  
cp_ctrl[64]   0.50    0.50    5.00    5.00  clk       0.00  
cp_ctrl[65]   0.50    0.50    5.00    5.00  clk       0.00  
cp_ctrl[66]   0.50    0.50    5.00    5.00  clk       0.00  
cp_ctrl[67]   0.50    0.50    5.00    5.00  clk       0.00  
cp_ctrl[68]   0.50    0.50    5.00    5.00  clk       0.00  
cp_ctrl[69]   0.50    0.50    5.00    5.00  clk       0.00  
cp_ctrl[70]   0.50    0.50    5.00    5.00  clk       0.00  
cp_ctrl[71]   0.50    0.50    5.00    5.00  clk       0.00  
cp_ctrl[72]   0.50    0.50    5.00    5.00  clk       0.00  
cp_ctrl[73]   0.50    0.50    5.00    5.00  clk       0.00  
cp_ctrl[74]   0.50    0.50    5.00    5.00  clk       0.00  
cp_ctrl[75]   0.50    0.50    5.00    5.00  clk       0.00  
cp_ctrl[76]   0.50    0.50    5.00    5.00  clk       0.00  
cp_ctrl[77]   0.50    0.50    5.00    5.00  clk       0.00  
cp_ctrl[78]   0.50    0.50    5.00    5.00  clk       0.00  
cp_ctrl[79]   0.50    0.50    5.00    5.00  clk       0.00  
cp_ctrl[80]   0.50    0.50    5.00    5.00  clk       0.00  
cp_ctrl[81]   0.50    0.50    5.00    5.00  clk       0.00  
cp_ctrl[82]   0.50    0.50    5.00    5.00  clk       0.00  
cp_ctrl[83]   0.50    0.50    5.00    5.00  clk       0.00  
cp_ctrl[84]   0.50    0.50    5.00    5.00  clk       0.00  
cp_ctrl[85]   0.50    0.50    5.00    5.00  clk       0.00  
cp_ctrl[86]   0.50    0.50    5.00    5.00  clk       0.00  
cp_ctrl[87]   0.50    0.50    5.00    5.00  clk       0.00  
cp_ctrl[88]   0.50    0.50    5.00    5.00  clk       0.00  
cp_ctrl[89]   0.50    0.50    5.00    5.00  clk       0.00  
cp_ctrl[90]   0.50    0.50    5.00    5.00  clk       0.00  
cp_ctrl[91]   0.50    0.50    5.00    5.00  clk       0.00  
cp_ctrl[92]   0.50    0.50    5.00    5.00  clk       0.00  
cp_ctrl[93]   0.50    0.50    5.00    5.00  clk       0.00  
cp_ctrl[94]   0.50    0.50    5.00    5.00  clk       0.00  
cp_ctrl[95]   0.50    0.50    5.00    5.00  clk       0.00  
cp_ctrl[96]   0.50    0.50    5.00    5.00  clk       0.00  
cp_ctrl[97]   0.50    0.50    5.00    5.00  clk       0.00  
cp_ctrl[98]   0.50    0.50    5.00    5.00  clk       0.00  
cp_ctrl[99]   0.50    0.50    5.00    5.00  clk       0.00  
cp_ctrl[100]
              0.50    0.50    5.00    5.00  clk       0.00  
cp_ctrl[101]
              0.50    0.50    5.00    5.00  clk       0.00  
cp_ctrl[102]
              0.50    0.50    5.00    5.00  clk       0.00  
cp_ctrl[103]
              0.50    0.50    5.00    5.00  clk       0.00  
cp_ctrl[104]
              0.50    0.50    5.00    5.00  clk       0.00  
cp_ctrl[105]
              0.50    0.50    5.00    5.00  clk       0.00  
cp_ctrl[106]
              0.50    0.50    5.00    5.00  clk       0.00  
cp_ctrl[107]
              0.50    0.50    5.00    5.00  clk       0.00  
cp_ctrl[108]
              0.50    0.50    5.00    5.00  clk       0.00  
cp_ctrl[109]
              0.50    0.50    5.00    5.00  clk       0.00  
cp_ctrl[110]
              0.50    0.50    5.00    5.00  clk       0.00  
cp_ctrl[111]
              0.50    0.50    5.00    5.00  clk       0.00  
cp_ctrl[112]
              0.50    0.50    5.00    5.00  clk       0.00  
cp_ctrl[113]
              0.50    0.50    5.00    5.00  clk       0.00  
cp_ctrl[114]
              0.50    0.50    5.00    5.00  clk       0.00  
cp_ctrl[115]
              0.50    0.50    5.00    5.00  clk       0.00  
cp_ctrl[116]
              0.50    0.50    5.00    5.00  clk       0.00  
cp_ctrl[117]
              0.50    0.50    5.00    5.00  clk       0.00  
cp_ctrl[118]
              0.50    0.50    5.00    5.00  clk       0.00  
cp_ctrl[119]
              0.50    0.50    5.00    5.00  clk       0.00  
cp_ctrl[120]
              0.50    0.50    5.00    5.00  clk       0.00  
cp_ctrl[121]
              0.50    0.50    5.00    5.00  clk       0.00  
cp_ctrl[122]
              0.50    0.50    5.00    5.00  clk       0.00  
cp_ctrl[123]
              0.50    0.50    5.00    5.00  clk       0.00  
cp_ctrl[124]
              0.50    0.50    5.00    5.00  clk       0.00  
cp_ctrl[125]
              0.50    0.50    5.00    5.00  clk       0.00  
cp_ctrl[126]
              0.50    0.50    5.00    5.00  clk       0.00  
cp_ctrl[127]
              0.50    0.50    5.00    5.00  clk       0.00  
cp_ctrl[128]
              0.50    0.50    5.00    5.00  clk       0.00  
cp_ctrl[129]
              0.50    0.50    5.00    5.00  clk       0.00  
cp_ctrl[130]
              0.50    0.50    5.00    5.00  clk       0.00  
cp_ctrl[131]
              0.50    0.50    5.00    5.00  clk       0.00  
cp_ctrl[132]
              0.50    0.50    5.00    5.00  clk       0.00  
cp_ctrl[133]
              0.50    0.50    5.00    5.00  clk       0.00  
cp_ctrl[134]
              0.50    0.50    5.00    5.00  clk       0.00  
cp_ctrl[135]
              0.50    0.50    5.00    5.00  clk       0.00  
cp_ctrl[136]
              0.50    0.50    5.00    5.00  clk       0.00  
cp_ctrl[137]
              0.50    0.50    5.00    5.00  clk       0.00  
cp_ctrl[138]
              0.50    0.50    5.00    5.00  clk       0.00  
cp_ctrl[139]
              0.50    0.50    5.00    5.00  clk       0.00  
cp_ctrl[140]
              0.50    0.50    5.00    5.00  clk       0.00  
cp_ctrl[141]
              0.50    0.50    5.00    5.00  clk       0.00  
cp_ctrl[142]
              0.50    0.50    5.00    5.00  clk       0.00  
cp_ctrl[143]
              0.50    0.50    5.00    5.00  clk       0.00  
cp_ctrl[144]
              0.50    0.50    5.00    5.00  clk       0.00  
cp_ctrl[145]
              0.50    0.50    5.00    5.00  clk       0.00  
cp_ctrl[146]
              0.50    0.50    5.00    5.00  clk       0.00  
cp_ctrl[147]
              0.50    0.50    5.00    5.00  clk       0.00  
cp_ctrl[148]
              0.50    0.50    5.00    5.00  clk       0.00  
cp_ctrl[149]
              0.50    0.50    5.00    5.00  clk       0.00  
cp_ctrl[150]
              0.50    0.50    5.00    5.00  clk       0.00  
cp_ctrl[151]
              0.50    0.50    5.00    5.00  clk       0.00  
cp_ctrl[152]
              0.50    0.50    5.00    5.00  clk       0.00  
cp_ctrl[153]
              0.50    0.50    5.00    5.00  clk       0.00  
cp_ctrl[154]
              0.50    0.50    5.00    5.00  clk       0.00  
cp_ctrl[155]
              0.50    0.50    5.00    5.00  clk       0.00  
cp_ctrl[156]
              0.50    0.50    5.00    5.00  clk       0.00  
cp_ctrl[157]
              0.50    0.50    5.00    5.00  clk       0.00  
cp_ctrl[158]
              0.50    0.50    5.00    5.00  clk       0.00  
cp_ctrl[159]
              0.50    0.50    5.00    5.00  clk       0.00  
cp_ctrl[160]
              0.50    0.50    5.00    5.00  clk       0.00  
cp_ctrl[161]
              0.50    0.50    5.00    5.00  clk       0.00  
cp_ctrl[162]
              0.50    0.50    5.00    5.00  clk       0.00  
cp_ctrl[163]
              0.50    0.50    5.00    5.00  clk       0.00  
cp_ctrl[164]
              0.50    0.50    5.00    5.00  clk       0.00  
cp_ctrl[165]
              0.50    0.50    5.00    5.00  clk       0.00  
cp_ctrl[166]
              0.50    0.50    5.00    5.00  clk       0.00  
cp_ctrl[167]
              0.50    0.50    5.00    5.00  clk       0.00  
cp_ctrl[168]
              0.50    0.50    5.00    5.00  clk       0.00  
cp_ctrl[169]
              0.50    0.50    5.00    5.00  clk       0.00  
cp_ctrl[170]
              0.50    0.50    5.00    5.00  clk       0.00  
cp_ctrl[171]
              0.50    0.50    5.00    5.00  clk       0.00  
cp_ctrl[172]
              0.50    0.50    5.00    5.00  clk       0.00  
cp_ctrl[173]
              0.50    0.50    5.00    5.00  clk       0.00  
cp_ctrl[174]
              0.50    0.50    5.00    5.00  clk       0.00  
cp_ctrl[175]
              0.50    0.50    5.00    5.00  clk       0.00  
cp_ctrl[176]
              0.50    0.50    5.00    5.00  clk       0.00  
cp_ctrl[177]
              0.50    0.50    5.00    5.00  clk       0.00  
cp_ctrl[178]
              0.50    0.50    5.00    5.00  clk       0.00  
cp_ctrl[179]
              0.50    0.50    5.00    5.00  clk       0.00  
cp_ctrl[180]
              0.50    0.50    5.00    5.00  clk       0.00  
cp_ctrl[181]
              0.50    0.50    5.00    5.00  clk       0.00  
cp_ctrl[182]
              0.50    0.50    5.00    5.00  clk       0.00  
cp_ctrl[183]
              0.50    0.50    5.00    5.00  clk       0.00  
cp_ctrl[184]
              0.50    0.50    5.00    5.00  clk       0.00  
cp_ctrl[185]
              0.50    0.50    5.00    5.00  clk       0.00  
cp_ctrl[186]
              0.50    0.50    5.00    5.00  clk       0.00  
cp_ctrl[187]
              0.50    0.50    5.00    5.00  clk       0.00  
cp_ctrl[188]
              0.50    0.50    5.00    5.00  clk       0.00  
cp_ctrl[189]
              0.50    0.50    5.00    5.00  clk       0.00  
cp_ctrl[190]
              0.50    0.50    5.00    5.00  clk       0.00  
cp_ctrl[191]
              0.50    0.50    5.00    5.00  clk       0.00  
cp_ctrl[192]
              0.50    0.50    5.00    5.00  clk       0.00  
cp_ctrl[193]
              0.50    0.50    5.00    5.00  clk       0.00  
cp_ctrl[194]
              0.50    0.50    5.00    5.00  clk       0.00  
cp_ctrl[195]
              0.50    0.50    5.00    5.00  clk       0.00  
cp_ctrl[196]
              0.50    0.50    5.00    5.00  clk       0.00  
cp_ctrl[197]
              0.50    0.50    5.00    5.00  clk       0.00  
cp_ctrl[198]
              0.50    0.50    5.00    5.00  clk       0.00  
cp_ctrl[199]
              0.50    0.50    5.00    5.00  clk       0.00  
cp_ctrl[200]
              0.50    0.50    5.00    5.00  clk       0.00  
cp_ctrl[201]
              0.50    0.50    5.00    5.00  clk       0.00  
cp_ctrl[202]
              0.50    0.50    5.00    5.00  clk       0.00  
cp_ctrl[203]
              0.50    0.50    5.00    5.00  clk       0.00  
cp_ctrl[204]
              0.50    0.50    5.00    5.00  clk       0.00  
cp_ctrl[205]
              0.50    0.50    5.00    5.00  clk       0.00  
cp_ctrl[206]
              0.50    0.50    5.00    5.00  clk       0.00  
cp_ctrl[207]
              0.50    0.50    5.00    5.00  clk       0.00  
cp_ctrl[208]
              0.50    0.50    5.00    5.00  clk       0.00  
cp_ctrl[209]
              0.50    0.50    5.00    5.00  clk       0.00  
cp_ctrl[210]
              0.50    0.50    5.00    5.00  clk       0.00  
cp_ctrl[211]
              0.50    0.50    5.00    5.00  clk       0.00  
cp_ctrl[212]
              0.50    0.50    5.00    5.00  clk       0.00  
cp_ctrl[213]
              0.50    0.50    5.00    5.00  clk       0.00  
cp_ctrl[214]
              0.50    0.50    5.00    5.00  clk       0.00  
cp_ctrl[215]
              0.50    0.50    5.00    5.00  clk       0.00  
cp_ctrl[216]
              0.50    0.50    5.00    5.00  clk       0.00  
cp_ctrl[217]
              0.50    0.50    5.00    5.00  clk       0.00  
cp_ctrl[218]
              0.50    0.50    5.00    5.00  clk       0.00  
cp_ctrl[219]
              0.50    0.50    5.00    5.00  clk       0.00  
cp_ctrl[220]
              0.50    0.50    5.00    5.00  clk       0.00  
cp_ctrl[221]
              0.50    0.50    5.00    5.00  clk       0.00  
cp_ctrl[222]
              0.50    0.50    5.00    5.00  clk       0.00  
cp_ctrl[223]
              0.50    0.50    5.00    5.00  clk       0.00  
cp_ctrl[224]
              0.50    0.50    5.00    5.00  clk       0.00  
cp_ctrl[225]
              0.50    0.50    5.00    5.00  clk       0.00  
cp_ctrl[226]
              0.50    0.50    5.00    5.00  clk       0.00  
cp_ctrl[227]
              0.50    0.50    5.00    5.00  clk       0.00  
cp_ctrl[228]
              0.50    0.50    5.00    5.00  clk       0.00  
cp_ctrl[229]
              0.50    0.50    5.00    5.00  clk       0.00  
cp_ctrl[230]
              0.50    0.50    5.00    5.00  clk       0.00  
cp_ctrl[231]
              0.50    0.50    5.00    5.00  clk       0.00  
cp_ctrl[232]
              0.50    0.50    5.00    5.00  clk       0.00  
cp_ctrl[233]
              0.50    0.50    5.00    5.00  clk       0.00  
cp_ctrl[234]
              0.50    0.50    5.00    5.00  clk       0.00  
cp_ctrl[235]
              0.50    0.50    5.00    5.00  clk       0.00  
cp_ctrl[236]
              0.50    0.50    5.00    5.00  clk       0.00  
cp_ctrl[237]
              0.50    0.50    5.00    5.00  clk       0.00  
cp_ctrl[238]
              0.50    0.50    5.00    5.00  clk       0.00  
cp_ctrl[239]
              0.50    0.50    5.00    5.00  clk       0.00  
cp_ctrl[240]
              0.50    0.50    5.00    5.00  clk       0.00  
cp_ctrl[241]
              0.50    0.50    5.00    5.00  clk       0.00  
cp_ctrl[242]
              0.50    0.50    5.00    5.00  clk       0.00  
cp_ctrl[243]
              0.50    0.50    5.00    5.00  clk       0.00  
cp_ctrl[244]
              0.50    0.50    5.00    5.00  clk       0.00  
cp_ctrl[245]
              0.50    0.50    5.00    5.00  clk       0.00  
cp_ctrl[246]
              0.50    0.50    5.00    5.00  clk       0.00  
cp_ctrl[247]
              0.50    0.50    5.00    5.00  clk       0.00  
cp_ctrl[248]
              0.50    0.50    5.00    5.00  clk       0.00  
cp_ctrl[249]
              0.50    0.50    5.00    5.00  clk       0.00  
cp_ctrl[250]
              0.50    0.50    5.00    5.00  clk       0.00  
cp_ctrl[251]
              0.50    0.50    5.00    5.00  clk       0.00  
cp_ctrl[252]
              0.50    0.50    5.00    5.00  clk       0.00  
cp_ctrl[253]
              0.50    0.50    5.00    5.00  clk       0.00  
cp_ctrl[254]
              0.50    0.50    5.00    5.00  clk       0.00  
cp_ctrl[255]
              0.50    0.50    5.00    5.00  clk       0.00  
cp_ctrl[256]
              0.50    0.50    5.00    5.00  clk       0.00  
cp_ctrl[257]
              0.50    0.50    5.00    5.00  clk       0.00  
cp_ctrl[258]
              0.50    0.50    5.00    5.00  clk       0.00  
cp_ctrl[259]
              0.50    0.50    5.00    5.00  clk       0.00  
cp_ctrl[260]
              0.50    0.50    5.00    5.00  clk       0.00  
cp_ctrl[261]
              0.50    0.50    5.00    5.00  clk       0.00  
cp_ctrl[262]
              0.50    0.50    5.00    5.00  clk       0.00  
cp_ctrl[263]
              0.50    0.50    5.00    5.00  clk       0.00  
cp_ctrl[264]
              0.50    0.50    5.00    5.00  clk       0.00  
cp_ctrl[265]
              0.50    0.50    5.00    5.00  clk       0.00  
cp_ctrl[266]
              0.50    0.50    5.00    5.00  clk       0.00  
cp_ctrl[267]
              0.50    0.50    5.00    5.00  clk       0.00  
cp_ctrl[268]
              0.50    0.50    5.00    5.00  clk       0.00  
cp_ctrl[269]
              0.50    0.50    5.00    5.00  clk       0.00  
cp_ctrl[270]
              0.50    0.50    5.00    5.00  clk       0.00  
cp_ctrl[271]
              0.50    0.50    5.00    5.00  clk       0.00  
cp_ctrl[272]
              0.50    0.50    5.00    5.00  clk       0.00  
cp_ctrl[273]
              0.50    0.50    5.00    5.00  clk       0.00  
cp_ctrl[274]
              0.50    0.50    5.00    5.00  clk       0.00  
cp_ctrl[275]
              0.50    0.50    5.00    5.00  clk       0.00  
cp_ctrl[276]
              0.50    0.50    5.00    5.00  clk       0.00  
cp_ctrl[277]
              0.50    0.50    5.00    5.00  clk       0.00  
cp_ctrl[278]
              0.50    0.50    5.00    5.00  clk       0.00  
cp_ctrl[279]
              0.50    0.50    5.00    5.00  clk       0.00  
cp_ctrl[280]
              0.50    0.50    5.00    5.00  clk       0.00  
cp_ctrl[281]
              0.50    0.50    5.00    5.00  clk       0.00  
cp_ctrl[282]
              0.50    0.50    5.00    5.00  clk       0.00  
cp_ctrl[283]
              0.50    0.50    5.00    5.00  clk       0.00  
cp_ctrl[284]
              0.50    0.50    5.00    5.00  clk       0.00  
cp_ctrl[285]
              0.50    0.50    5.00    5.00  clk       0.00  
cp_ctrl[286]
              0.50    0.50    5.00    5.00  clk       0.00  
cp_ctrl[287]
              0.50    0.50    5.00    5.00  clk       0.00  
cp_ctrl[288]
              0.50    0.50    5.00    5.00  clk       0.00  
cp_ctrl[289]
              0.50    0.50    5.00    5.00  clk       0.00  
cp_ctrl[290]
              0.50    0.50    5.00    5.00  clk       0.00  
cp_ctrl[291]
              0.50    0.50    5.00    5.00  clk       0.00  
cp_ctrl[292]
              0.50    0.50    5.00    5.00  clk       0.00  
cp_ctrl[293]
              0.50    0.50    5.00    5.00  clk       0.00  
cp_ctrl[294]
              0.50    0.50    5.00    5.00  clk       0.00  
cp_ctrl[295]
              0.50    0.50    5.00    5.00  clk       0.00  
cp_ctrl[296]
              0.50    0.50    5.00    5.00  clk       0.00  
cp_ctrl[297]
              0.50    0.50    5.00    5.00  clk       0.00  
cp_ctrl[298]
              0.50    0.50    5.00    5.00  clk       0.00  
cp_ctrl[299]
              0.50    0.50    5.00    5.00  clk       0.00  
cp_ctrl[300]
              0.50    0.50    5.00    5.00  clk       0.00  
cp_ctrl[301]
              0.50    0.50    5.00    5.00  clk       0.00  
cp_ctrl[302]
              0.50    0.50    5.00    5.00  clk       0.00  
cp_ctrl[303]
              0.50    0.50    5.00    5.00  clk       0.00  
cp_ctrl[304]
              0.50    0.50    5.00    5.00  clk       0.00  
cp_ctrl[305]
              0.50    0.50    5.00    5.00  clk       0.00  
cp_ctrl[306]
              0.50    0.50    5.00    5.00  clk       0.00  
cp_ctrl[307]
              0.50    0.50    5.00    5.00  clk       0.00  
cp_ctrl[308]
              0.50    0.50    5.00    5.00  clk       0.00  
cp_ctrl[309]
              0.50    0.50    5.00    5.00  clk       0.00  
cp_ctrl[310]
              0.50    0.50    5.00    5.00  clk       0.00  
cp_ctrl[311]
              0.50    0.50    5.00    5.00  clk       0.00  
cp_ctrl[312]
              0.50    0.50    5.00    5.00  clk       0.00  
cp_ctrl[313]
              0.50    0.50    5.00    5.00  clk       0.00  
cp_ctrl[314]
              0.50    0.50    5.00    5.00  clk       0.00  
cp_ctrl[315]
              0.50    0.50    5.00    5.00  clk       0.00  
cp_ctrl[316]
              0.50    0.50    5.00    5.00  clk       0.00  
cp_ctrl[317]
              0.50    0.50    5.00    5.00  clk       0.00  
cp_ctrl[318]
              0.50    0.50    5.00    5.00  clk       0.00  
cp_ctrl[319]
              0.50    0.50    5.00    5.00  clk       0.00  
cp_ctrl[320]
              0.50    0.50    5.00    5.00  clk       0.00  
cp_ctrl[321]
              0.50    0.50    5.00    5.00  clk       0.00  
cp_ctrl[322]
              0.50    0.50    5.00    5.00  clk       0.00  
cp_ctrl[323]
              0.50    0.50    5.00    5.00  clk       0.00  
cp_ctrl[324]
              0.50    0.50    5.00    5.00  clk       0.00  
cp_ctrl[325]
              0.50    0.50    5.00    5.00  clk       0.00  
cp_ctrl[326]
              0.50    0.50    5.00    5.00  clk       0.00  
cp_ctrl[327]
              0.50    0.50    5.00    5.00  clk       0.00  
cp_ctrl[328]
              0.50    0.50    5.00    5.00  clk       0.00  
cp_ctrl[329]
              0.50    0.50    5.00    5.00  clk       0.00  
cp_ctrl[330]
              0.50    0.50    5.00    5.00  clk       0.00  
cp_ctrl[331]
              0.50    0.50    5.00    5.00  clk       0.00  
cp_ctrl[332]
              0.50    0.50    5.00    5.00  clk       0.00  
cp_ctrl[333]
              0.50    0.50    5.00    5.00  clk       0.00  
cp_ctrl[334]
              0.50    0.50    5.00    5.00  clk       0.00  
cp_ctrl[335]
              0.50    0.50    5.00    5.00  clk       0.00  
cp_ctrl[336]
              0.50    0.50    5.00    5.00  clk       0.00  
cp_ctrl[337]
              0.50    0.50    5.00    5.00  clk       0.00  
cp_ctrl[338]
              0.50    0.50    5.00    5.00  clk       0.00  
cp_ctrl[339]
              0.50    0.50    5.00    5.00  clk       0.00  
cp_ctrl[340]
              0.50    0.50    5.00    5.00  clk       0.00  
cp_ctrl[341]
              0.50    0.50    5.00    5.00  clk       0.00  
cp_ctrl[342]
              0.50    0.50    5.00    5.00  clk       0.00  
cp_ctrl[343]
              0.50    0.50    5.00    5.00  clk       0.00  
cp_ctrl[344]
              0.50    0.50    5.00    5.00  clk       0.00  
cp_ctrl[345]
              0.50    0.50    5.00    5.00  clk       0.00  
cp_ctrl[346]
              0.50    0.50    5.00    5.00  clk       0.00  
cp_ctrl[347]
              0.50    0.50    5.00    5.00  clk       0.00  
cp_ctrl[348]
              0.50    0.50    5.00    5.00  clk       0.00  
cp_ctrl[349]
              0.50    0.50    5.00    5.00  clk       0.00  
cp_ctrl[350]
              0.50    0.50    5.00    5.00  clk       0.00  
cp_ctrl[351]
              0.50    0.50    5.00    5.00  clk       0.00  
cp_ctrl[352]
              0.50    0.50    5.00    5.00  clk       0.00  
cp_ctrl[353]
              0.50    0.50    5.00    5.00  clk       0.00  
cp_ctrl[354]
              0.50    0.50    5.00    5.00  clk       0.00  
cp_ctrl[355]
              0.50    0.50    5.00    5.00  clk       0.00  
cp_ctrl[356]
              0.50    0.50    5.00    5.00  clk       0.00  
cp_ctrl[357]
              0.50    0.50    5.00    5.00  clk       0.00  
cp_ctrl[358]
              0.50    0.50    5.00    5.00  clk       0.00  
cp_ctrl[359]
              0.50    0.50    5.00    5.00  clk       0.00  
cp_ctrl[360]
              0.50    0.50    5.00    5.00  clk       0.00  
cp_ctrl[361]
              0.50    0.50    5.00    5.00  clk       0.00  
cp_ctrl[362]
              0.50    0.50    5.00    5.00  clk       0.00  
cp_ctrl[363]
              0.50    0.50    5.00    5.00  clk       0.00  
cp_ctrl[364]
              0.50    0.50    5.00    5.00  clk       0.00  
cp_ctrl[365]
              0.50    0.50    5.00    5.00  clk       0.00  
cp_ctrl[366]
              0.50    0.50    5.00    5.00  clk       0.00  
cp_ctrl[367]
              0.50    0.50    5.00    5.00  clk       0.00  
cp_ctrl[368]
              0.50    0.50    5.00    5.00  clk       0.00  
cp_ctrl[369]
              0.50    0.50    5.00    5.00  clk       0.00  
cp_ctrl[370]
              0.50    0.50    5.00    5.00  clk       0.00  
cp_ctrl[371]
              0.50    0.50    5.00    5.00  clk       0.00  
cp_ctrl[372]
              0.50    0.50    5.00    5.00  clk       0.00  
cp_ctrl[373]
              0.50    0.50    5.00    5.00  clk       0.00  
cp_ctrl[374]
              0.50    0.50    5.00    5.00  clk       0.00  
cp_ctrl[375]
              0.50    0.50    5.00    5.00  clk       0.00  
cp_ctrl[376]
              0.50    0.50    5.00    5.00  clk       0.00  
cp_ctrl[377]
              0.50    0.50    5.00    5.00  clk       0.00  
cp_ctrl[378]
              0.50    0.50    5.00    5.00  clk       0.00  
cp_ctrl[379]
              0.50    0.50    5.00    5.00  clk       0.00  
cp_ctrl[380]
              0.50    0.50    5.00    5.00  clk       0.00  
cp_ctrl[381]
              0.50    0.50    5.00    5.00  clk       0.00  
cp_ctrl[382]
              0.50    0.50    5.00    5.00  clk       0.00  
cp_ctrl[383]
              0.50    0.50    5.00    5.00  clk       0.00  
cp_ctrl[384]
              0.50    0.50    5.00    5.00  clk       0.00  
cp_ctrl[385]
              0.50    0.50    5.00    5.00  clk       0.00  
cp_ctrl[386]
              0.50    0.50    5.00    5.00  clk       0.00  
cp_ctrl[387]
              0.50    0.50    5.00    5.00  clk       0.00  
cp_ctrl[388]
              0.50    0.50    5.00    5.00  clk       0.00  
cp_ctrl[389]
              0.50    0.50    5.00    5.00  clk       0.00  
cp_ctrl[390]
              0.50    0.50    5.00    5.00  clk       0.00  
cp_ctrl[391]
              0.50    0.50    5.00    5.00  clk       0.00  
cp_ctrl[392]
              0.50    0.50    5.00    5.00  clk       0.00  
cp_ctrl[393]
              0.50    0.50    5.00    5.00  clk       0.00  
cp_ctrl[394]
              0.50    0.50    5.00    5.00  clk       0.00  
cp_ctrl[395]
              0.50    0.50    5.00    5.00  clk       0.00  
cp_ctrl[396]
              0.50    0.50    5.00    5.00  clk       0.00  
cp_ctrl[397]
              0.50    0.50    5.00    5.00  clk       0.00  
cp_ctrl[398]
              0.50    0.50    5.00    5.00  clk       0.00  
cp_ctrl[399]
              0.50    0.50    5.00    5.00  clk       0.00  
cp_ctrl[400]
              0.50    0.50    5.00    5.00  clk       0.00  
cp_ctrl[401]
              0.50    0.50    5.00    5.00  clk       0.00  
cp_ctrl[402]
              0.50    0.50    5.00    5.00  clk       0.00  
cp_ctrl[403]
              0.50    0.50    5.00    5.00  clk       0.00  
cp_ctrl[404]
              0.50    0.50    5.00    5.00  clk       0.00  
cp_ctrl[405]
              0.50    0.50    5.00    5.00  clk       0.00  
cp_ctrl[406]
              0.50    0.50    5.00    5.00  clk       0.00  
cp_ctrl[407]
              0.50    0.50    5.00    5.00  clk       0.00  
cp_ctrl[408]
              0.50    0.50    5.00    5.00  clk       0.00  
cp_ctrl[409]
              0.50    0.50    5.00    5.00  clk       0.00  
cp_ctrl[410]
              0.50    0.50    5.00    5.00  clk       0.00  
cp_ctrl[411]
              0.50    0.50    5.00    5.00  clk       0.00  
cp_ctrl[412]
              0.50    0.50    5.00    5.00  clk       0.00  
cp_ctrl[413]
              0.50    0.50    5.00    5.00  clk       0.00  
cp_ctrl[414]
              0.50    0.50    5.00    5.00  clk       0.00  
cp_ctrl[415]
              0.50    0.50    5.00    5.00  clk       0.00  
cp_ctrl[416]
              0.50    0.50    5.00    5.00  clk       0.00  
cp_ctrl[417]
              0.50    0.50    5.00    5.00  clk       0.00  
cp_ctrl[418]
              0.50    0.50    5.00    5.00  clk       0.00  
cp_ctrl[419]
              0.50    0.50    5.00    5.00  clk       0.00  
cp_ctrl[420]
              0.50    0.50    5.00    5.00  clk       0.00  
cp_ctrl[421]
              0.50    0.50    5.00    5.00  clk       0.00  
cp_ctrl[422]
              0.50    0.50    5.00    5.00  clk       0.00  
cp_ctrl[423]
              0.50    0.50    5.00    5.00  clk       0.00  
cp_ctrl[424]
              0.50    0.50    5.00    5.00  clk       0.00  
cp_ctrl[425]
              0.50    0.50    5.00    5.00  clk       0.00  
cp_ctrl[426]
              0.50    0.50    5.00    5.00  clk       0.00  
cp_ctrl[427]
              0.50    0.50    5.00    5.00  clk       0.00  
cp_ctrl[428]
              0.50    0.50    5.00    5.00  clk       0.00  
cp_ctrl[429]
              0.50    0.50    5.00    5.00  clk       0.00  
cp_ctrl[430]
              0.50    0.50    5.00    5.00  clk       0.00  
cp_ctrl[431]
              0.50    0.50    5.00    5.00  clk       0.00  
cp_ctrl[432]
              0.50    0.50    5.00    5.00  clk       0.00  
cp_ctrl[433]
              0.50    0.50    5.00    5.00  clk       0.00  
cp_ctrl[434]
              0.50    0.50    5.00    5.00  clk       0.00  
cp_ctrl[435]
              0.50    0.50    5.00    5.00  clk       0.00  
cp_ctrl[436]
              0.50    0.50    5.00    5.00  clk       0.00  
cp_ctrl[437]
              0.50    0.50    5.00    5.00  clk       0.00  
cp_ctrl[438]
              0.50    0.50    5.00    5.00  clk       0.00  
cp_ctrl[439]
              0.50    0.50    5.00    5.00  clk       0.00  
cp_ctrl[440]
              0.50    0.50    5.00    5.00  clk       0.00  
cp_ctrl[441]
              0.50    0.50    5.00    5.00  clk       0.00  
cp_ctrl[442]
              0.50    0.50    5.00    5.00  clk       0.00  
cp_ctrl[443]
              0.50    0.50    5.00    5.00  clk       0.00  
cp_ctrl[444]
              0.50    0.50    5.00    5.00  clk       0.00  
cp_ctrl[445]
              0.50    0.50    5.00    5.00  clk       0.00  
cp_ctrl[446]
              0.50    0.50    5.00    5.00  clk       0.00  
cp_ctrl[447]
              0.50    0.50    5.00    5.00  clk       0.00  
cp_ctrl[448]
              0.50    0.50    5.00    5.00  clk       0.00  
cp_ctrl[449]
              0.50    0.50    5.00    5.00  clk       0.00  
cp_ctrl[450]
              0.50    0.50    5.00    5.00  clk       0.00  
cp_ctrl[451]
              0.50    0.50    5.00    5.00  clk       0.00  
cp_ctrl[452]
              0.50    0.50    5.00    5.00  clk       0.00  
cp_ctrl[453]
              0.50    0.50    5.00    5.00  clk       0.00  
cp_ctrl[454]
              0.50    0.50    5.00    5.00  clk       0.00  
cp_ctrl[455]
              0.50    0.50    5.00    5.00  clk       0.00  
cp_ctrl[456]
              0.50    0.50    5.00    5.00  clk       0.00  
cp_ctrl[457]
              0.50    0.50    5.00    5.00  clk       0.00  
cp_ctrl[458]
              0.50    0.50    5.00    5.00  clk       0.00  
cp_ctrl[459]
              0.50    0.50    5.00    5.00  clk       0.00  
cp_ctrl[460]
              0.50    0.50    5.00    5.00  clk       0.00  
cp_ctrl[461]
              0.50    0.50    5.00    5.00  clk       0.00  
cp_ctrl[462]
              0.50    0.50    5.00    5.00  clk       0.00  
cp_ctrl[463]
              0.50    0.50    5.00    5.00  clk       0.00  
cp_ctrl[464]
              0.50    0.50    5.00    5.00  clk       0.00  
cp_ctrl[465]
              0.50    0.50    5.00    5.00  clk       0.00  
cp_ctrl[466]
              0.50    0.50    5.00    5.00  clk       0.00  
cp_ctrl[467]
              0.50    0.50    5.00    5.00  clk       0.00  
cp_ctrl[468]
              0.50    0.50    5.00    5.00  clk       0.00  
cp_ctrl[469]
              0.50    0.50    5.00    5.00  clk       0.00  
cp_ctrl[470]
              0.50    0.50    5.00    5.00  clk       0.00  
cp_ctrl[471]
              0.50    0.50    5.00    5.00  clk       0.00  
cp_ctrl[472]
              0.50    0.50    5.00    5.00  clk       0.00  
cp_ctrl[473]
              0.50    0.50    5.00    5.00  clk       0.00  
cp_ctrl[474]
              0.50    0.50    5.00    5.00  clk       0.00  
cp_ctrl[475]
              0.50    0.50    5.00    5.00  clk       0.00  
cp_ctrl[476]
              0.50    0.50    5.00    5.00  clk       0.00  
cp_ctrl[477]
              0.50    0.50    5.00    5.00  clk       0.00  
cp_ctrl[478]
              0.50    0.50    5.00    5.00  clk       0.00  
cp_ctrl[479]
              0.50    0.50    5.00    5.00  clk       0.00  
cp_ctrl[480]
              0.50    0.50    5.00    5.00  clk       0.00  
cp_ctrl[481]
              0.50    0.50    5.00    5.00  clk       0.00  
cp_ctrl[482]
              0.50    0.50    5.00    5.00  clk       0.00  
cp_ctrl[483]
              0.50    0.50    5.00    5.00  clk       0.00  
cp_ctrl[484]
              0.50    0.50    5.00    5.00  clk       0.00  
cp_ctrl[485]
              0.50    0.50    5.00    5.00  clk       0.00  
cp_ctrl[486]
              0.50    0.50    5.00    5.00  clk       0.00  
cp_ctrl[487]
              0.50    0.50    5.00    5.00  clk       0.00  
cp_ctrl[488]
              0.50    0.50    5.00    5.00  clk       0.00  
cp_ctrl[489]
              0.50    0.50    5.00    5.00  clk       0.00  
cp_ctrl[490]
              0.50    0.50    5.00    5.00  clk       0.00  
cp_ctrl[491]
              0.50    0.50    5.00    5.00  clk       0.00  
cp_ctrl[492]
              0.50    0.50    5.00    5.00  clk       0.00  
cp_ctrl[493]
              0.50    0.50    5.00    5.00  clk       0.00  
cp_ctrl[494]
              0.50    0.50    5.00    5.00  clk       0.00  
cp_ctrl[495]
              0.50    0.50    5.00    5.00  clk       0.00  
cp_ctrl[496]
              0.50    0.50    5.00    5.00  clk       0.00  
cp_ctrl[497]
              0.50    0.50    5.00    5.00  clk       0.00  
cp_ctrl[498]
              0.50    0.50    5.00    5.00  clk       0.00  
cp_ctrl[499]
              0.50    0.50    5.00    5.00  clk       0.00  
cp_ctrl[500]
              0.50    0.50    5.00    5.00  clk       0.00  
cp_ctrl[501]
              0.50    0.50    5.00    5.00  clk       0.00  
cp_ctrl[502]
              0.50    0.50    5.00    5.00  clk       0.00  
cp_ctrl[503]
              0.50    0.50    5.00    5.00  clk       0.00  
cp_ctrl[504]
              0.50    0.50    5.00    5.00  clk       0.00  
cp_ctrl[505]
              0.50    0.50    5.00    5.00  clk       0.00  
cp_ctrl[506]
              0.50    0.50    5.00    5.00  clk       0.00  
cp_ctrl[507]
              0.50    0.50    5.00    5.00  clk       0.00  
cp_ctrl[508]
              0.50    0.50    5.00    5.00  clk       0.00  
cp_ctrl[509]
              0.50    0.50    5.00    5.00  clk       0.00  
cp_ctrl[510]
              0.50    0.50    5.00    5.00  clk       0.00  
cp_ctrl[511]
              0.50    0.50    5.00    5.00  clk       0.00  
cp_ctrl[512]
              0.50    0.50    5.00    5.00  clk       0.00  
cp_ctrl[513]
              0.50    0.50    5.00    5.00  clk       0.00  
cp_ctrl[514]
              0.50    0.50    5.00    5.00  clk       0.00  
cp_ctrl[515]
              0.50    0.50    5.00    5.00  clk       0.00  
cp_ctrl[516]
              0.50    0.50    5.00    5.00  clk       0.00  
cp_ctrl[517]
              0.50    0.50    5.00    5.00  clk       0.00  
cp_ctrl[518]
              0.50    0.50    5.00    5.00  clk       0.00  
cp_ctrl[519]
              0.50    0.50    5.00    5.00  clk       0.00  
cp_ctrl[520]
              0.50    0.50    5.00    5.00  clk       0.00  
cp_ctrl[521]
              0.50    0.50    5.00    5.00  clk       0.00  
cp_ctrl[522]
              0.50    0.50    5.00    5.00  clk       0.00  
cp_ctrl[523]
              0.50    0.50    5.00    5.00  clk       0.00  
cp_ctrl[524]
              0.50    0.50    5.00    5.00  clk       0.00  
cp_ctrl[525]
              0.50    0.50    5.00    5.00  clk       0.00  
cp_ctrl[526]
              0.50    0.50    5.00    5.00  clk       0.00  
cp_ctrl[527]
              0.50    0.50    5.00    5.00  clk       0.00  
cp_ctrl[528]
              0.50    0.50    5.00    5.00  clk       0.00  
cp_ctrl[529]
              0.50    0.50    5.00    5.00  clk       0.00  
cp_ctrl[530]
              0.50    0.50    5.00    5.00  clk       0.00  
cp_ctrl[531]
              0.50    0.50    5.00    5.00  clk       0.00  
cp_ctrl[532]
              0.50    0.50    5.00    5.00  clk       0.00  
cp_ctrl[533]
              0.50    0.50    5.00    5.00  clk       0.00  
cp_ctrl[534]
              0.50    0.50    5.00    5.00  clk       0.00  
cp_ctrl[535]
              0.50    0.50    5.00    5.00  clk       0.00  
cp_ctrl[536]
              0.50    0.50    5.00    5.00  clk       0.00  
cp_ctrl[537]
              0.50    0.50    5.00    5.00  clk       0.00  
cp_ctrl[538]
              0.50    0.50    5.00    5.00  clk       0.00  
cp_ctrl[539]
              0.50    0.50    5.00    5.00  clk       0.00  
cp_ctrl[540]
              0.50    0.50    5.00    5.00  clk       0.00  
cp_ctrl[541]
              0.50    0.50    5.00    5.00  clk       0.00  
cp_ctrl[542]
              0.50    0.50    5.00    5.00  clk       0.00  
cp_ctrl[543]
              0.50    0.50    5.00    5.00  clk       0.00  
cp_ctrl[544]
              0.50    0.50    5.00    5.00  clk       0.00  
cp_ctrl[545]
              0.50    0.50    5.00    5.00  clk       0.00  
cp_ctrl[546]
              0.50    0.50    5.00    5.00  clk       0.00  
cp_ctrl[547]
              0.50    0.50    5.00    5.00  clk       0.00  
cp_ctrl[548]
              0.50    0.50    5.00    5.00  clk       0.00  
cp_ctrl[549]
              0.50    0.50    5.00    5.00  clk       0.00  
cp_ctrl[550]
              0.50    0.50    5.00    5.00  clk       0.00  
cp_ctrl[551]
              0.50    0.50    5.00    5.00  clk       0.00  
cp_ctrl[552]
              0.50    0.50    5.00    5.00  clk       0.00  
cp_ctrl[553]
              0.50    0.50    5.00    5.00  clk       0.00  
cp_ctrl[554]
              0.50    0.50    5.00    5.00  clk       0.00  
cp_ctrl[555]
              0.50    0.50    5.00    5.00  clk       0.00  
cp_ctrl[556]
              0.50    0.50    5.00    5.00  clk       0.00  
cp_ctrl[557]
              0.50    0.50    5.00    5.00  clk       0.00  
cp_ctrl[558]
              0.50    0.50    5.00    5.00  clk       0.00  
cp_ctrl[559]
              0.50    0.50    5.00    5.00  clk       0.00  
cp_ctrl[560]
              0.50    0.50    5.00    5.00  clk       0.00  
cp_ctrl[561]
              0.50    0.50    5.00    5.00  clk       0.00  
cp_ctrl[562]
              0.50    0.50    5.00    5.00  clk       0.00  
cp_ctrl[563]
              0.50    0.50    5.00    5.00  clk       0.00  
cp_ctrl[564]
              0.50    0.50    5.00    5.00  clk       0.00  
cp_ctrl[565]
              0.50    0.50    5.00    5.00  clk       0.00  
cp_ctrl[566]
              0.50    0.50    5.00    5.00  clk       0.00  
cp_ctrl[567]
              0.50    0.50    5.00    5.00  clk       0.00  
cp_ctrl[568]
              0.50    0.50    5.00    5.00  clk       0.00  
cp_ctrl[569]
              0.50    0.50    5.00    5.00  clk       0.00  
cp_ctrl[570]
              0.50    0.50    5.00    5.00  clk       0.00  
cp_ctrl[571]
              0.50    0.50    5.00    5.00  clk       0.00  
cp_ctrl[572]
              0.50    0.50    5.00    5.00  clk       0.00  
cp_ctrl[573]
              0.50    0.50    5.00    5.00  clk       0.00  
cp_ctrl[574]
              0.50    0.50    5.00    5.00  clk       0.00  
cp_ctrl[575]
              0.50    0.50    5.00    5.00  clk       0.00  
cp_ctrl[576]
              0.50    0.50    5.00    5.00  clk       0.00  
cp_ctrl[577]
              0.50    0.50    5.00    5.00  clk       0.00  
cp_ctrl[578]
              0.50    0.50    5.00    5.00  clk       0.00  
cp_ctrl[579]
              0.50    0.50    5.00    5.00  clk       0.00  
cp_ctrl[580]
              0.50    0.50    5.00    5.00  clk       0.00  
cp_ctrl[581]
              0.50    0.50    5.00    5.00  clk       0.00  
cp_ctrl[582]
              0.50    0.50    5.00    5.00  clk       0.00  
cp_ctrl[583]
              0.50    0.50    5.00    5.00  clk       0.00  
cp_ctrl[584]
              0.50    0.50    5.00    5.00  clk       0.00  
cp_ctrl[585]
              0.50    0.50    5.00    5.00  clk       0.00  
cp_ctrl[586]
              0.50    0.50    5.00    5.00  clk       0.00  
cp_ctrl[587]
              0.50    0.50    5.00    5.00  clk       0.00  
cp_ctrl[588]
              0.50    0.50    5.00    5.00  clk       0.00  
cp_ctrl[589]
              0.50    0.50    5.00    5.00  clk       0.00  
cp_ctrl[590]
              0.50    0.50    5.00    5.00  clk       0.00  
cp_ctrl[591]
              0.50    0.50    5.00    5.00  clk       0.00  
cp_ctrl[592]
              0.50    0.50    5.00    5.00  clk       0.00  
cp_ctrl[593]
              0.50    0.50    5.00    5.00  clk       0.00  
cp_ctrl[594]
              0.50    0.50    5.00    5.00  clk       0.00  
cp_ctrl[595]
              0.50    0.50    5.00    5.00  clk       0.00  
cp_ctrl[596]
              0.50    0.50    5.00    5.00  clk       0.00  
cp_ctrl[597]
              0.50    0.50    5.00    5.00  clk       0.00  
cp_ctrl[598]
              0.50    0.50    5.00    5.00  clk       0.00  
cp_ctrl[599]
              0.50    0.50    5.00    5.00  clk       0.00  
cp_ctrl[600]
              0.50    0.50    5.00    5.00  clk       0.00  
cp_ctrl[601]
              0.50    0.50    5.00    5.00  clk       0.00  
cp_ctrl[602]
              0.50    0.50    5.00    5.00  clk       0.00  
cp_ctrl[603]
              0.50    0.50    5.00    5.00  clk       0.00  
cp_ctrl[604]
              0.50    0.50    5.00    5.00  clk       0.00  
cp_ctrl[605]
              0.50    0.50    5.00    5.00  clk       0.00  
cp_ctrl[606]
              0.50    0.50    5.00    5.00  clk       0.00  
cp_ctrl[607]
              0.50    0.50    5.00    5.00  clk       0.00  
cp_ctrl[608]
              0.50    0.50    5.00    5.00  clk       0.00  
cp_ctrl[609]
              0.50    0.50    5.00    5.00  clk       0.00  
cp_ctrl[610]
              0.50    0.50    5.00    5.00  clk       0.00  
cp_ctrl[611]
              0.50    0.50    5.00    5.00  clk       0.00  
cp_ctrl[612]
              0.50    0.50    5.00    5.00  clk       0.00  
cp_ctrl[613]
              0.50    0.50    5.00    5.00  clk       0.00  
cp_ctrl[614]
              0.50    0.50    5.00    5.00  clk       0.00  
cp_ctrl[615]
              0.50    0.50    5.00    5.00  clk       0.00  
cp_ctrl[616]
              0.50    0.50    5.00    5.00  clk       0.00  
cp_ctrl[617]
              0.50    0.50    5.00    5.00  clk       0.00  
cp_ctrl[618]
              0.50    0.50    5.00    5.00  clk       0.00  
cp_ctrl[619]
              0.50    0.50    5.00    5.00  clk       0.00  
cp_ctrl[620]
              0.50    0.50    5.00    5.00  clk       0.00  
cp_ctrl[621]
              0.50    0.50    5.00    5.00  clk       0.00  
cp_ctrl[622]
              0.50    0.50    5.00    5.00  clk       0.00  
cp_ctrl[623]
              0.50    0.50    5.00    5.00  clk       0.00  
cp_ctrl[624]
              0.50    0.50    5.00    5.00  clk       0.00  
cp_ctrl[625]
              0.50    0.50    5.00    5.00  clk       0.00  
cp_ctrl[626]
              0.50    0.50    5.00    5.00  clk       0.00  
cp_ctrl[627]
              0.50    0.50    5.00    5.00  clk       0.00  
cp_ctrl[628]
              0.50    0.50    5.00    5.00  clk       0.00  
cp_ctrl[629]
              0.50    0.50    5.00    5.00  clk       0.00  
cp_ctrl[630]
              0.50    0.50    5.00    5.00  clk       0.00  
cp_ctrl[631]
              0.50    0.50    5.00    5.00  clk       0.00  
cp_ctrl[632]
              0.50    0.50    5.00    5.00  clk       0.00  
cp_ctrl[633]
              0.50    0.50    5.00    5.00  clk       0.00  
cp_ctrl[634]
              0.50    0.50    5.00    5.00  clk       0.00  
cp_ctrl[635]
              0.50    0.50    5.00    5.00  clk       0.00  
cp_ctrl[636]
              0.50    0.50    5.00    5.00  clk       0.00  
cp_ctrl[637]
              0.50    0.50    5.00    5.00  clk       0.00  
cp_ctrl[638]
              0.50    0.50    5.00    5.00  clk       0.00  
cp_ctrl[639]
              0.50    0.50    5.00    5.00  clk       0.00  
cp_ctrl[640]
              0.50    0.50    5.00    5.00  clk       0.00  
cp_ctrl[641]
              0.50    0.50    5.00    5.00  clk       0.00  
cp_ctrl[642]
              0.50    0.50    5.00    5.00  clk       0.00  
cp_ctrl[643]
              0.50    0.50    5.00    5.00  clk       0.00  
cp_ctrl[644]
              0.50    0.50    5.00    5.00  clk       0.00  
cp_ctrl[645]
              0.50    0.50    5.00    5.00  clk       0.00  
cp_ctrl[646]
              0.50    0.50    5.00    5.00  clk       0.00  
cp_ctrl[647]
              0.50    0.50    5.00    5.00  clk       0.00  
cp_ctrl[648]
              0.50    0.50    5.00    5.00  clk       0.00  
cp_ctrl[649]
              0.50    0.50    5.00    5.00  clk       0.00  
cp_ctrl[650]
              0.50    0.50    5.00    5.00  clk       0.00  
cp_ctrl[651]
              0.50    0.50    5.00    5.00  clk       0.00  
cp_ctrl[652]
              0.50    0.50    5.00    5.00  clk       0.00  
cp_ctrl[653]
              0.50    0.50    5.00    5.00  clk       0.00  
cp_ctrl[654]
              0.50    0.50    5.00    5.00  clk       0.00  
cp_ctrl[655]
              0.50    0.50    5.00    5.00  clk       0.00  
cp_ctrl[656]
              0.50    0.50    5.00    5.00  clk       0.00  
cp_ctrl[657]
              0.50    0.50    5.00    5.00  clk       0.00  
cp_ctrl[658]
              0.50    0.50    5.00    5.00  clk       0.00  
cp_ctrl[659]
              0.50    0.50    5.00    5.00  clk       0.00  
cp_ctrl[660]
              0.50    0.50    5.00    5.00  clk       0.00  
cp_ctrl[661]
              0.50    0.50    5.00    5.00  clk       0.00  
cp_ctrl[662]
              0.50    0.50    5.00    5.00  clk       0.00  
cp_ctrl[663]
              0.50    0.50    5.00    5.00  clk       0.00  
cp_ctrl[664]
              0.50    0.50    5.00    5.00  clk       0.00  
cp_ctrl[665]
              0.50    0.50    5.00    5.00  clk       0.00  
cp_ctrl[666]
              0.50    0.50    5.00    5.00  clk       0.00  
cp_ctrl[667]
              0.50    0.50    5.00    5.00  clk       0.00  
cp_ctrl[668]
              0.50    0.50    5.00    5.00  clk       0.00  
cp_ctrl[669]
              0.50    0.50    5.00    5.00  clk       0.00  
cp_ctrl[670]
              0.50    0.50    5.00    5.00  clk       0.00  
cp_ctrl[671]
              0.50    0.50    5.00    5.00  clk       0.00  
cp_ctrl[672]
              0.50    0.50    5.00    5.00  clk       0.00  
cp_ctrl[673]
              0.50    0.50    5.00    5.00  clk       0.00  
cp_ctrl[674]
              0.50    0.50    5.00    5.00  clk       0.00  
cp_ctrl[675]
              0.50    0.50    5.00    5.00  clk       0.00  
cp_ctrl[676]
              0.50    0.50    5.00    5.00  clk       0.00  
cp_ctrl[677]
              0.50    0.50    5.00    5.00  clk       0.00  
cp_ctrl[678]
              0.50    0.50    5.00    5.00  clk       0.00  
cp_ctrl[679]
              0.50    0.50    5.00    5.00  clk       0.00  
cp_ctrl[680]
              0.50    0.50    5.00    5.00  clk       0.00  
cp_ctrl[681]
              0.50    0.50    5.00    5.00  clk       0.00  
cp_ctrl[682]
              0.50    0.50    5.00    5.00  clk       0.00  
cp_ctrl[683]
              0.50    0.50    5.00    5.00  clk       0.00  
cp_ctrl[684]
              0.50    0.50    5.00    5.00  clk       0.00  
cp_ctrl[685]
              0.50    0.50    5.00    5.00  clk       0.00  
cp_ctrl[686]
              0.50    0.50    5.00    5.00  clk       0.00  
cp_ctrl[687]
              0.50    0.50    5.00    5.00  clk       0.00  
cp_ctrl[688]
              0.50    0.50    5.00    5.00  clk       0.00  
cp_ctrl[689]
              0.50    0.50    5.00    5.00  clk       0.00  
cp_ctrl[690]
              0.50    0.50    5.00    5.00  clk       0.00  
cp_ctrl[691]
              0.50    0.50    5.00    5.00  clk       0.00  
cp_ctrl[692]
              0.50    0.50    5.00    5.00  clk       0.00  
cp_ctrl[693]
              0.50    0.50    5.00    5.00  clk       0.00  
cp_ctrl[694]
              0.50    0.50    5.00    5.00  clk       0.00  
cp_ctrl[695]
              0.50    0.50    5.00    5.00  clk       0.00  
cp_ctrl[696]
              0.50    0.50    5.00    5.00  clk       0.00  
cp_ctrl[697]
              0.50    0.50    5.00    5.00  clk       0.00  
cp_ctrl[698]
              0.50    0.50    5.00    5.00  clk       0.00  
cp_ctrl[699]
              0.50    0.50    5.00    5.00  clk       0.00  
cp_ctrl[700]
              0.50    0.50    5.00    5.00  clk       0.00  
cp_ctrl[701]
              0.50    0.50    5.00    5.00  clk       0.00  
cp_ctrl[702]
              0.50    0.50    5.00    5.00  clk       0.00  
cp_ctrl[703]
              0.50    0.50    5.00    5.00  clk       0.00  
cp_ctrl[704]
              0.50    0.50    5.00    5.00  clk       0.00  
cp_ctrl[705]
              0.50    0.50    5.00    5.00  clk       0.00  
cp_ctrl[706]
              0.50    0.50    5.00    5.00  clk       0.00  
cp_ctrl[707]
              0.50    0.50    5.00    5.00  clk       0.00  
cp_ctrl[708]
              0.50    0.50    5.00    5.00  clk       0.00  
cp_ctrl[709]
              0.50    0.50    5.00    5.00  clk       0.00  
cp_ctrl[710]
              0.50    0.50    5.00    5.00  clk       0.00  
cp_ctrl[711]
              0.50    0.50    5.00    5.00  clk       0.00  
cp_ctrl[712]
              0.50    0.50    5.00    5.00  clk       0.00  
cp_ctrl[713]
              0.50    0.50    5.00    5.00  clk       0.00  
cp_ctrl[714]
              0.50    0.50    5.00    5.00  clk       0.00  
cp_ctrl[715]
              0.50    0.50    5.00    5.00  clk       0.00  
cp_ctrl[716]
              0.50    0.50    5.00    5.00  clk       0.00  
cp_ctrl[717]
              0.50    0.50    5.00    5.00  clk       0.00  
cp_ctrl[718]
              0.50    0.50    5.00    5.00  clk       0.00  
cp_ctrl[719]
              0.50    0.50    5.00    5.00  clk       0.00  
cp_ctrl[720]
              0.50    0.50    5.00    5.00  clk       0.00  
cp_ctrl[721]
              0.50    0.50    5.00    5.00  clk       0.00  
cp_ctrl[722]
              0.50    0.50    5.00    5.00  clk       0.00  
cp_ctrl[723]
              0.50    0.50    5.00    5.00  clk       0.00  
cp_ctrl[724]
              0.50    0.50    5.00    5.00  clk       0.00  
cp_ctrl[725]
              0.50    0.50    5.00    5.00  clk       0.00  
cp_ctrl[726]
              0.50    0.50    5.00    5.00  clk       0.00  
cp_ctrl[727]
              0.50    0.50    5.00    5.00  clk       0.00  
cp_ctrl[728]
              0.50    0.50    5.00    5.00  clk       0.00  
cp_ctrl[729]
              0.50    0.50    5.00    5.00  clk       0.00  
cp_ctrl[730]
              0.50    0.50    5.00    5.00  clk       0.00  
cp_ctrl[731]
              0.50    0.50    5.00    5.00  clk       0.00  
cp_ctrl[732]
              0.50    0.50    5.00    5.00  clk       0.00  
cp_ctrl[733]
              0.50    0.50    5.00    5.00  clk       0.00  
cp_ctrl[734]
              0.50    0.50    5.00    5.00  clk       0.00  
cp_ctrl[735]
              0.50    0.50    5.00    5.00  clk       0.00  
cp_ctrl[736]
              0.50    0.50    5.00    5.00  clk       0.00  
cp_ctrl[737]
              0.50    0.50    5.00    5.00  clk       0.00  
cp_ctrl[738]
              0.50    0.50    5.00    5.00  clk       0.00  
cp_ctrl[739]
              0.50    0.50    5.00    5.00  clk       0.00  
cp_ctrl[740]
              0.50    0.50    5.00    5.00  clk       0.00  
cp_ctrl[741]
              0.50    0.50    5.00    5.00  clk       0.00  
cp_ctrl[742]
              0.50    0.50    5.00    5.00  clk       0.00  
cp_ctrl[743]
              0.50    0.50    5.00    5.00  clk       0.00  
cp_ctrl[744]
              0.50    0.50    5.00    5.00  clk       0.00  
cp_ctrl[745]
              0.50    0.50    5.00    5.00  clk       0.00  
cp_ctrl[746]
              0.50    0.50    5.00    5.00  clk       0.00  
cp_ctrl[747]
              0.50    0.50    5.00    5.00  clk       0.00  
cp_ctrl[748]
              0.50    0.50    5.00    5.00  clk       0.00  
cp_ctrl[749]
              0.50    0.50    5.00    5.00  clk       0.00  
cp_ctrl[750]
              0.50    0.50    5.00    5.00  clk       0.00  
cp_ctrl[751]
              0.50    0.50    5.00    5.00  clk       0.00  
cp_ctrl[752]
              0.50    0.50    5.00    5.00  clk       0.00  
cp_ctrl[753]
              0.50    0.50    5.00    5.00  clk       0.00  
cp_ctrl[754]
              0.50    0.50    5.00    5.00  clk       0.00  
cp_ctrl[755]
              0.50    0.50    5.00    5.00  clk       0.00  
cp_ctrl[756]
              0.50    0.50    5.00    5.00  clk       0.00  
cp_ctrl[757]
              0.50    0.50    5.00    5.00  clk       0.00  
cp_ctrl[758]
              0.50    0.50    5.00    5.00  clk       0.00  
cp_ctrl[759]
              0.50    0.50    5.00    5.00  clk       0.00  
cp_ctrl[760]
              0.50    0.50    5.00    5.00  clk       0.00  
cp_ctrl[761]
              0.50    0.50    5.00    5.00  clk       0.00  
cp_ctrl[762]
              0.50    0.50    5.00    5.00  clk       0.00  
cp_ctrl[763]
              0.50    0.50    5.00    5.00  clk       0.00  
cp_ctrl[764]
              0.50    0.50    5.00    5.00  clk       0.00  
cp_ctrl[765]
              0.50    0.50    5.00    5.00  clk       0.00  
cp_ctrl[766]
              0.50    0.50    5.00    5.00  clk       0.00  
cp_ctrl[767]
              0.50    0.50    5.00    5.00  clk       0.00  
cp_ctrl[768]
              0.50    0.50    5.00    5.00  clk       0.00  
cp_ctrl[769]
              0.50    0.50    5.00    5.00  clk       0.00  
cp_ctrl[770]
              0.50    0.50    5.00    5.00  clk       0.00  
cp_ctrl[771]
              0.50    0.50    5.00    5.00  clk       0.00  
cp_ctrl[772]
              0.50    0.50    5.00    5.00  clk       0.00  
cp_ctrl[773]
              0.50    0.50    5.00    5.00  clk       0.00  
cp_ctrl[774]
              0.50    0.50    5.00    5.00  clk       0.00  
cp_ctrl[775]
              0.50    0.50    5.00    5.00  clk       0.00  
cp_ctrl[776]
              0.50    0.50    5.00    5.00  clk       0.00  
cp_ctrl[777]
              0.50    0.50    5.00    5.00  clk       0.00  
cp_ctrl[778]
              0.50    0.50    5.00    5.00  clk       0.00  
cp_ctrl[779]
              0.50    0.50    5.00    5.00  clk       0.00  
cp_ctrl[780]
              0.50    0.50    5.00    5.00  clk       0.00  
cp_ctrl[781]
              0.50    0.50    5.00    5.00  clk       0.00  
cp_ctrl[782]
              0.50    0.50    5.00    5.00  clk       0.00  
cp_ctrl[783]
              0.50    0.50    5.00    5.00  clk       0.00  
cp_ctrl[784]
              0.50    0.50    5.00    5.00  clk       0.00  
cp_ctrl[785]
              0.50    0.50    5.00    5.00  clk       0.00  
cp_ctrl[786]
              0.50    0.50    5.00    5.00  clk       0.00  
cp_ctrl[787]
              0.50    0.50    5.00    5.00  clk       0.00  
cp_ctrl[788]
              0.50    0.50    5.00    5.00  clk       0.00  
cp_ctrl[789]
              0.50    0.50    5.00    5.00  clk       0.00  
cp_ctrl[790]
              0.50    0.50    5.00    5.00  clk       0.00  
cp_ctrl[791]
              0.50    0.50    5.00    5.00  clk       0.00  
cp_ctrl[792]
              0.50    0.50    5.00    5.00  clk       0.00  
cp_ctrl[793]
              0.50    0.50    5.00    5.00  clk       0.00  
cp_ctrl[794]
              0.50    0.50    5.00    5.00  clk       0.00  
cp_ctrl[795]
              0.50    0.50    5.00    5.00  clk       0.00  
cp_ctrl[796]
              0.50    0.50    5.00    5.00  clk       0.00  
cp_ctrl[797]
              0.50    0.50    5.00    5.00  clk       0.00  
cp_ctrl[798]
              0.50    0.50    5.00    5.00  clk       0.00  
cp_ctrl[799]
              0.50    0.50    5.00    5.00  clk       0.00  
cp_ctrl[800]
              0.50    0.50    5.00    5.00  clk       0.00  
cp_ctrl[801]
              0.50    0.50    5.00    5.00  clk       0.00  
cp_ctrl[802]
              0.50    0.50    5.00    5.00  clk       0.00  
cp_ctrl[803]
              0.50    0.50    5.00    5.00  clk       0.00  
cp_ctrl[804]
              0.50    0.50    5.00    5.00  clk       0.00  
cp_ctrl[805]
              0.50    0.50    5.00    5.00  clk       0.00  
cp_ctrl[806]
              0.50    0.50    5.00    5.00  clk       0.00  
cp_ctrl[807]
              0.50    0.50    5.00    5.00  clk       0.00  
cp_ctrl[808]
              0.50    0.50    5.00    5.00  clk       0.00  
cp_ctrl[809]
              0.50    0.50    5.00    5.00  clk       0.00  
cp_ctrl[810]
              0.50    0.50    5.00    5.00  clk       0.00  
cp_ctrl[811]
              0.50    0.50    5.00    5.00  clk       0.00  
cp_ctrl[812]
              0.50    0.50    5.00    5.00  clk       0.00  
cp_ctrl[813]
              0.50    0.50    5.00    5.00  clk       0.00  
cp_ctrl[814]
              0.50    0.50    5.00    5.00  clk       0.00  
cp_ctrl[815]
              0.50    0.50    5.00    5.00  clk       0.00  
cp_ctrl[816]
              0.50    0.50    5.00    5.00  clk       0.00  
cp_ctrl[817]
              0.50    0.50    5.00    5.00  clk       0.00  
cp_ctrl[818]
              0.50    0.50    5.00    5.00  clk       0.00  
cp_ctrl[819]
              0.50    0.50    5.00    5.00  clk       0.00  
cp_ctrl[820]
              0.50    0.50    5.00    5.00  clk       0.00  
cp_ctrl[821]
              0.50    0.50    5.00    5.00  clk       0.00  
cp_ctrl[822]
              0.50    0.50    5.00    5.00  clk       0.00  
cp_ctrl[823]
              0.50    0.50    5.00    5.00  clk       0.00  
cp_ctrl[824]
              0.50    0.50    5.00    5.00  clk       0.00  
cp_ctrl[825]
              0.50    0.50    5.00    5.00  clk       0.00  
cp_ctrl[826]
              0.50    0.50    5.00    5.00  clk       0.00  
cp_ctrl[827]
              0.50    0.50    5.00    5.00  clk       0.00  
cp_ctrl[828]
              0.50    0.50    5.00    5.00  clk       0.00  
cp_ctrl[829]
              0.50    0.50    5.00    5.00  clk       0.00  
cp_ctrl[830]
              0.50    0.50    5.00    5.00  clk       0.00  
cp_ctrl[831]
              0.50    0.50    5.00    5.00  clk       0.00  
cp_ctrl[832]
              0.50    0.50    5.00    5.00  clk       0.00  
cp_ctrl[833]
              0.50    0.50    5.00    5.00  clk       0.00  
cp_ctrl[834]
              0.50    0.50    5.00    5.00  clk       0.00  
cp_ctrl[835]
              0.50    0.50    5.00    5.00  clk       0.00  
cp_ctrl[836]
              0.50    0.50    5.00    5.00  clk       0.00  
cp_ctrl[837]
              0.50    0.50    5.00    5.00  clk       0.00  
cp_ctrl[838]
              0.50    0.50    5.00    5.00  clk       0.00  
cp_ctrl[839]
              0.50    0.50    5.00    5.00  clk       0.00  
cp_ctrl[840]
              0.50    0.50    5.00    5.00  clk       0.00  
cp_ctrl[841]
              0.50    0.50    5.00    5.00  clk       0.00  
cp_ctrl[842]
              0.50    0.50    5.00    5.00  clk       0.00  
cp_ctrl[843]
              0.50    0.50    5.00    5.00  clk       0.00  
cp_ctrl[844]
              0.50    0.50    5.00    5.00  clk       0.00  
cp_ctrl[845]
              0.50    0.50    5.00    5.00  clk       0.00  
cp_ctrl[846]
              0.50    0.50    5.00    5.00  clk       0.00  
cp_ctrl[847]
              0.50    0.50    5.00    5.00  clk       0.00  
cp_ctrl[848]
              0.50    0.50    5.00    5.00  clk       0.00  
cp_ctrl[849]
              0.50    0.50    5.00    5.00  clk       0.00  
cp_ctrl[850]
              0.50    0.50    5.00    5.00  clk       0.00  
cp_ctrl[851]
              0.50    0.50    5.00    5.00  clk       0.00  
cp_ctrl[852]
              0.50    0.50    5.00    5.00  clk       0.00  
cp_ctrl[853]
              0.50    0.50    5.00    5.00  clk       0.00  
cp_ctrl[854]
              0.50    0.50    5.00    5.00  clk       0.00  
cp_ctrl[855]
              0.50    0.50    5.00    5.00  clk       0.00  
cp_ctrl[856]
              0.50    0.50    5.00    5.00  clk       0.00  
cp_ctrl[857]
              0.50    0.50    5.00    5.00  clk       0.00  
cp_ctrl[858]
              0.50    0.50    5.00    5.00  clk       0.00  
cp_ctrl[859]
              0.50    0.50    5.00    5.00  clk       0.00  
cp_ctrl[860]
              0.50    0.50    5.00    5.00  clk       0.00  
cp_ctrl[861]
              0.50    0.50    5.00    5.00  clk       0.00  
cp_ctrl[862]
              0.50    0.50    5.00    5.00  clk       0.00  
cp_ctrl[863]
              0.50    0.50    5.00    5.00  clk       0.00  
cp_ctrl[864]
              0.50    0.50    5.00    5.00  clk       0.00  
cp_ctrl[865]
              0.50    0.50    5.00    5.00  clk       0.00  
cp_ctrl[866]
              0.50    0.50    5.00    5.00  clk       0.00  
cp_ctrl[867]
              0.50    0.50    5.00    5.00  clk       0.00  
cp_ctrl[868]
              0.50    0.50    5.00    5.00  clk       0.00  
cp_ctrl[869]
              0.50    0.50    5.00    5.00  clk       0.00  
cp_ctrl[870]
              0.50    0.50    5.00    5.00  clk       0.00  
cp_ctrl[871]
              0.50    0.50    5.00    5.00  clk       0.00  
cp_ctrl[872]
              0.50    0.50    5.00    5.00  clk       0.00  
cp_ctrl[873]
              0.50    0.50    5.00    5.00  clk       0.00  
cp_ctrl[874]
              0.50    0.50    5.00    5.00  clk       0.00  
cp_ctrl[875]
              0.50    0.50    5.00    5.00  clk       0.00  
cp_ctrl[876]
              0.50    0.50    5.00    5.00  clk       0.00  
cp_ctrl[877]
              0.50    0.50    5.00    5.00  clk       0.00  
cp_ctrl[878]
              0.50    0.50    5.00    5.00  clk       0.00  
cp_ctrl[879]
              0.50    0.50    5.00    5.00  clk       0.00  
cp_ctrl[880]
              0.50    0.50    5.00    5.00  clk       0.00  
cp_ctrl[881]
              0.50    0.50    5.00    5.00  clk       0.00  
cp_ctrl[882]
              0.50    0.50    5.00    5.00  clk       0.00  
cp_ctrl[883]
              0.50    0.50    5.00    5.00  clk       0.00  
cp_ctrl[884]
              0.50    0.50    5.00    5.00  clk       0.00  
cp_ctrl[885]
              0.50    0.50    5.00    5.00  clk       0.00  
cp_ctrl[886]
              0.50    0.50    5.00    5.00  clk       0.00  
cp_ctrl[887]
              0.50    0.50    5.00    5.00  clk       0.00  
cp_ctrl[888]
              0.50    0.50    5.00    5.00  clk       0.00  
cp_ctrl[889]
              0.50    0.50    5.00    5.00  clk       0.00  
cp_ctrl[890]
              0.50    0.50    5.00    5.00  clk       0.00  
cp_ctrl[891]
              0.50    0.50    5.00    5.00  clk       0.00  
cp_ctrl[892]
              0.50    0.50    5.00    5.00  clk       0.00  
cp_ctrl[893]
              0.50    0.50    5.00    5.00  clk       0.00  
cp_ctrl[894]
              0.50    0.50    5.00    5.00  clk       0.00  
cp_ctrl[895]
              0.50    0.50    5.00    5.00  clk       0.00  
cp_ctrl[896]
              0.50    0.50    5.00    5.00  clk       0.00  
cp_ctrl[897]
              0.50    0.50    5.00    5.00  clk       0.00  
cp_ctrl[898]
              0.50    0.50    5.00    5.00  clk       0.00  
cp_ctrl[899]
              0.50    0.50    5.00    5.00  clk       0.00  
cp_ctrl[900]
              0.50    0.50    5.00    5.00  clk       0.00  
cp_ctrl[901]
              0.50    0.50    5.00    5.00  clk       0.00  
cp_ctrl[902]
              0.50    0.50    5.00    5.00  clk       0.00  
cp_ctrl[903]
              0.50    0.50    5.00    5.00  clk       0.00  
cp_ctrl[904]
              0.50    0.50    5.00    5.00  clk       0.00  
cp_ctrl[905]
              0.50    0.50    5.00    5.00  clk       0.00  
cp_ctrl[906]
              0.50    0.50    5.00    5.00  clk       0.00  
cp_ctrl[907]
              0.50    0.50    5.00    5.00  clk       0.00  
cp_ctrl[908]
              0.50    0.50    5.00    5.00  clk       0.00  
cp_ctrl[909]
              0.50    0.50    5.00    5.00  clk       0.00  
cp_ctrl[910]
              0.50    0.50    5.00    5.00  clk       0.00  
cp_ctrl[911]
              0.50    0.50    5.00    5.00  clk       0.00  
cp_ctrl[912]
              0.50    0.50    5.00    5.00  clk       0.00  
cp_ctrl[913]
              0.50    0.50    5.00    5.00  clk       0.00  
cp_ctrl[914]
              0.50    0.50    5.00    5.00  clk       0.00  
cp_ctrl[915]
              0.50    0.50    5.00    5.00  clk       0.00  
cp_ctrl[916]
              0.50    0.50    5.00    5.00  clk       0.00  
cp_ctrl[917]
              0.50    0.50    5.00    5.00  clk       0.00  
cp_ctrl[918]
              0.50    0.50    5.00    5.00  clk       0.00  
cp_ctrl[919]
              0.50    0.50    5.00    5.00  clk       0.00  
cp_ctrl[920]
              0.50    0.50    5.00    5.00  clk       0.00  
cp_ctrl[921]
              0.50    0.50    5.00    5.00  clk       0.00  
cp_ctrl[922]
              0.50    0.50    5.00    5.00  clk       0.00  
cp_ctrl[923]
              0.50    0.50    5.00    5.00  clk       0.00  
cp_ctrl[924]
              0.50    0.50    5.00    5.00  clk       0.00  
cp_ctrl[925]
              0.50    0.50    5.00    5.00  clk       0.00  
cp_ctrl[926]
              0.50    0.50    5.00    5.00  clk       0.00  
cp_ctrl[927]
              0.50    0.50    5.00    5.00  clk       0.00  
cp_ctrl[928]
              0.50    0.50    5.00    5.00  clk       0.00  
cp_ctrl[929]
              0.50    0.50    5.00    5.00  clk       0.00  
cp_ctrl[930]
              0.50    0.50    5.00    5.00  clk       0.00  
cp_ctrl[931]
              0.50    0.50    5.00    5.00  clk       0.00  
cp_ctrl[932]
              0.50    0.50    5.00    5.00  clk       0.00  
cp_ctrl[933]
              0.50    0.50    5.00    5.00  clk       0.00  
cp_ctrl[934]
              0.50    0.50    5.00    5.00  clk       0.00  
cp_ctrl[935]
              0.50    0.50    5.00    5.00  clk       0.00  
cp_ctrl[936]
              0.50    0.50    5.00    5.00  clk       0.00  
cp_ctrl[937]
              0.50    0.50    5.00    5.00  clk       0.00  
cp_ctrl[938]
              0.50    0.50    5.00    5.00  clk       0.00  
cp_ctrl[939]
              0.50    0.50    5.00    5.00  clk       0.00  
cp_ctrl[940]
              0.50    0.50    5.00    5.00  clk       0.00  
cp_ctrl[941]
              0.50    0.50    5.00    5.00  clk       0.00  
cp_ctrl[942]
              0.50    0.50    5.00    5.00  clk       0.00  
cp_ctrl[943]
              0.50    0.50    5.00    5.00  clk       0.00  
cp_ctrl[944]
              0.50    0.50    5.00    5.00  clk       0.00  
cp_ctrl[945]
              0.50    0.50    5.00    5.00  clk       0.00  
cp_ctrl[946]
              0.50    0.50    5.00    5.00  clk       0.00  
cp_ctrl[947]
              0.50    0.50    5.00    5.00  clk       0.00  
cp_ctrl[948]
              0.50    0.50    5.00    5.00  clk       0.00  
cp_ctrl[949]
              0.50    0.50    5.00    5.00  clk       0.00  
cp_ctrl[950]
              0.50    0.50    5.00    5.00  clk       0.00  
cp_ctrl[951]
              0.50    0.50    5.00    5.00  clk       0.00  
cp_ctrl[952]
              0.50    0.50    5.00    5.00  clk       0.00  
cp_ctrl[953]
              0.50    0.50    5.00    5.00  clk       0.00  
cp_ctrl[954]
              0.50    0.50    5.00    5.00  clk       0.00  
cp_ctrl[955]
              0.50    0.50    5.00    5.00  clk       0.00  
cp_ctrl[956]
              0.50    0.50    5.00    5.00  clk       0.00  
cp_ctrl[957]
              0.50    0.50    5.00    5.00  clk       0.00  
cp_ctrl[958]
              0.50    0.50    5.00    5.00  clk       0.00  
cp_ctrl[959]
              0.50    0.50    5.00    5.00  clk       0.00  
cp_ctrl[960]
              0.50    0.50    5.00    5.00  clk       0.00  
cp_ctrl[961]
              0.50    0.50    5.00    5.00  clk       0.00  
cp_ctrl[962]
              0.50    0.50    5.00    5.00  clk       0.00  
cp_ctrl[963]
              0.50    0.50    5.00    5.00  clk       0.00  
cp_ctrl[964]
              0.50    0.50    5.00    5.00  clk       0.00  
cp_ctrl[965]
              0.50    0.50    5.00    5.00  clk       0.00  
cp_ctrl[966]
              0.50    0.50    5.00    5.00  clk       0.00  
cp_ctrl[967]
              0.50    0.50    5.00    5.00  clk       0.00  
cp_ctrl[968]
              0.50    0.50    5.00    5.00  clk       0.00  
cp_ctrl[969]
              0.50    0.50    5.00    5.00  clk       0.00  
cp_ctrl[970]
              0.50    0.50    5.00    5.00  clk       0.00  
cp_ctrl[971]
              0.50    0.50    5.00    5.00  clk       0.00  
cp_ctrl[972]
              0.50    0.50    5.00    5.00  clk       0.00  
cp_ctrl[973]
              0.50    0.50    5.00    5.00  clk       0.00  
cp_ctrl[974]
              0.50    0.50    5.00    5.00  clk       0.00  
cp_ctrl[975]
              0.50    0.50    5.00    5.00  clk       0.00  
cp_ctrl[976]
              0.50    0.50    5.00    5.00  clk       0.00  
cp_ctrl[977]
              0.50    0.50    5.00    5.00  clk       0.00  
cp_ctrl[978]
              0.50    0.50    5.00    5.00  clk       0.00  
cp_ctrl[979]
              0.50    0.50    5.00    5.00  clk       0.00  
cp_ctrl[980]
              0.50    0.50    5.00    5.00  clk       0.00  
cp_ctrl[981]
              0.50    0.50    5.00    5.00  clk       0.00  
cp_ctrl[982]
              0.50    0.50    5.00    5.00  clk       0.00  
cp_ctrl[983]
              0.50    0.50    5.00    5.00  clk       0.00  
cp_ctrl[984]
              0.50    0.50    5.00    5.00  clk       0.00  
cp_ctrl[985]
              0.50    0.50    5.00    5.00  clk       0.00  
cp_ctrl[986]
              0.50    0.50    5.00    5.00  clk       0.00  
cp_ctrl[987]
              0.50    0.50    5.00    5.00  clk       0.00  
cp_ctrl[988]
              0.50    0.50    5.00    5.00  clk       0.00  
cp_ctrl[989]
              0.50    0.50    5.00    5.00  clk       0.00  
cp_ctrl[990]
              0.50    0.50    5.00    5.00  clk       0.00  
cp_ctrl[991]
              0.50    0.50    5.00    5.00  clk       0.00  
cp_ctrl[992]
              0.50    0.50    5.00    5.00  clk       0.00  
cp_ctrl[993]
              0.50    0.50    5.00    5.00  clk       0.00  
cp_ctrl[994]
              0.50    0.50    5.00    5.00  clk       0.00  
cp_ctrl[995]
              0.50    0.50    5.00    5.00  clk       0.00  
cp_ctrl[996]
              0.50    0.50    5.00    5.00  clk       0.00  
cp_ctrl[997]
              0.50    0.50    5.00    5.00  clk       0.00  
cp_ctrl[998]
              0.50    0.50    5.00    5.00  clk       0.00  
cp_ctrl[999]
              0.50    0.50    5.00    5.00  clk       0.00  
cp_ctrl[1000]
              0.50    0.50    5.00    5.00  clk       0.00  
cp_ctrl[1001]
              0.50    0.50    5.00    5.00  clk       0.00  
cp_ctrl[1002]
              0.50    0.50    5.00    5.00  clk       0.00  
cp_ctrl[1003]
              0.50    0.50    5.00    5.00  clk       0.00  
cp_ctrl[1004]
              0.50    0.50    5.00    5.00  clk       0.00  
cp_ctrl[1005]
              0.50    0.50    5.00    5.00  clk       0.00  
cp_ctrl[1006]
              0.50    0.50    5.00    5.00  clk       0.00  
cp_ctrl[1007]
              0.50    0.50    5.00    5.00  clk       0.00  
cp_ctrl[1008]
              0.50    0.50    5.00    5.00  clk       0.00  
cp_ctrl[1009]
              0.50    0.50    5.00    5.00  clk       0.00  
cp_ctrl[1010]
              0.50    0.50    5.00    5.00  clk       0.00  
cp_ctrl[1011]
              0.50    0.50    5.00    5.00  clk       0.00  
cp_ctrl[1012]
              0.50    0.50    5.00    5.00  clk       0.00  
cp_ctrl[1013]
              0.50    0.50    5.00    5.00  clk       0.00  
cp_ctrl[1014]
              0.50    0.50    5.00    5.00  clk       0.00  
cp_ctrl[1015]
              0.50    0.50    5.00    5.00  clk       0.00  
cp_ctrl[1016]
              0.50    0.50    5.00    5.00  clk       0.00  
cp_ctrl[1017]
              0.50    0.50    5.00    5.00  clk       0.00  
cp_ctrl[1018]
              0.50    0.50    5.00    5.00  clk       0.00  
cp_ctrl[1019]
              0.50    0.50    5.00    5.00  clk       0.00  
cp_ctrl[1020]
              0.50    0.50    5.00    5.00  clk       0.00  
cp_ctrl[1021]
              0.50    0.50    5.00    5.00  clk       0.00  
cp_ctrl[1022]
              0.50    0.50    5.00    5.00  clk       0.00  
cp_ctrl[1023]
              0.50    0.50    5.00    5.00  clk       0.00  
cp_ctrl[1024]
              0.50    0.50    5.00    5.00  clk       0.00  
cp_ctrl[1025]
              0.50    0.50    5.00    5.00  clk       0.00  
cp_ctrl[1026]
              0.50    0.50    5.00    5.00  clk       0.00  
cp_ctrl[1027]
              0.50    0.50    5.00    5.00  clk       0.00  
cp_ctrl[1028]
              0.50    0.50    5.00    5.00  clk       0.00  
cp_ctrl[1029]
              0.50    0.50    5.00    5.00  clk       0.00  
cp_ctrl[1030]
              0.50    0.50    5.00    5.00  clk       0.00  
cp_ctrl[1031]
              0.50    0.50    5.00    5.00  clk       0.00  
cp_ctrl[1032]
              0.50    0.50    5.00    5.00  clk       0.00  
cp_ctrl[1033]
              0.50    0.50    5.00    5.00  clk       0.00  
cp_ctrl[1034]
              0.50    0.50    5.00    5.00  clk       0.00  
cp_ctrl[1035]
              0.50    0.50    5.00    5.00  clk       0.00  
cp_ctrl[1036]
              0.50    0.50    5.00    5.00  clk       0.00  
cp_ctrl[1037]
              0.50    0.50    5.00    5.00  clk       0.00  
cp_ctrl[1038]
              0.50    0.50    5.00    5.00  clk       0.00  
cp_ctrl[1039]
              0.50    0.50    5.00    5.00  clk       0.00  
cp_ctrl[1040]
              0.50    0.50    5.00    5.00  clk       0.00  
cp_ctrl[1041]
              0.50    0.50    5.00    5.00  clk       0.00  
cp_ctrl[1042]
              0.50    0.50    5.00    5.00  clk       0.00  
cp_ctrl[1043]
              0.50    0.50    5.00    5.00  clk       0.00  
cp_ctrl[1044]
              0.50    0.50    5.00    5.00  clk       0.00  
cp_ctrl[1045]
              0.50    0.50    5.00    5.00  clk       0.00  
cp_ctrl[1046]
              0.50    0.50    5.00    5.00  clk       0.00  
cp_ctrl[1047]
              0.50    0.50    5.00    5.00  clk       0.00  
cp_ctrl[1048]
              0.50    0.50    5.00    5.00  clk       0.00  
cp_ctrl[1049]
              0.50    0.50    5.00    5.00  clk       0.00  
cp_ctrl[1050]
              0.50    0.50    5.00    5.00  clk       0.00  
cp_ctrl[1051]
              0.50    0.50    5.00    5.00  clk       0.00  
cp_ctrl[1052]
              0.50    0.50    5.00    5.00  clk       0.00  
cp_ctrl[1053]
              0.50    0.50    5.00    5.00  clk       0.00  
cp_ctrl[1054]
              0.50    0.50    5.00    5.00  clk       0.00  
cp_ctrl[1055]
              0.50    0.50    5.00    5.00  clk       0.00  
cp_ctrl[1056]
              0.50    0.50    5.00    5.00  clk       0.00  
cp_ctrl[1057]
              0.50    0.50    5.00    5.00  clk       0.00  
cp_ctrl[1058]
              0.50    0.50    5.00    5.00  clk       0.00  
cp_ctrl[1059]
              0.50    0.50    5.00    5.00  clk       0.00  
cp_ctrl[1060]
              0.50    0.50    5.00    5.00  clk       0.00  
cp_ctrl[1061]
              0.50    0.50    5.00    5.00  clk       0.00  
cp_ctrl[1062]
              0.50    0.50    5.00    5.00  clk       0.00  
cp_ctrl[1063]
              0.50    0.50    5.00    5.00  clk       0.00  
cp_ctrl[1064]
              0.50    0.50    5.00    5.00  clk       0.00  
cp_ctrl[1065]
              0.50    0.50    5.00    5.00  clk       0.00  
cp_ctrl[1066]
              0.50    0.50    5.00    5.00  clk       0.00  
cp_ctrl[1067]
              0.50    0.50    5.00    5.00  clk       0.00  
cp_ctrl[1068]
              0.50    0.50    5.00    5.00  clk       0.00  
cp_ctrl[1069]
              0.50    0.50    5.00    5.00  clk       0.00  
cp_ctrl[1070]
              0.50    0.50    5.00    5.00  clk       0.00  
cp_ctrl[1071]
              0.50    0.50    5.00    5.00  clk       0.00  
cp_ctrl[1072]
              0.50    0.50    5.00    5.00  clk       0.00  
cp_ctrl[1073]
              0.50    0.50    5.00    5.00  clk       0.00  
cp_ctrl[1074]
              0.50    0.50    5.00    5.00  clk       0.00  
cp_ctrl[1075]
              0.50    0.50    5.00    5.00  clk       0.00  
cp_ctrl[1076]
              0.50    0.50    5.00    5.00  clk       0.00  
cp_ctrl[1077]
              0.50    0.50    5.00    5.00  clk       0.00  
cp_ctrl[1078]
              0.50    0.50    5.00    5.00  clk       0.00  
cp_ctrl[1079]
              0.50    0.50    5.00    5.00  clk       0.00  
cp_ctrl[1080]
              0.50    0.50    5.00    5.00  clk       0.00  
cp_ctrl[1081]
              0.50    0.50    5.00    5.00  clk       0.00  
cp_ctrl[1082]
              0.50    0.50    5.00    5.00  clk       0.00  
cp_ctrl[1083]
              0.50    0.50    5.00    5.00  clk       0.00  
cp_ctrl[1084]
              0.50    0.50    5.00    5.00  clk       0.00  
cp_ctrl[1085]
              0.50    0.50    5.00    5.00  clk       0.00  
cp_ctrl[1086]
              0.50    0.50    5.00    5.00  clk       0.00  
cp_ctrl[1087]
              0.50    0.50    5.00    5.00  clk       0.00  
cp_ctrl[1088]
              0.50    0.50    5.00    5.00  clk       0.00  
cp_ctrl[1089]
              0.50    0.50    5.00    5.00  clk       0.00  
cp_ctrl[1090]
              0.50    0.50    5.00    5.00  clk       0.00  
cp_ctrl[1091]
              0.50    0.50    5.00    5.00  clk       0.00  
cp_ctrl[1092]
              0.50    0.50    5.00    5.00  clk       0.00  
cp_ctrl[1093]
              0.50    0.50    5.00    5.00  clk       0.00  
cp_ctrl[1094]
              0.50    0.50    5.00    5.00  clk       0.00  
cp_ctrl[1095]
              0.50    0.50    5.00    5.00  clk       0.00  
cp_ctrl[1096]
              0.50    0.50    5.00    5.00  clk       0.00  
cp_ctrl[1097]
              0.50    0.50    5.00    5.00  clk       0.00  
cp_ctrl[1098]
              0.50    0.50    5.00    5.00  clk       0.00  
cp_ctrl[1099]
              0.50    0.50    5.00    5.00  clk       0.00  
cp_ctrl[1100]
              0.50    0.50    5.00    5.00  clk       0.00  
cp_ctrl[1101]
              0.50    0.50    5.00    5.00  clk       0.00  
cp_ctrl[1102]
              0.50    0.50    5.00    5.00  clk       0.00  
cp_ctrl[1103]
              0.50    0.50    5.00    5.00  clk       0.00  
cp_ctrl[1104]
              0.50    0.50    5.00    5.00  clk       0.00  
cp_ctrl[1105]
              0.50    0.50    5.00    5.00  clk       0.00  
cp_ctrl[1106]
              0.50    0.50    5.00    5.00  clk       0.00  
cp_ctrl[1107]
              0.50    0.50    5.00    5.00  clk       0.00  
cp_ctrl[1108]
              0.50    0.50    5.00    5.00  clk       0.00  
cp_ctrl[1109]
              0.50    0.50    5.00    5.00  clk       0.00  
cp_ctrl[1110]
              0.50    0.50    5.00    5.00  clk       0.00  
cp_ctrl[1111]
              0.50    0.50    5.00    5.00  clk       0.00  
cp_ctrl[1112]
              0.50    0.50    5.00    5.00  clk       0.00  
cp_ctrl[1113]
              0.50    0.50    5.00    5.00  clk       0.00  
cp_ctrl[1114]
              0.50    0.50    5.00    5.00  clk       0.00  
cp_ctrl[1115]
              0.50    0.50    5.00    5.00  clk       0.00  
cp_ctrl[1116]
              0.50    0.50    5.00    5.00  clk       0.00  
cp_ctrl[1117]
              0.50    0.50    5.00    5.00  clk       0.00  
cp_ctrl[1118]
              0.50    0.50    5.00    5.00  clk       0.00  
cp_ctrl[1119]
              0.50    0.50    5.00    5.00  clk       0.00  
cp_ctrl[1120]
              0.50    0.50    5.00    5.00  clk       0.00  
cp_ctrl[1121]
              0.50    0.50    5.00    5.00  clk       0.00  
cp_ctrl[1122]
              0.50    0.50    5.00    5.00  clk       0.00  
cp_ctrl[1123]
              0.50    0.50    5.00    5.00  clk       0.00  
cp_ctrl[1124]
              0.50    0.50    5.00    5.00  clk       0.00  
cp_ctrl[1125]
              0.50    0.50    5.00    5.00  clk       0.00  
cp_ctrl[1126]
              0.50    0.50    5.00    5.00  clk       0.00  
cp_ctrl[1127]
              0.50    0.50    5.00    5.00  clk       0.00  
cp_ctrl[1128]
              0.50    0.50    5.00    5.00  clk       0.00  
cp_ctrl[1129]
              0.50    0.50    5.00    5.00  clk       0.00  
cp_ctrl[1130]
              0.50    0.50    5.00    5.00  clk       0.00  
cp_ctrl[1131]
              0.50    0.50    5.00    5.00  clk       0.00  
cp_ctrl[1132]
              0.50    0.50    5.00    5.00  clk       0.00  
cp_ctrl[1133]
              0.50    0.50    5.00    5.00  clk       0.00  
cp_ctrl[1134]
              0.50    0.50    5.00    5.00  clk       0.00  
cp_ctrl[1135]
              0.50    0.50    5.00    5.00  clk       0.00  
cp_ctrl[1136]
              0.50    0.50    5.00    5.00  clk       0.00  
cp_ctrl[1137]
              0.50    0.50    5.00    5.00  clk       0.00  
cp_ctrl[1138]
              0.50    0.50    5.00    5.00  clk       0.00  
cp_ctrl[1139]
              0.50    0.50    5.00    5.00  clk       0.00  
cp_ctrl[1140]
              0.50    0.50    5.00    5.00  clk       0.00  
cp_ctrl[1141]
              0.50    0.50    5.00    5.00  clk       0.00  
cp_ctrl[1142]
              0.50    0.50    5.00    5.00  clk       0.00  
cp_ctrl[1143]
              0.50    0.50    5.00    5.00  clk       0.00  
cp_ctrl[1144]
              0.50    0.50    5.00    5.00  clk       0.00  
cp_ctrl[1145]
              0.50    0.50    5.00    5.00  clk       0.00  
cp_ctrl[1146]
              0.50    0.50    5.00    5.00  clk       0.00  
cp_ctrl[1147]
              0.50    0.50    5.00    5.00  clk       0.00  
cp_ctrl[1148]
              0.50    0.50    5.00    5.00  clk       0.00  
cp_ctrl[1149]
              0.50    0.50    5.00    5.00  clk       0.00  
cp_ctrl[1150]
              0.50    0.50    5.00    5.00  clk       0.00  
cp_ctrl[1151]
              0.50    0.50    5.00    5.00  clk       0.00  
cp_ctrl[1152]
              0.50    0.50    5.00    5.00  clk       0.00  
cp_ctrl[1153]
              0.50    0.50    5.00    5.00  clk       0.00  
cp_ctrl[1154]
              0.50    0.50    5.00    5.00  clk       0.00  
cp_ctrl[1155]
              0.50    0.50    5.00    5.00  clk       0.00  
cp_ctrl[1156]
              0.50    0.50    5.00    5.00  clk       0.00  
cp_ctrl[1157]
              0.50    0.50    5.00    5.00  clk       0.00  
cp_ctrl[1158]
              0.50    0.50    5.00    5.00  clk       0.00  
cp_ctrl[1159]
              0.50    0.50    5.00    5.00  clk       0.00  
cp_ctrl[1160]
              0.50    0.50    5.00    5.00  clk       0.00  
cp_ctrl[1161]
              0.50    0.50    5.00    5.00  clk       0.00  
cp_ctrl[1162]
              0.50    0.50    5.00    5.00  clk       0.00  
cp_ctrl[1163]
              0.50    0.50    5.00    5.00  clk       0.00  
cp_ctrl[1164]
              0.50    0.50    5.00    5.00  clk       0.00  
cp_ctrl[1165]
              0.50    0.50    5.00    5.00  clk       0.00  
cp_ctrl[1166]
              0.50    0.50    5.00    5.00  clk       0.00  
cp_ctrl[1167]
              0.50    0.50    5.00    5.00  clk       0.00  
cp_ctrl[1168]
              0.50    0.50    5.00    5.00  clk       0.00  
cp_ctrl[1169]
              0.50    0.50    5.00    5.00  clk       0.00  
cp_ctrl[1170]
              0.50    0.50    5.00    5.00  clk       0.00  
cp_ctrl[1171]
              0.50    0.50    5.00    5.00  clk       0.00  
cp_ctrl[1172]
              0.50    0.50    5.00    5.00  clk       0.00  
cp_ctrl[1173]
              0.50    0.50    5.00    5.00  clk       0.00  
cp_ctrl[1174]
              0.50    0.50    5.00    5.00  clk       0.00  
cp_ctrl[1175]
              0.50    0.50    5.00    5.00  clk       0.00  
cp_ctrl[1176]
              0.50    0.50    5.00    5.00  clk       0.00  
cp_ctrl[1177]
              0.50    0.50    5.00    5.00  clk       0.00  
cp_ctrl[1178]
              0.50    0.50    5.00    5.00  clk       0.00  
cp_ctrl[1179]
              0.50    0.50    5.00    5.00  clk       0.00  
cp_ctrl[1180]
              0.50    0.50    5.00    5.00  clk       0.00  
cp_ctrl[1181]
              0.50    0.50    5.00    5.00  clk       0.00  
cp_ctrl[1182]
              0.50    0.50    5.00    5.00  clk       0.00  
cp_ctrl[1183]
              0.50    0.50    5.00    5.00  clk       0.00  
cp_ctrl[1184]
              0.50    0.50    5.00    5.00  clk       0.00  
cp_ctrl[1185]
              0.50    0.50    5.00    5.00  clk       0.00  
cp_ctrl[1186]
              0.50    0.50    5.00    5.00  clk       0.00  
cp_ctrl[1187]
              0.50    0.50    5.00    5.00  clk       0.00  
cp_ctrl[1188]
              0.50    0.50    5.00    5.00  clk       0.00  
cp_ctrl[1189]
              0.50    0.50    5.00    5.00  clk       0.00  
cp_ctrl[1190]
              0.50    0.50    5.00    5.00  clk       0.00  
cp_ctrl[1191]
              0.50    0.50    5.00    5.00  clk       0.00  
cp_ctrl[1192]
              0.50    0.50    5.00    5.00  clk       0.00  
cp_ctrl[1193]
              0.50    0.50    5.00    5.00  clk       0.00  
cp_ctrl[1194]
              0.50    0.50    5.00    5.00  clk       0.00  
cp_ctrl[1195]
              0.50    0.50    5.00    5.00  clk       0.00  
cp_ctrl[1196]
              0.50    0.50    5.00    5.00  clk       0.00  
cp_ctrl[1197]
              0.50    0.50    5.00    5.00  clk       0.00  
cp_ctrl[1198]
              0.50    0.50    5.00    5.00  clk       0.00  
cp_ctrl[1199]
              0.50    0.50    5.00    5.00  clk       0.00  
cp_ctrl[1200]
              0.50    0.50    5.00    5.00  clk       0.00  
cp_ctrl[1201]
              0.50    0.50    5.00    5.00  clk       0.00  
cp_ctrl[1202]
              0.50    0.50    5.00    5.00  clk       0.00  
cp_ctrl[1203]
              0.50    0.50    5.00    5.00  clk       0.00  
cp_ctrl[1204]
              0.50    0.50    5.00    5.00  clk       0.00  
cp_ctrl[1205]
              0.50    0.50    5.00    5.00  clk       0.00  
cp_ctrl[1206]
              0.50    0.50    5.00    5.00  clk       0.00  
cp_ctrl[1207]
              0.50    0.50    5.00    5.00  clk       0.00  
cp_ctrl[1208]
              0.50    0.50    5.00    5.00  clk       0.00  
cp_ctrl[1209]
              0.50    0.50    5.00    5.00  clk       0.00  
cp_ctrl[1210]
              0.50    0.50    5.00    5.00  clk       0.00  
cp_ctrl[1211]
              0.50    0.50    5.00    5.00  clk       0.00  
cp_ctrl[1212]
              0.50    0.50    5.00    5.00  clk       0.00  
cp_ctrl[1213]
              0.50    0.50    5.00    5.00  clk       0.00  
cp_ctrl[1214]
              0.50    0.50    5.00    5.00  clk       0.00  
cp_ctrl[1215]
              0.50    0.50    5.00    5.00  clk       0.00  
cp_ctrl[1216]
              0.50    0.50    5.00    5.00  clk       0.00  
cp_ctrl[1217]
              0.50    0.50    5.00    5.00  clk       0.00  
cp_ctrl[1218]
              0.50    0.50    5.00    5.00  clk       0.00  
cp_ctrl[1219]
              0.50    0.50    5.00    5.00  clk       0.00  
cp_ctrl[1220]
              0.50    0.50    5.00    5.00  clk       0.00  
cp_ctrl[1221]
              0.50    0.50    5.00    5.00  clk       0.00  
cp_ctrl[1222]
              0.50    0.50    5.00    5.00  clk       0.00  
cp_ctrl[1223]
              0.50    0.50    5.00    5.00  clk       0.00  
cp_ctrl[1224]
              0.50    0.50    5.00    5.00  clk       0.00  
cp_ctrl[1225]
              0.50    0.50    5.00    5.00  clk       0.00  
cp_ctrl[1226]
              0.50    0.50    5.00    5.00  clk       0.00  
cp_ctrl[1227]
              0.50    0.50    5.00    5.00  clk       0.00  
cp_ctrl[1228]
              0.50    0.50    5.00    5.00  clk       0.00  
cp_ctrl[1229]
              0.50    0.50    5.00    5.00  clk       0.00  
cp_ctrl[1230]
              0.50    0.50    5.00    5.00  clk       0.00  
cp_ctrl[1231]
              0.50    0.50    5.00    5.00  clk       0.00  
cp_ctrl[1232]
              0.50    0.50    5.00    5.00  clk       0.00  
cp_ctrl[1233]
              0.50    0.50    5.00    5.00  clk       0.00  
cp_ctrl[1234]
              0.50    0.50    5.00    5.00  clk       0.00  
cp_ctrl[1235]
              0.50    0.50    5.00    5.00  clk       0.00  
cp_ctrl[1236]
              0.50    0.50    5.00    5.00  clk       0.00  
cp_ctrl[1237]
              0.50    0.50    5.00    5.00  clk       0.00  
cp_ctrl[1238]
              0.50    0.50    5.00    5.00  clk       0.00  
cp_ctrl[1239]
              0.50    0.50    5.00    5.00  clk       0.00  
cp_ctrl[1240]
              0.50    0.50    5.00    5.00  clk       0.00  
cp_ctrl[1241]
              0.50    0.50    5.00    5.00  clk       0.00  
cp_ctrl[1242]
              0.50    0.50    5.00    5.00  clk       0.00  
cp_ctrl[1243]
              0.50    0.50    5.00    5.00  clk       0.00  
cp_ctrl[1244]
              0.50    0.50    5.00    5.00  clk       0.00  
cp_ctrl[1245]
              0.50    0.50    5.00    5.00  clk       0.00  
cp_ctrl[1246]
              0.50    0.50    5.00    5.00  clk       0.00  
cp_ctrl[1247]
              0.50    0.50    5.00    5.00  clk       0.00  
cp_ctrl[1248]
              0.50    0.50    5.00    5.00  clk       0.00  
cp_ctrl[1249]
              0.50    0.50    5.00    5.00  clk       0.00  
cp_ctrl[1250]
              0.50    0.50    5.00    5.00  clk       0.00  
cp_ctrl[1251]
              0.50    0.50    5.00    5.00  clk       0.00  
cp_ctrl[1252]
              0.50    0.50    5.00    5.00  clk       0.00  
cp_ctrl[1253]
              0.50    0.50    5.00    5.00  clk       0.00  
cp_ctrl[1254]
              0.50    0.50    5.00    5.00  clk       0.00  
cp_ctrl[1255]
              0.50    0.50    5.00    5.00  clk       0.00  
cp_ctrl[1256]
              0.50    0.50    5.00    5.00  clk       0.00  
cp_ctrl[1257]
              0.50    0.50    5.00    5.00  clk       0.00  
cp_ctrl[1258]
              0.50    0.50    5.00    5.00  clk       0.00  
cp_ctrl[1259]
              0.50    0.50    5.00    5.00  clk       0.00  
cp_ctrl[1260]
              0.50    0.50    5.00    5.00  clk       0.00  
cp_ctrl[1261]
              0.50    0.50    5.00    5.00  clk       0.00  
cp_ctrl[1262]
              0.50    0.50    5.00    5.00  clk       0.00  
cp_ctrl[1263]
              0.50    0.50    5.00    5.00  clk       0.00  
cp_ctrl[1264]
              0.50    0.50    5.00    5.00  clk       0.00  
cp_ctrl[1265]
              0.50    0.50    5.00    5.00  clk       0.00  
cp_ctrl[1266]
              0.50    0.50    5.00    5.00  clk       0.00  
cp_ctrl[1267]
              0.50    0.50    5.00    5.00  clk       0.00  
cp_ctrl[1268]
              0.50    0.50    5.00    5.00  clk       0.00  
cp_ctrl[1269]
              0.50    0.50    5.00    5.00  clk       0.00  
cp_ctrl[1270]
              0.50    0.50    5.00    5.00  clk       0.00  
cp_ctrl[1271]
              0.50    0.50    5.00    5.00  clk       0.00  
cp_ctrl[1272]
              0.50    0.50    5.00    5.00  clk       0.00  
cp_ctrl[1273]
              0.50    0.50    5.00    5.00  clk       0.00  
cp_ctrl[1274]
              0.50    0.50    5.00    5.00  clk       0.00  
cp_ctrl[1275]
              0.50    0.50    5.00    5.00  clk       0.00  
cp_ctrl[1276]
              0.50    0.50    5.00    5.00  clk       0.00  
cp_ctrl[1277]
              0.50    0.50    5.00    5.00  clk       0.00  
cp_ctrl[1278]
              0.50    0.50    5.00    5.00  clk       0.00  
cp_ctrl[1279]
              0.50    0.50    5.00    5.00  clk       0.00  
cp_ctrl[1280]
              0.50    0.50    5.00    5.00  clk       0.00  
cp_ctrl[1281]
              0.50    0.50    5.00    5.00  clk       0.00  
cp_ctrl[1282]
              0.50    0.50    5.00    5.00  clk       0.00  
cp_ctrl[1283]
              0.50    0.50    5.00    5.00  clk       0.00  
cp_ctrl[1284]
              0.50    0.50    5.00    5.00  clk       0.00  
cp_ctrl[1285]
              0.50    0.50    5.00    5.00  clk       0.00  
cp_ctrl[1286]
              0.50    0.50    5.00    5.00  clk       0.00  
cp_ctrl[1287]
              0.50    0.50    5.00    5.00  clk       0.00  
cp_ctrl[1288]
              0.50    0.50    5.00    5.00  clk       0.00  
cp_ctrl[1289]
              0.50    0.50    5.00    5.00  clk       0.00  
cp_ctrl[1290]
              0.50    0.50    5.00    5.00  clk       0.00  
cp_ctrl[1291]
              0.50    0.50    5.00    5.00  clk       0.00  
cp_ctrl[1292]
              0.50    0.50    5.00    5.00  clk       0.00  
cp_ctrl[1293]
              0.50    0.50    5.00    5.00  clk       0.00  
cp_ctrl[1294]
              0.50    0.50    5.00    5.00  clk       0.00  
cp_ctrl[1295]
              0.50    0.50    5.00    5.00  clk       0.00  
cp_ctrl[1296]
              0.50    0.50    5.00    5.00  clk       0.00  
cp_ctrl[1297]
              0.50    0.50    5.00    5.00  clk       0.00  
cp_ctrl[1298]
              0.50    0.50    5.00    5.00  clk       0.00  
cp_ctrl[1299]
              0.50    0.50    5.00    5.00  clk       0.00  
cp_ctrl[1300]
              0.50    0.50    5.00    5.00  clk       0.00  
cp_ctrl[1301]
              0.50    0.50    5.00    5.00  clk       0.00  
cp_ctrl[1302]
              0.50    0.50    5.00    5.00  clk       0.00  
cp_ctrl[1303]
              0.50    0.50    5.00    5.00  clk       0.00  
cp_ctrl[1304]
              0.50    0.50    5.00    5.00  clk       0.00  
cp_ctrl[1305]
              0.50    0.50    5.00    5.00  clk       0.00  
cp_ctrl[1306]
              0.50    0.50    5.00    5.00  clk       0.00  
cp_ctrl[1307]
              0.50    0.50    5.00    5.00  clk       0.00  
cp_ctrl[1308]
              0.50    0.50    5.00    5.00  clk       0.00  
cp_ctrl[1309]
              0.50    0.50    5.00    5.00  clk       0.00  
cp_ctrl[1310]
              0.50    0.50    5.00    5.00  clk       0.00  
cp_ctrl[1311]
              0.50    0.50    5.00    5.00  clk       0.00  
cp_ctrl[1312]
              0.50    0.50    5.00    5.00  clk       0.00  
cp_ctrl[1313]
              0.50    0.50    5.00    5.00  clk       0.00  
cp_ctrl[1314]
              0.50    0.50    5.00    5.00  clk       0.00  
cp_ctrl[1315]
              0.50    0.50    5.00    5.00  clk       0.00  
cp_ctrl[1316]
              0.50    0.50    5.00    5.00  clk       0.00  
cp_ctrl[1317]
              0.50    0.50    5.00    5.00  clk       0.00  
cp_ctrl[1318]
              0.50    0.50    5.00    5.00  clk       0.00  
cp_ctrl[1319]
              0.50    0.50    5.00    5.00  clk       0.00  
cp_ctrl[1320]
              0.50    0.50    5.00    5.00  clk       0.00  
cp_ctrl[1321]
              0.50    0.50    5.00    5.00  clk       0.00  
cp_ctrl[1322]
              0.50    0.50    5.00    5.00  clk       0.00  
cp_ctrl[1323]
              0.50    0.50    5.00    5.00  clk       0.00  
cp_ctrl[1324]
              0.50    0.50    5.00    5.00  clk       0.00  
cp_ctrl[1325]
              0.50    0.50    5.00    5.00  clk       0.00  
cp_ctrl[1326]
              0.50    0.50    5.00    5.00  clk       0.00  
cp_ctrl[1327]
              0.50    0.50    5.00    5.00  clk       0.00  
cp_ctrl[1328]
              0.50    0.50    5.00    5.00  clk       0.00  
cp_ctrl[1329]
              0.50    0.50    5.00    5.00  clk       0.00  
cp_ctrl[1330]
              0.50    0.50    5.00    5.00  clk       0.00  
cp_ctrl[1331]
              0.50    0.50    5.00    5.00  clk       0.00  
cp_ctrl[1332]
              0.50    0.50    5.00    5.00  clk       0.00  
cp_ctrl[1333]
              0.50    0.50    5.00    5.00  clk       0.00  
cp_ctrl[1334]
              0.50    0.50    5.00    5.00  clk       0.00  
cp_ctrl[1335]
              0.50    0.50    5.00    5.00  clk       0.00  
cp_ctrl[1336]
              0.50    0.50    5.00    5.00  clk       0.00  
cp_ctrl[1337]
              0.50    0.50    5.00    5.00  clk       0.00  
cp_ctrl[1338]
              0.50    0.50    5.00    5.00  clk       0.00  
cp_ctrl[1339]
              0.50    0.50    5.00    5.00  clk       0.00  
cp_ctrl[1340]
              0.50    0.50    5.00    5.00  clk       0.00  
cp_ctrl[1341]
              0.50    0.50    5.00    5.00  clk       0.00  
cp_ctrl[1342]
              0.50    0.50    5.00    5.00  clk       0.00  
cp_ctrl[1343]
              0.50    0.50    5.00    5.00  clk       0.00  
cp_ctrl[1344]
              0.50    0.50    5.00    5.00  clk       0.00  
cp_ctrl[1345]
              0.50    0.50    5.00    5.00  clk       0.00  
cp_ctrl[1346]
              0.50    0.50    5.00    5.00  clk       0.00  
cp_ctrl[1347]
              0.50    0.50    5.00    5.00  clk       0.00  
cp_ctrl[1348]
              0.50    0.50    5.00    5.00  clk       0.00  
cp_ctrl[1349]
              0.50    0.50    5.00    5.00  clk       0.00  
cp_ctrl[1350]
              0.50    0.50    5.00    5.00  clk       0.00  
cp_ctrl[1351]
              0.50    0.50    5.00    5.00  clk       0.00  
cp_ctrl[1352]
              0.50    0.50    5.00    5.00  clk       0.00  
cp_ctrl[1353]
              0.50    0.50    5.00    5.00  clk       0.00  
cp_ctrl[1354]
              0.50    0.50    5.00    5.00  clk       0.00  
cp_ctrl[1355]
              0.50    0.50    5.00    5.00  clk       0.00  
cp_ctrl[1356]
              0.50    0.50    5.00    5.00  clk       0.00  
cp_ctrl[1357]
              0.50    0.50    5.00    5.00  clk       0.00  
cp_ctrl[1358]
              0.50    0.50    5.00    5.00  clk       0.00  
cp_ctrl[1359]
              0.50    0.50    5.00    5.00  clk       0.00  
cp_ctrl[1360]
              0.50    0.50    5.00    5.00  clk       0.00  
cp_ctrl[1361]
              0.50    0.50    5.00    5.00  clk       0.00  
cp_ctrl[1362]
              0.50    0.50    5.00    5.00  clk       0.00  
cp_ctrl[1363]
              0.50    0.50    5.00    5.00  clk       0.00  
cp_ctrl[1364]
              0.50    0.50    5.00    5.00  clk       0.00  
cp_ctrl[1365]
              0.50    0.50    5.00    5.00  clk       0.00  
cp_ctrl[1366]
              0.50    0.50    5.00    5.00  clk       0.00  
cp_ctrl[1367]
              0.50    0.50    5.00    5.00  clk       0.00  
cp_ctrl[1368]
              0.50    0.50    5.00    5.00  clk       0.00  
cp_ctrl[1369]
              0.50    0.50    5.00    5.00  clk       0.00  
cp_ctrl[1370]
              0.50    0.50    5.00    5.00  clk       0.00  
cp_ctrl[1371]
              0.50    0.50    5.00    5.00  clk       0.00  
cp_ctrl[1372]
              0.50    0.50    5.00    5.00  clk       0.00  
cp_ctrl[1373]
              0.50    0.50    5.00    5.00  clk       0.00  
cp_ctrl[1374]
              0.50    0.50    5.00    5.00  clk       0.00  
cp_ctrl[1375]
              0.50    0.50    5.00    5.00  clk       0.00  
cp_ctrl[1376]
              0.50    0.50    5.00    5.00  clk       0.00  
cp_ctrl[1377]
              0.50    0.50    5.00    5.00  clk       0.00  
cp_ctrl[1378]
              0.50    0.50    5.00    5.00  clk       0.00  
cp_ctrl[1379]
              0.50    0.50    5.00    5.00  clk       0.00  
cp_ctrl[1380]
              0.50    0.50    5.00    5.00  clk       0.00  
cp_ctrl[1381]
              0.50    0.50    5.00    5.00  clk       0.00  
cp_ctrl[1382]
              0.50    0.50    5.00    5.00  clk       0.00  
cp_ctrl[1383]
              0.50    0.50    5.00    5.00  clk       0.00  
cp_ctrl[1384]
              0.50    0.50    5.00    5.00  clk       0.00  
cp_ctrl[1385]
              0.50    0.50    5.00    5.00  clk       0.00  
cp_ctrl[1386]
              0.50    0.50    5.00    5.00  clk       0.00  
cp_ctrl[1387]
              0.50    0.50    5.00    5.00  clk       0.00  
cp_ctrl[1388]
              0.50    0.50    5.00    5.00  clk       0.00  
cp_ctrl[1389]
              0.50    0.50    5.00    5.00  clk       0.00  
cp_ctrl[1390]
              0.50    0.50    5.00    5.00  clk       0.00  
cp_ctrl[1391]
              0.50    0.50    5.00    5.00  clk       0.00  
cp_ctrl[1392]
              0.50    0.50    5.00    5.00  clk       0.00  
cp_ctrl[1393]
              0.50    0.50    5.00    5.00  clk       0.00  
cp_ctrl[1394]
              0.50    0.50    5.00    5.00  clk       0.00  
cp_ctrl[1395]
              0.50    0.50    5.00    5.00  clk       0.00  
cp_ctrl[1396]
              0.50    0.50    5.00    5.00  clk       0.00  
cp_ctrl[1397]
              0.50    0.50    5.00    5.00  clk       0.00  
cp_ctrl[1398]
              0.50    0.50    5.00    5.00  clk       0.00  
cp_ctrl[1399]
              0.50    0.50    5.00    5.00  clk       0.00  
cp_ctrl[1400]
              0.50    0.50    5.00    5.00  clk       0.00  
cp_ctrl[1401]
              0.50    0.50    5.00    5.00  clk       0.00  
cp_ctrl[1402]
              0.50    0.50    5.00    5.00  clk       0.00  
cp_ctrl[1403]
              0.50    0.50    5.00    5.00  clk       0.00  
cp_ctrl[1404]
              0.50    0.50    5.00    5.00  clk       0.00  
cp_ctrl[1405]
              0.50    0.50    5.00    5.00  clk       0.00  
cp_ctrl[1406]
              0.50    0.50    5.00    5.00  clk       0.00  
cp_ctrl[1407]
              0.50    0.50    5.00    5.00  clk       0.00  
cp_ctrl[1408]
              0.50    0.50    5.00    5.00  clk       0.00  
cp_ctrl[1409]
              0.50    0.50    5.00    5.00  clk       0.00  
cp_ctrl[1410]
              0.50    0.50    5.00    5.00  clk       0.00  
cp_ctrl[1411]
              0.50    0.50    5.00    5.00  clk       0.00  
cp_ctrl[1412]
              0.50    0.50    5.00    5.00  clk       0.00  
cp_ctrl[1413]
              0.50    0.50    5.00    5.00  clk       0.00  
cp_ctrl[1414]
              0.50    0.50    5.00    5.00  clk       0.00  
cp_ctrl[1415]
              0.50    0.50    5.00    5.00  clk       0.00  
cp_ctrl[1416]
              0.50    0.50    5.00    5.00  clk       0.00  
cp_ctrl[1417]
              0.50    0.50    5.00    5.00  clk       0.00  
cp_ctrl[1418]
              0.50    0.50    5.00    5.00  clk       0.00  
cp_ctrl[1419]
              0.50    0.50    5.00    5.00  clk       0.00  
cp_ctrl[1420]
              0.50    0.50    5.00    5.00  clk       0.00  
cp_ctrl[1421]
              0.50    0.50    5.00    5.00  clk       0.00  
cp_ctrl[1422]
              0.50    0.50    5.00    5.00  clk       0.00  
cp_ctrl[1423]
              0.50    0.50    5.00    5.00  clk       0.00  
cp_ctrl[1424]
              0.50    0.50    5.00    5.00  clk       0.00  
cp_ctrl[1425]
              0.50    0.50    5.00    5.00  clk       0.00  
cp_ctrl[1426]
              0.50    0.50    5.00    5.00  clk       0.00  
cp_ctrl[1427]
              0.50    0.50    5.00    5.00  clk       0.00  
cp_ctrl[1428]
              0.50    0.50    5.00    5.00  clk       0.00  
cp_ctrl[1429]
              0.50    0.50    5.00    5.00  clk       0.00  
cp_ctrl[1430]
              0.50    0.50    5.00    5.00  clk       0.00  
cp_ctrl[1431]
              0.50    0.50    5.00    5.00  clk       0.00  
cp_ctrl[1432]
              0.50    0.50    5.00    5.00  clk       0.00  
cp_ctrl[1433]
              0.50    0.50    5.00    5.00  clk       0.00  
cp_ctrl[1434]
              0.50    0.50    5.00    5.00  clk       0.00  
cp_ctrl[1435]
              0.50    0.50    5.00    5.00  clk       0.00  
cp_ctrl[1436]
              0.50    0.50    5.00    5.00  clk       0.00  
cp_ctrl[1437]
              0.50    0.50    5.00    5.00  clk       0.00  
cp_ctrl[1438]
              0.50    0.50    5.00    5.00  clk       0.00  
cp_ctrl[1439]
              0.50    0.50    5.00    5.00  clk       0.00  
cp_ctrl[1440]
              0.50    0.50    5.00    5.00  clk       0.00  
cp_ctrl[1441]
              0.50    0.50    5.00    5.00  clk       0.00  
cp_ctrl[1442]
              0.50    0.50    5.00    5.00  clk       0.00  
cp_ctrl[1443]
              0.50    0.50    5.00    5.00  clk       0.00  
cp_ctrl[1444]
              0.50    0.50    5.00    5.00  clk       0.00  
cp_ctrl[1445]
              0.50    0.50    5.00    5.00  clk       0.00  
cp_ctrl[1446]
              0.50    0.50    5.00    5.00  clk       0.00  
cp_ctrl[1447]
              0.50    0.50    5.00    5.00  clk       0.00  
cp_ctrl[1448]
              0.50    0.50    5.00    5.00  clk       0.00  
cp_ctrl[1449]
              0.50    0.50    5.00    5.00  clk       0.00  
cp_ctrl[1450]
              0.50    0.50    5.00    5.00  clk       0.00  
cp_ctrl[1451]
              0.50    0.50    5.00    5.00  clk       0.00  
cp_ctrl[1452]
              0.50    0.50    5.00    5.00  clk       0.00  
cp_ctrl[1453]
              0.50    0.50    5.00    5.00  clk       0.00  
cp_ctrl[1454]
              0.50    0.50    5.00    5.00  clk       0.00  
cp_ctrl[1455]
              0.50    0.50    5.00    5.00  clk       0.00  
cp_ctrl[1456]
              0.50    0.50    5.00    5.00  clk       0.00  
cp_ctrl[1457]
              0.50    0.50    5.00    5.00  clk       0.00  
cp_ctrl[1458]
              0.50    0.50    5.00    5.00  clk       0.00  
cp_ctrl[1459]
              0.50    0.50    5.00    5.00  clk       0.00  
cp_ctrl[1460]
              0.50    0.50    5.00    5.00  clk       0.00  
cp_ctrl[1461]
              0.50    0.50    5.00    5.00  clk       0.00  
cp_ctrl[1462]
              0.50    0.50    5.00    5.00  clk       0.00  
cp_ctrl[1463]
              0.50    0.50    5.00    5.00  clk       0.00  
cp_ctrl[1464]
              0.50    0.50    5.00    5.00  clk       0.00  
cp_ctrl[1465]
              0.50    0.50    5.00    5.00  clk       0.00  
cp_ctrl[1466]
              0.50    0.50    5.00    5.00  clk       0.00  
cp_ctrl[1467]
              0.50    0.50    5.00    5.00  clk       0.00  
cp_ctrl[1468]
              0.50    0.50    5.00    5.00  clk       0.00  
cp_ctrl[1469]
              0.50    0.50    5.00    5.00  clk       0.00  
cp_ctrl[1470]
              0.50    0.50    5.00    5.00  clk       0.00  
cp_ctrl[1471]
              0.50    0.50    5.00    5.00  clk       0.00  
cp_ctrl[1472]
              0.50    0.50    5.00    5.00  clk       0.00  
cp_ctrl[1473]
              0.50    0.50    5.00    5.00  clk       0.00  
cp_ctrl[1474]
              0.50    0.50    5.00    5.00  clk       0.00  
cp_ctrl[1475]
              0.50    0.50    5.00    5.00  clk       0.00  
cp_ctrl[1476]
              0.50    0.50    5.00    5.00  clk       0.00  
cp_ctrl[1477]
              0.50    0.50    5.00    5.00  clk       0.00  
cp_ctrl[1478]
              0.50    0.50    5.00    5.00  clk       0.00  
cp_ctrl[1479]
              0.50    0.50    5.00    5.00  clk       0.00  
cp_ctrl[1480]
              0.50    0.50    5.00    5.00  clk       0.00  
cp_ctrl[1481]
              0.50    0.50    5.00    5.00  clk       0.00  
cp_ctrl[1482]
              0.50    0.50    5.00    5.00  clk       0.00  
cp_ctrl[1483]
              0.50    0.50    5.00    5.00  clk       0.00  
cp_ctrl[1484]
              0.50    0.50    5.00    5.00  clk       0.00  
cp_ctrl[1485]
              0.50    0.50    5.00    5.00  clk       0.00  
cp_ctrl[1486]
              0.50    0.50    5.00    5.00  clk       0.00  
cp_ctrl[1487]
              0.50    0.50    5.00    5.00  clk       0.00  
cp_ctrl[1488]
              0.50    0.50    5.00    5.00  clk       0.00  
cp_ctrl[1489]
              0.50    0.50    5.00    5.00  clk       0.00  
cp_ctrl[1490]
              0.50    0.50    5.00    5.00  clk       0.00  
cp_ctrl[1491]
              0.50    0.50    5.00    5.00  clk       0.00  
cp_ctrl[1492]
              0.50    0.50    5.00    5.00  clk       0.00  
cp_ctrl[1493]
              0.50    0.50    5.00    5.00  clk       0.00  
cp_ctrl[1494]
              0.50    0.50    5.00    5.00  clk       0.00  
cp_ctrl[1495]
              0.50    0.50    5.00    5.00  clk       0.00  
cp_ctrl[1496]
              0.50    0.50    5.00    5.00  clk       0.00  
cp_ctrl[1497]
              0.50    0.50    5.00    5.00  clk       0.00  
cp_ctrl[1498]
              0.50    0.50    5.00    5.00  clk       0.00  
cp_ctrl[1499]
              0.50    0.50    5.00    5.00  clk       0.00  
cp_ctrl[1500]
              0.50    0.50    5.00    5.00  clk       0.00  
cp_ctrl[1501]
              0.50    0.50    5.00    5.00  clk       0.00  
cp_ctrl[1502]
              0.50    0.50    5.00    5.00  clk       0.00  
cp_ctrl[1503]
              0.50    0.50    5.00    5.00  clk       0.00  
cp_ctrl[1504]
              0.50    0.50    5.00    5.00  clk       0.00  
cp_ctrl[1505]
              0.50    0.50    5.00    5.00  clk       0.00  
cp_ctrl[1506]
              0.50    0.50    5.00    5.00  clk       0.00  
cp_ctrl[1507]
              0.50    0.50    5.00    5.00  clk       0.00  
cp_ctrl[1508]
              0.50    0.50    5.00    5.00  clk       0.00  
cp_ctrl[1509]
              0.50    0.50    5.00    5.00  clk       0.00  
cp_ctrl[1510]
              0.50    0.50    5.00    5.00  clk       0.00  
cp_ctrl[1511]
              0.50    0.50    5.00    5.00  clk       0.00  
cp_ctrl[1512]
              0.50    0.50    5.00    5.00  clk       0.00  
cp_ctrl[1513]
              0.50    0.50    5.00    5.00  clk       0.00  
cp_ctrl[1514]
              0.50    0.50    5.00    5.00  clk       0.00  
cp_ctrl[1515]
              0.50    0.50    5.00    5.00  clk       0.00  
cp_ctrl[1516]
              0.50    0.50    5.00    5.00  clk       0.00  
cp_ctrl[1517]
              0.50    0.50    5.00    5.00  clk       0.00  
cp_ctrl[1518]
              0.50    0.50    5.00    5.00  clk       0.00  
cp_ctrl[1519]
              0.50    0.50    5.00    5.00  clk       0.00  
cp_ctrl[1520]
              0.50    0.50    5.00    5.00  clk       0.00  
cp_ctrl[1521]
              0.50    0.50    5.00    5.00  clk       0.00  
cp_ctrl[1522]
              0.50    0.50    5.00    5.00  clk       0.00  
cp_ctrl[1523]
              0.50    0.50    5.00    5.00  clk       0.00  
cp_ctrl[1524]
              0.50    0.50    5.00    5.00  clk       0.00  
cp_ctrl[1525]
              0.50    0.50    5.00    5.00  clk       0.00  
cp_ctrl[1526]
              0.50    0.50    5.00    5.00  clk       0.00  
cp_ctrl[1527]
              0.50    0.50    5.00    5.00  clk       0.00  
cp_ctrl[1528]
              0.50    0.50    5.00    5.00  clk       0.00  
cp_ctrl[1529]
              0.50    0.50    5.00    5.00  clk       0.00  
cp_ctrl[1530]
              0.50    0.50    5.00    5.00  clk       0.00  
cp_ctrl[1531]
              0.50    0.50    5.00    5.00  clk       0.00  
cp_ctrl[1532]
              0.50    0.50    5.00    5.00  clk       0.00  
cp_ctrl[1533]
              0.50    0.50    5.00    5.00  clk       0.00  
cp_ctrl[1534]
              0.50    0.50    5.00    5.00  clk       0.00  
cp_ctrl[1535]
              0.50    0.50    5.00    5.00  clk       0.00  
cp_ctrl[1536]
              0.50    0.50    5.00    5.00  clk       0.00  
cp_ctrl[1537]
              0.50    0.50    5.00    5.00  clk       0.00  
cp_ctrl[1538]
              0.50    0.50    5.00    5.00  clk       0.00  
cp_ctrl[1539]
              0.50    0.50    5.00    5.00  clk       0.00  
cp_ctrl[1540]
              0.50    0.50    5.00    5.00  clk       0.00  
cp_ctrl[1541]
              0.50    0.50    5.00    5.00  clk       0.00  
cp_ctrl[1542]
              0.50    0.50    5.00    5.00  clk       0.00  
cp_ctrl[1543]
              0.50    0.50    5.00    5.00  clk       0.00  
cp_ctrl[1544]
              0.50    0.50    5.00    5.00  clk       0.00  
cp_ctrl[1545]
              0.50    0.50    5.00    5.00  clk       0.00  
cp_ctrl[1546]
              0.50    0.50    5.00    5.00  clk       0.00  
cp_ctrl[1547]
              0.50    0.50    5.00    5.00  clk       0.00  
cp_ctrl[1548]
              0.50    0.50    5.00    5.00  clk       0.00  
cp_ctrl[1549]
              0.50    0.50    5.00    5.00  clk       0.00  
cp_ctrl[1550]
              0.50    0.50    5.00    5.00  clk       0.00  
cp_ctrl[1551]
              0.50    0.50    5.00    5.00  clk       0.00  
cp_ctrl[1552]
              0.50    0.50    5.00    5.00  clk       0.00  
cp_ctrl[1553]
              0.50    0.50    5.00    5.00  clk       0.00  
cp_ctrl[1554]
              0.50    0.50    5.00    5.00  clk       0.00  
cp_ctrl[1555]
              0.50    0.50    5.00    5.00  clk       0.00  
cp_ctrl[1556]
              0.50    0.50    5.00    5.00  clk       0.00  
cp_ctrl[1557]
              0.50    0.50    5.00    5.00  clk       0.00  
cp_ctrl[1558]
              0.50    0.50    5.00    5.00  clk       0.00  
cp_ctrl[1559]
              0.50    0.50    5.00    5.00  clk       0.00  
cp_ctrl[1560]
              0.50    0.50    5.00    5.00  clk       0.00  
cp_ctrl[1561]
              0.50    0.50    5.00    5.00  clk       0.00  
cp_ctrl[1562]
              0.50    0.50    5.00    5.00  clk       0.00  
cp_ctrl[1563]
              0.50    0.50    5.00    5.00  clk       0.00  
cp_ctrl[1564]
              0.50    0.50    5.00    5.00  clk       0.00  
cp_ctrl[1565]
              0.50    0.50    5.00    5.00  clk       0.00  
cp_ctrl[1566]
              0.50    0.50    5.00    5.00  clk       0.00  
cp_ctrl[1567]
              0.50    0.50    5.00    5.00  clk       0.00  
cp_ctrl[1568]
              0.50    0.50    5.00    5.00  clk       0.00  
cp_ctrl[1569]
              0.50    0.50    5.00    5.00  clk       0.00  
cp_ctrl[1570]
              0.50    0.50    5.00    5.00  clk       0.00  
cp_ctrl[1571]
              0.50    0.50    5.00    5.00  clk       0.00  
cp_ctrl[1572]
              0.50    0.50    5.00    5.00  clk       0.00  
cp_ctrl[1573]
              0.50    0.50    5.00    5.00  clk       0.00  
cp_ctrl[1574]
              0.50    0.50    5.00    5.00  clk       0.00  
cp_ctrl[1575]
              0.50    0.50    5.00    5.00  clk       0.00  
cp_ctrl[1576]
              0.50    0.50    5.00    5.00  clk       0.00  
cp_ctrl[1577]
              0.50    0.50    5.00    5.00  clk       0.00  
cp_ctrl[1578]
              0.50    0.50    5.00    5.00  clk       0.00  
cp_ctrl[1579]
              0.50    0.50    5.00    5.00  clk       0.00  
cp_ctrl[1580]
              0.50    0.50    5.00    5.00  clk       0.00  
cp_ctrl[1581]
              0.50    0.50    5.00    5.00  clk       0.00  
cp_ctrl[1582]
              0.50    0.50    5.00    5.00  clk       0.00  
cp_ctrl[1583]
              0.50    0.50    5.00    5.00  clk       0.00  
cp_ctrl[1584]
              0.50    0.50    5.00    5.00  clk       0.00  
cp_ctrl[1585]
              0.50    0.50    5.00    5.00  clk       0.00  
cp_ctrl[1586]
              0.50    0.50    5.00    5.00  clk       0.00  
cp_ctrl[1587]
              0.50    0.50    5.00    5.00  clk       0.00  
cp_ctrl[1588]
              0.50    0.50    5.00    5.00  clk       0.00  
cp_ctrl[1589]
              0.50    0.50    5.00    5.00  clk       0.00  
cp_ctrl[1590]
              0.50    0.50    5.00    5.00  clk       0.00  
cp_ctrl[1591]
              0.50    0.50    5.00    5.00  clk       0.00  
cp_ctrl[1592]
              0.50    0.50    5.00    5.00  clk       0.00  
cp_ctrl[1593]
              0.50    0.50    5.00    5.00  clk       0.00  
cp_ctrl[1594]
              0.50    0.50    5.00    5.00  clk       0.00  
cp_ctrl[1595]
              0.50    0.50    5.00    5.00  clk       0.00  
cp_ctrl[1596]
              0.50    0.50    5.00    5.00  clk       0.00  
cp_ctrl[1597]
              0.50    0.50    5.00    5.00  clk       0.00  
cp_ctrl[1598]
              0.50    0.50    5.00    5.00  clk       0.00  
cp_ctrl[1599]
              0.50    0.50    5.00    5.00  clk       0.00  
cp_ctrl[1600]
              0.50    0.50    5.00    5.00  clk       0.00  
cp_ctrl[1601]
              0.50    0.50    5.00    5.00  clk       0.00  
cp_ctrl[1602]
              0.50    0.50    5.00    5.00  clk       0.00  
cp_ctrl[1603]
              0.50    0.50    5.00    5.00  clk       0.00  
cp_ctrl[1604]
              0.50    0.50    5.00    5.00  clk       0.00  
cp_ctrl[1605]
              0.50    0.50    5.00    5.00  clk       0.00  
cp_ctrl[1606]
              0.50    0.50    5.00    5.00  clk       0.00  
cp_ctrl[1607]
              0.50    0.50    5.00    5.00  clk       0.00  
cp_ctrl[1608]
              0.50    0.50    5.00    5.00  clk       0.00  
cp_ctrl[1609]
              0.50    0.50    5.00    5.00  clk       0.00  
cp_ctrl[1610]
              0.50    0.50    5.00    5.00  clk       0.00  
cp_ctrl[1611]
              0.50    0.50    5.00    5.00  clk       0.00  
cp_ctrl[1612]
              0.50    0.50    5.00    5.00  clk       0.00  
cp_ctrl[1613]
              0.50    0.50    5.00    5.00  clk       0.00  
cp_ctrl[1614]
              0.50    0.50    5.00    5.00  clk       0.00  
cp_ctrl[1615]
              0.50    0.50    5.00    5.00  clk       0.00  
cp_ctrl[1616]
              0.50    0.50    5.00    5.00  clk       0.00  
cp_ctrl[1617]
              0.50    0.50    5.00    5.00  clk       0.00  
cp_ctrl[1618]
              0.50    0.50    5.00    5.00  clk       0.00  
cp_ctrl[1619]
              0.50    0.50    5.00    5.00  clk       0.00  
cp_ctrl[1620]
              0.50    0.50    5.00    5.00  clk       0.00  
cp_ctrl[1621]
              0.50    0.50    5.00    5.00  clk       0.00  
cp_ctrl[1622]
              0.50    0.50    5.00    5.00  clk       0.00  
cp_ctrl[1623]
              0.50    0.50    5.00    5.00  clk       0.00  
cp_ctrl[1624]
              0.50    0.50    5.00    5.00  clk       0.00  
cp_ctrl[1625]
              0.50    0.50    5.00    5.00  clk       0.00  
cp_ctrl[1626]
              0.50    0.50    5.00    5.00  clk       0.00  
cp_ctrl[1627]
              0.50    0.50    5.00    5.00  clk       0.00  
cp_ctrl[1628]
              0.50    0.50    5.00    5.00  clk       0.00  
cp_ctrl[1629]
              0.50    0.50    5.00    5.00  clk       0.00  
cp_ctrl[1630]
              0.50    0.50    5.00    5.00  clk       0.00  
cp_ctrl[1631]
              0.50    0.50    5.00    5.00  clk       0.00  
cp_ctrl[1632]
              0.50    0.50    5.00    5.00  clk       0.00  
cp_ctrl[1633]
              0.50    0.50    5.00    5.00  clk       0.00  
cp_ctrl[1634]
              0.50    0.50    5.00    5.00  clk       0.00  
cp_ctrl[1635]
              0.50    0.50    5.00    5.00  clk       0.00  
cp_ctrl[1636]
              0.50    0.50    5.00    5.00  clk       0.00  
cp_ctrl[1637]
              0.50    0.50    5.00    5.00  clk       0.00  
cp_ctrl[1638]
              0.50    0.50    5.00    5.00  clk       0.00  
cp_ctrl[1639]
              0.50    0.50    5.00    5.00  clk       0.00  
cp_ctrl[1640]
              0.50    0.50    5.00    5.00  clk       0.00  
cp_ctrl[1641]
              0.50    0.50    5.00    5.00  clk       0.00  
cp_ctrl[1642]
              0.50    0.50    5.00    5.00  clk       0.00  
cp_ctrl[1643]
              0.50    0.50    5.00    5.00  clk       0.00  
cp_ctrl[1644]
              0.50    0.50    5.00    5.00  clk       0.00  
cp_ctrl[1645]
              0.50    0.50    5.00    5.00  clk       0.00  
cp_ctrl[1646]
              0.50    0.50    5.00    5.00  clk       0.00  
cp_ctrl[1647]
              0.50    0.50    5.00    5.00  clk       0.00  
cp_ctrl[1648]
              0.50    0.50    5.00    5.00  clk       0.00  
cp_ctrl[1649]
              0.50    0.50    5.00    5.00  clk       0.00  
cp_ctrl[1650]
              0.50    0.50    5.00    5.00  clk       0.00  
cp_ctrl[1651]
              0.50    0.50    5.00    5.00  clk       0.00  
cp_ctrl[1652]
              0.50    0.50    5.00    5.00  clk       0.00  
cp_ctrl[1653]
              0.50    0.50    5.00    5.00  clk       0.00  
cp_ctrl[1654]
              0.50    0.50    5.00    5.00  clk       0.00  
cp_ctrl[1655]
              0.50    0.50    5.00    5.00  clk       0.00  
cp_ctrl[1656]
              0.50    0.50    5.00    5.00  clk       0.00  
cp_ctrl[1657]
              0.50    0.50    5.00    5.00  clk       0.00  
cp_ctrl[1658]
              0.50    0.50    5.00    5.00  clk       0.00  
cp_ctrl[1659]
              0.50    0.50    5.00    5.00  clk       0.00  
cp_ctrl[1660]
              0.50    0.50    5.00    5.00  clk       0.00  
cp_ctrl[1661]
              0.50    0.50    5.00    5.00  clk       0.00  
cp_ctrl[1662]
              0.50    0.50    5.00    5.00  clk       0.00  
cp_ctrl[1663]
              0.50    0.50    5.00    5.00  clk       0.00  
cp_ctrl[1664]
              0.50    0.50    5.00    5.00  clk       0.00  
cp_ctrl[1665]
              0.50    0.50    5.00    5.00  clk       0.00  
cp_ctrl[1666]
              0.50    0.50    5.00    5.00  clk       0.00  
cp_ctrl[1667]
              0.50    0.50    5.00    5.00  clk       0.00  
cp_ctrl[1668]
              0.50    0.50    5.00    5.00  clk       0.00  
cp_ctrl[1669]
              0.50    0.50    5.00    5.00  clk       0.00  
cp_ctrl[1670]
              0.50    0.50    5.00    5.00  clk       0.00  
cp_ctrl[1671]
              0.50    0.50    5.00    5.00  clk       0.00  
cp_ctrl[1672]
              0.50    0.50    5.00    5.00  clk       0.00  
cp_ctrl[1673]
              0.50    0.50    5.00    5.00  clk       0.00  
cp_ctrl[1674]
              0.50    0.50    5.00    5.00  clk       0.00  
cp_ctrl[1675]
              0.50    0.50    5.00    5.00  clk       0.00  
cp_ctrl[1676]
              0.50    0.50    5.00    5.00  clk       0.00  
cp_ctrl[1677]
              0.50    0.50    5.00    5.00  clk       0.00  
cp_ctrl[1678]
              0.50    0.50    5.00    5.00  clk       0.00  
cp_ctrl[1679]
              0.50    0.50    5.00    5.00  clk       0.00  
cp_ctrl[1680]
              0.50    0.50    5.00    5.00  clk       0.00  
cp_ctrl[1681]
              0.50    0.50    5.00    5.00  clk       0.00  
cp_ctrl[1682]
              0.50    0.50    5.00    5.00  clk       0.00  
cp_ctrl[1683]
              0.50    0.50    5.00    5.00  clk       0.00  
cp_ctrl[1684]
              0.50    0.50    5.00    5.00  clk       0.00  
cp_ctrl[1685]
              0.50    0.50    5.00    5.00  clk       0.00  
cp_ctrl[1686]
              0.50    0.50    5.00    5.00  clk       0.00  
cp_ctrl[1687]
              0.50    0.50    5.00    5.00  clk       0.00  
cp_ctrl[1688]
              0.50    0.50    5.00    5.00  clk       0.00  
cp_ctrl[1689]
              0.50    0.50    5.00    5.00  clk       0.00  
cp_ctrl[1690]
              0.50    0.50    5.00    5.00  clk       0.00  
cp_ctrl[1691]
              0.50    0.50    5.00    5.00  clk       0.00  
cp_ctrl[1692]
              0.50    0.50    5.00    5.00  clk       0.00  
cp_ctrl[1693]
              0.50    0.50    5.00    5.00  clk       0.00  
cp_ctrl[1694]
              0.50    0.50    5.00    5.00  clk       0.00  
cp_ctrl[1695]
              0.50    0.50    5.00    5.00  clk       0.00  
cp_ctrl[1696]
              0.50    0.50    5.00    5.00  clk       0.00  
cp_ctrl[1697]
              0.50    0.50    5.00    5.00  clk       0.00  
cp_ctrl[1698]
              0.50    0.50    5.00    5.00  clk       0.00  
cp_ctrl[1699]
              0.50    0.50    5.00    5.00  clk       0.00  
cp_ctrl[1700]
              0.50    0.50    5.00    5.00  clk       0.00  
cp_ctrl[1701]
              0.50    0.50    5.00    5.00  clk       0.00  
cp_ctrl[1702]
              0.50    0.50    5.00    5.00  clk       0.00  
cp_ctrl[1703]
              0.50    0.50    5.00    5.00  clk       0.00  
cp_ctrl[1704]
              0.50    0.50    5.00    5.00  clk       0.00  
cp_ctrl[1705]
              0.50    0.50    5.00    5.00  clk       0.00  
cp_ctrl[1706]
              0.50    0.50    5.00    5.00  clk       0.00  
cp_ctrl[1707]
              0.50    0.50    5.00    5.00  clk       0.00  
cp_ctrl[1708]
              0.50    0.50    5.00    5.00  clk       0.00  
cp_ctrl[1709]
              0.50    0.50    5.00    5.00  clk       0.00  
cp_ctrl[1710]
              0.50    0.50    5.00    5.00  clk       0.00  
cp_ctrl[1711]
              0.50    0.50    5.00    5.00  clk       0.00  
cp_ctrl[1712]
              0.50    0.50    5.00    5.00  clk       0.00  
cp_ctrl[1713]
              0.50    0.50    5.00    5.00  clk       0.00  
cp_ctrl[1714]
              0.50    0.50    5.00    5.00  clk       0.00  
cp_ctrl[1715]
              0.50    0.50    5.00    5.00  clk       0.00  
cp_ctrl[1716]
              0.50    0.50    5.00    5.00  clk       0.00  
cp_ctrl[1717]
              0.50    0.50    5.00    5.00  clk       0.00  
cp_ctrl[1718]
              0.50    0.50    5.00    5.00  clk       0.00  
cp_ctrl[1719]
              0.50    0.50    5.00    5.00  clk       0.00  
cp_ctrl[1720]
              0.50    0.50    5.00    5.00  clk       0.00  
cp_ctrl[1721]
              0.50    0.50    5.00    5.00  clk       0.00  
cp_ctrl[1722]
              0.50    0.50    5.00    5.00  clk       0.00  
cp_ctrl[1723]
              0.50    0.50    5.00    5.00  clk       0.00  
cp_ctrl[1724]
              0.50    0.50    5.00    5.00  clk       0.00  
cp_ctrl[1725]
              0.50    0.50    5.00    5.00  clk       0.00  
cp_ctrl[1726]
              0.50    0.50    5.00    5.00  clk       0.00  
cp_ctrl[1727]
              0.50    0.50    5.00    5.00  clk       0.00  
cp_ctrl[1728]
              0.50    0.50    5.00    5.00  clk       0.00  
cp_ctrl[1729]
              0.50    0.50    5.00    5.00  clk       0.00  
cp_ctrl[1730]
              0.50    0.50    5.00    5.00  clk       0.00  
cp_ctrl[1731]
              0.50    0.50    5.00    5.00  clk       0.00  
cp_ctrl[1732]
              0.50    0.50    5.00    5.00  clk       0.00  
cp_ctrl[1733]
              0.50    0.50    5.00    5.00  clk       0.00  
cp_ctrl[1734]
              0.50    0.50    5.00    5.00  clk       0.00  
cp_ctrl[1735]
              0.50    0.50    5.00    5.00  clk       0.00  
cp_ctrl[1736]
              0.50    0.50    5.00    5.00  clk       0.00  
cp_ctrl[1737]
              0.50    0.50    5.00    5.00  clk       0.00  
cp_ctrl[1738]
              0.50    0.50    5.00    5.00  clk       0.00  
cp_ctrl[1739]
              0.50    0.50    5.00    5.00  clk       0.00  
cp_ctrl[1740]
              0.50    0.50    5.00    5.00  clk       0.00  
cp_ctrl[1741]
              0.50    0.50    5.00    5.00  clk       0.00  
cp_ctrl[1742]
              0.50    0.50    5.00    5.00  clk       0.00  
cp_ctrl[1743]
              0.50    0.50    5.00    5.00  clk       0.00  
cp_ctrl[1744]
              0.50    0.50    5.00    5.00  clk       0.00  
cp_ctrl[1745]
              0.50    0.50    5.00    5.00  clk       0.00  
cp_ctrl[1746]
              0.50    0.50    5.00    5.00  clk       0.00  
cp_ctrl[1747]
              0.50    0.50    5.00    5.00  clk       0.00  
cp_ctrl[1748]
              0.50    0.50    5.00    5.00  clk       0.00  
cp_ctrl[1749]
              0.50    0.50    5.00    5.00  clk       0.00  
cp_ctrl[1750]
              0.50    0.50    5.00    5.00  clk       0.00  
cp_ctrl[1751]
              0.50    0.50    5.00    5.00  clk       0.00  
cp_ctrl[1752]
              0.50    0.50    5.00    5.00  clk       0.00  
cp_ctrl[1753]
              0.50    0.50    5.00    5.00  clk       0.00  
cp_ctrl[1754]
              0.50    0.50    5.00    5.00  clk       0.00  
cp_ctrl[1755]
              0.50    0.50    5.00    5.00  clk       0.00  
cp_ctrl[1756]
              0.50    0.50    5.00    5.00  clk       0.00  
cp_ctrl[1757]
              0.50    0.50    5.00    5.00  clk       0.00  
cp_ctrl[1758]
              0.50    0.50    5.00    5.00  clk       0.00  
cp_ctrl[1759]
              0.50    0.50    5.00    5.00  clk       0.00  
cp_ctrl[1760]
              0.50    0.50    5.00    5.00  clk       0.00  
cp_ctrl[1761]
              0.50    0.50    5.00    5.00  clk       0.00  
cp_ctrl[1762]
              0.50    0.50    5.00    5.00  clk       0.00  
cp_ctrl[1763]
              0.50    0.50    5.00    5.00  clk       0.00  
cp_ctrl[1764]
              0.50    0.50    5.00    5.00  clk       0.00  
cp_ctrl[1765]
              0.50    0.50    5.00    5.00  clk       0.00  
cp_ctrl[1766]
              0.50    0.50    5.00    5.00  clk       0.00  
cp_ctrl[1767]
              0.50    0.50    5.00    5.00  clk       0.00  
cp_ctrl[1768]
              0.50    0.50    5.00    5.00  clk       0.00  
cp_ctrl[1769]
              0.50    0.50    5.00    5.00  clk       0.00  
cp_ctrl[1770]
              0.50    0.50    5.00    5.00  clk       0.00  
cp_ctrl[1771]
              0.50    0.50    5.00    5.00  clk       0.00  
cp_ctrl[1772]
              0.50    0.50    5.00    5.00  clk       0.00  
cp_ctrl[1773]
              0.50    0.50    5.00    5.00  clk       0.00  
cp_ctrl[1774]
              0.50    0.50    5.00    5.00  clk       0.00  
cp_ctrl[1775]
              0.50    0.50    5.00    5.00  clk       0.00  
cp_ctrl[1776]
              0.50    0.50    5.00    5.00  clk       0.00  
cp_ctrl[1777]
              0.50    0.50    5.00    5.00  clk       0.00  
cp_ctrl[1778]
              0.50    0.50    5.00    5.00  clk       0.00  
cp_ctrl[1779]
              0.50    0.50    5.00    5.00  clk       0.00  
cp_ctrl[1780]
              0.50    0.50    5.00    5.00  clk       0.00  
cp_ctrl[1781]
              0.50    0.50    5.00    5.00  clk       0.00  
cp_ctrl[1782]
              0.50    0.50    5.00    5.00  clk       0.00  
cp_ctrl[1783]
              0.50    0.50    5.00    5.00  clk       0.00  
cp_ctrl[1784]
              0.50    0.50    5.00    5.00  clk       0.00  
cp_ctrl[1785]
              0.50    0.50    5.00    5.00  clk       0.00  
cp_ctrl[1786]
              0.50    0.50    5.00    5.00  clk       0.00  
cp_ctrl[1787]
              0.50    0.50    5.00    5.00  clk       0.00  
cp_ctrl[1788]
              0.50    0.50    5.00    5.00  clk       0.00  
cp_ctrl[1789]
              0.50    0.50    5.00    5.00  clk       0.00  
cp_ctrl[1790]
              0.50    0.50    5.00    5.00  clk       0.00  
cp_ctrl[1791]
              0.50    0.50    5.00    5.00  clk       0.00  
cp_ctrl[1792]
              0.50    0.50    5.00    5.00  clk       0.00  
cp_ctrl[1793]
              0.50    0.50    5.00    5.00  clk       0.00  
cp_ctrl[1794]
              0.50    0.50    5.00    5.00  clk       0.00  
cp_ctrl[1795]
              0.50    0.50    5.00    5.00  clk       0.00  
cp_ctrl[1796]
              0.50    0.50    5.00    5.00  clk       0.00  
cp_ctrl[1797]
              0.50    0.50    5.00    5.00  clk       0.00  
cp_ctrl[1798]
              0.50    0.50    5.00    5.00  clk       0.00  
cp_ctrl[1799]
              0.50    0.50    5.00    5.00  clk       0.00  
cp_ctrl[1800]
              0.50    0.50    5.00    5.00  clk       0.00  
cp_ctrl[1801]
              0.50    0.50    5.00    5.00  clk       0.00  
cp_ctrl[1802]
              0.50    0.50    5.00    5.00  clk       0.00  
cp_ctrl[1803]
              0.50    0.50    5.00    5.00  clk       0.00  
cp_ctrl[1804]
              0.50    0.50    5.00    5.00  clk       0.00  
cp_ctrl[1805]
              0.50    0.50    5.00    5.00  clk       0.00  
cp_ctrl[1806]
              0.50    0.50    5.00    5.00  clk       0.00  
cp_ctrl[1807]
              0.50    0.50    5.00    5.00  clk       0.00  
cp_ctrl[1808]
              0.50    0.50    5.00    5.00  clk       0.00  
cp_ctrl[1809]
              0.50    0.50    5.00    5.00  clk       0.00  
cp_ctrl[1810]
              0.50    0.50    5.00    5.00  clk       0.00  
cp_ctrl[1811]
              0.50    0.50    5.00    5.00  clk       0.00  
cp_ctrl[1812]
              0.50    0.50    5.00    5.00  clk       0.00  
cp_ctrl[1813]
              0.50    0.50    5.00    5.00  clk       0.00  
cp_ctrl[1814]
              0.50    0.50    5.00    5.00  clk       0.00  
cp_ctrl[1815]
              0.50    0.50    5.00    5.00  clk       0.00  
cp_ctrl[1816]
              0.50    0.50    5.00    5.00  clk       0.00  
cp_ctrl[1817]
              0.50    0.50    5.00    5.00  clk       0.00  
cp_ctrl[1818]
              0.50    0.50    5.00    5.00  clk       0.00  
cp_ctrl[1819]
              0.50    0.50    5.00    5.00  clk       0.00  
cp_ctrl[1820]
              0.50    0.50    5.00    5.00  clk       0.00  
cp_ctrl[1821]
              0.50    0.50    5.00    5.00  clk       0.00  
cp_ctrl[1822]
              0.50    0.50    5.00    5.00  clk       0.00  
cp_ctrl[1823]
              0.50    0.50    5.00    5.00  clk       0.00  
cp_ctrl[1824]
              0.50    0.50    5.00    5.00  clk       0.00  
cp_ctrl[1825]
              0.50    0.50    5.00    5.00  clk       0.00  
cp_ctrl[1826]
              0.50    0.50    5.00    5.00  clk       0.00  
cp_ctrl[1827]
              0.50    0.50    5.00    5.00  clk       0.00  
cp_ctrl[1828]
              0.50    0.50    5.00    5.00  clk       0.00  
cp_ctrl[1829]
              0.50    0.50    5.00    5.00  clk       0.00  
cp_ctrl[1830]
              0.50    0.50    5.00    5.00  clk       0.00  
cp_ctrl[1831]
              0.50    0.50    5.00    5.00  clk       0.00  
cp_ctrl[1832]
              0.50    0.50    5.00    5.00  clk       0.00  
cp_ctrl[1833]
              0.50    0.50    5.00    5.00  clk       0.00  
cp_ctrl[1834]
              0.50    0.50    5.00    5.00  clk       0.00  
cp_ctrl[1835]
              0.50    0.50    5.00    5.00  clk       0.00  
cp_ctrl[1836]
              0.50    0.50    5.00    5.00  clk       0.00  
cp_ctrl[1837]
              0.50    0.50    5.00    5.00  clk       0.00  
cp_ctrl[1838]
              0.50    0.50    5.00    5.00  clk       0.00  
cp_ctrl[1839]
              0.50    0.50    5.00    5.00  clk       0.00  
cp_ctrl[1840]
              0.50    0.50    5.00    5.00  clk       0.00  
cp_ctrl[1841]
              0.50    0.50    5.00    5.00  clk       0.00  
cp_ctrl[1842]
              0.50    0.50    5.00    5.00  clk       0.00  
cp_ctrl[1843]
              0.50    0.50    5.00    5.00  clk       0.00  
cp_ctrl[1844]
              0.50    0.50    5.00    5.00  clk       0.00  
cp_ctrl[1845]
              0.50    0.50    5.00    5.00  clk       0.00  
cp_ctrl[1846]
              0.50    0.50    5.00    5.00  clk       0.00  
cp_ctrl[1847]
              0.50    0.50    5.00    5.00  clk       0.00  
cp_ctrl[1848]
              0.50    0.50    5.00    5.00  clk       0.00  
cp_ctrl[1849]
              0.50    0.50    5.00    5.00  clk       0.00  
cp_ctrl[1850]
              0.50    0.50    5.00    5.00  clk       0.00  
cp_ctrl[1851]
              0.50    0.50    5.00    5.00  clk       0.00  
cp_ctrl[1852]
              0.50    0.50    5.00    5.00  clk       0.00  
cp_ctrl[1853]
              0.50    0.50    5.00    5.00  clk       0.00  
cp_ctrl[1854]
              0.50    0.50    5.00    5.00  clk       0.00  
cp_ctrl[1855]
              0.50    0.50    5.00    5.00  clk       0.00  
cp_ctrl[1856]
              0.50    0.50    5.00    5.00  clk       0.00  
cp_ctrl[1857]
              0.50    0.50    5.00    5.00  clk       0.00  
cp_ctrl[1858]
              0.50    0.50    5.00    5.00  clk       0.00  
cp_ctrl[1859]
              0.50    0.50    5.00    5.00  clk       0.00  
cp_ctrl[1860]
              0.50    0.50    5.00    5.00  clk       0.00  
cp_ctrl[1861]
              0.50    0.50    5.00    5.00  clk       0.00  
cp_ctrl[1862]
              0.50    0.50    5.00    5.00  clk       0.00  
cp_ctrl[1863]
              0.50    0.50    5.00    5.00  clk       0.00  
cp_ctrl[1864]
              0.50    0.50    5.00    5.00  clk       0.00  
cp_ctrl[1865]
              0.50    0.50    5.00    5.00  clk       0.00  
cp_ctrl[1866]
              0.50    0.50    5.00    5.00  clk       0.00  
cp_ctrl[1867]
              0.50    0.50    5.00    5.00  clk       0.00  
cp_ctrl[1868]
              0.50    0.50    5.00    5.00  clk       0.00  
cp_ctrl[1869]
              0.50    0.50    5.00    5.00  clk       0.00  
cp_ctrl[1870]
              0.50    0.50    5.00    5.00  clk       0.00  
cp_ctrl[1871]
              0.50    0.50    5.00    5.00  clk       0.00  
cp_ctrl[1872]
              0.50    0.50    5.00    5.00  clk       0.00  
cp_ctrl[1873]
              0.50    0.50    5.00    5.00  clk       0.00  
cp_ctrl[1874]
              0.50    0.50    5.00    5.00  clk       0.00  
cp_ctrl[1875]
              0.50    0.50    5.00    5.00  clk       0.00  
cp_ctrl[1876]
              0.50    0.50    5.00    5.00  clk       0.00  
cp_ctrl[1877]
              0.50    0.50    5.00    5.00  clk       0.00  
cp_ctrl[1878]
              0.50    0.50    5.00    5.00  clk       0.00  
cp_ctrl[1879]
              0.50    0.50    5.00    5.00  clk       0.00  
cp_ctrl[1880]
              0.50    0.50    5.00    5.00  clk       0.00  
cp_ctrl[1881]
              0.50    0.50    5.00    5.00  clk       0.00  
cp_ctrl[1882]
              0.50    0.50    5.00    5.00  clk       0.00  
cp_ctrl[1883]
              0.50    0.50    5.00    5.00  clk       0.00  
cp_ctrl[1884]
              0.50    0.50    5.00    5.00  clk       0.00  
cp_ctrl[1885]
              0.50    0.50    5.00    5.00  clk       0.00  
cp_ctrl[1886]
              0.50    0.50    5.00    5.00  clk       0.00  
cp_ctrl[1887]
              0.50    0.50    5.00    5.00  clk       0.00  
cp_ctrl[1888]
              0.50    0.50    5.00    5.00  clk       0.00  
cp_ctrl[1889]
              0.50    0.50    5.00    5.00  clk       0.00  
p_out         0.50    0.50    5.00    5.00  clk       0.00  
p_out_vld     0.50    0.50    5.00    5.00  clk       0.00  
rd_data_out   0.50    0.50    5.00    5.00  clk       0.00  
rd_vld        0.50    0.50    5.00    5.00  clk       0.00  

1
