
Cadence Innovus(TM) Implementation System.
Copyright 2019 Cadence Design Systems, Inc. All rights reserved worldwide.

Version:	v19.12-s087_1, built Mon Nov 11 17:32:01 PST 2019
Options:	-log global_ctrl.log 
Date:		Tue Apr 28 16:48:50 2026
Host:		pdk5 (x86_64 w/Linux 3.10.0-1160.102.1.el7.x86_64) (14cores*56cpus*Intel(R) Xeon(R) CPU E5-2697 v3 @ 2.60GHz 35840KB)
OS:		CentOS Linux release 7.9.2009 (Core)

License:
		invs	Innovus Implementation System	19.1	checkout succeeded
		8 CPU jobs allowed with the current license(s). Use setMultiCpuUsage to set your required CPU count.
Change the soft stacksize limit to 0.2%RAM (2062 mbytes). Set global soft_stack_size_limit to change the value.

**INFO:  MMMC transition support version v31-84 

<CMD> set_global _enable_mmmc_by_default_flow      $CTE::mmmc_default
<CMD> suppressMessage ENCEXT-2799
<CMD> getVersion
[INFO] Loading PVS  fill procedures
<CMD> win
<CMD> setMultiCpuUsage -localCpu 48
<CMD> set ::TimeLib::tsgMarkCellLatchConstructFlag 1
<CMD> set conf_qxconf_file NULL
<CMD> set conf_qxlib_file NULL
<CMD> set defHierChar /
<CMD> set distributed_client_message_echo 1
<CMD> set distributed_mmmc_disable_reports_auto_redirection 0
<CMD> set eco_post_client_restore_command {update_timing ; write_eco_opt_db ;}
<CMD> set enc_enable_print_mode_command_reset_options 1
<CMD> set init_gnd_net VSS
<CMD> set init_lef_file {  /home/yingna/project/tsmcN40_1p9m/stdcell/TSMCHOME/digital/Back_End/lef/tcbn40lpbwp_120c/lef/VHV_0d5_0/tcbn40lpbwp_9lm6X2ZRDL.lef  }
<CMD> set init_mmmc_file enc_scripts/global_ctrl/global_ctrl_mmmc.view
<CMD> set init_pwr_net H_VDD
<CMD> set init_verilog ../syn/output/global_ctrl/global_ctrl_gate.v
<CMD> set latch_time_borrow_mode max_borrow
<CMD> set pegDefaultResScaleFactor 1
<CMD> set pegDetailResScaleFactor 1
<CMD> set report_inactive_arcs_format {from to when arc_type sense reason}
<CMD> set soft_stack_size_limit 515
<CMD> set tso_post_client_restore_command {update_timing ; write_eco_opt_db ;}
<CMD> init_design
#% Begin Load MMMC data ... (date=04/28 16:49:24, mem=486.4M)
#% End Load MMMC data ... (date=04/28 16:49:24, total cpu=0:00:00.0, real=0:00:00.0, peak res=486.6M, current mem=486.6M)
slow_rc fast_rc typ_rc

Loading LEF file /home/yingna/project/tsmcN40_1p9m/stdcell/TSMCHOME/digital/Back_End/lef/tcbn40lpbwp_120c/lef/VHV_0d5_0/tcbn40lpbwp_9lm6X2ZRDL.lef ...
Set DBUPerIGU to M1 pitch 280.
**WARN: (IMPLF-200):	Pin 'I' in macro 'ANTENNABWP' has no ANTENNAGATEAREA value defined. The library data is incomplete and some process antenna rules will not be checked correctly.
Type 'man IMPLF-200' for more detail.

viaInitial starts at Tue Apr 28 16:49:24 2026
viaInitial ends at Tue Apr 28 16:49:24 2026

##  Check design process and node:  
##  Both design process and tech node are not set.

Loading view definition file from enc_scripts/global_ctrl/global_ctrl_mmmc.view
Starting library reading in 'Multi-threaded flow' (with '32' threads)
Reading fast timing library /home/yingna/project/tsmcN40_1p9m/stdcell/TSMCHOME/digital/Front_End/timing_power_noise/CCS/tcbn40lpbwp_200a/tcbn40lpbwpbc_ccs.lib.
**WARN: (TECHLIB-302):	No function defined for cell 'OD25DCAP64BWP'. The cell will only be used for analysis. (File /home/yingna/project/tsmcN40_1p9m/stdcell/TSMCHOME/digital/Front_End/timing_power_noise/CCS/tcbn40lpbwp_200a/tcbn40lpbwpbc_ccs.lib)
**WARN: (TECHLIB-302):	No function defined for cell 'OD25DCAP32BWP'. The cell will only be used for analysis. (File /home/yingna/project/tsmcN40_1p9m/stdcell/TSMCHOME/digital/Front_End/timing_power_noise/CCS/tcbn40lpbwp_200a/tcbn40lpbwpbc_ccs.lib)
**WARN: (TECHLIB-302):	No function defined for cell 'OD25DCAP16BWP'. The cell will only be used for analysis. (File /home/yingna/project/tsmcN40_1p9m/stdcell/TSMCHOME/digital/Front_End/timing_power_noise/CCS/tcbn40lpbwp_200a/tcbn40lpbwpbc_ccs.lib)
**WARN: (TECHLIB-302):	No function defined for cell 'DCAPX8BWP'. The cell will only be used for analysis. (File /home/yingna/project/tsmcN40_1p9m/stdcell/TSMCHOME/digital/Front_End/timing_power_noise/CCS/tcbn40lpbwp_200a/tcbn40lpbwpbc_ccs.lib)
**WARN: (TECHLIB-302):	No function defined for cell 'DCAPX64BWP'. The cell will only be used for analysis. (File /home/yingna/project/tsmcN40_1p9m/stdcell/TSMCHOME/digital/Front_End/timing_power_noise/CCS/tcbn40lpbwp_200a/tcbn40lpbwpbc_ccs.lib)
**WARN: (TECHLIB-302):	No function defined for cell 'DCAPX4BWP'. The cell will only be used for analysis. (File /home/yingna/project/tsmcN40_1p9m/stdcell/TSMCHOME/digital/Front_End/timing_power_noise/CCS/tcbn40lpbwp_200a/tcbn40lpbwpbc_ccs.lib)
**WARN: (TECHLIB-302):	No function defined for cell 'DCAPX32BWP'. The cell will only be used for analysis. (File /home/yingna/project/tsmcN40_1p9m/stdcell/TSMCHOME/digital/Front_End/timing_power_noise/CCS/tcbn40lpbwp_200a/tcbn40lpbwpbc_ccs.lib)
**WARN: (TECHLIB-302):	No function defined for cell 'DCAPX16BWP'. The cell will only be used for analysis. (File /home/yingna/project/tsmcN40_1p9m/stdcell/TSMCHOME/digital/Front_End/timing_power_noise/CCS/tcbn40lpbwp_200a/tcbn40lpbwpbc_ccs.lib)
**WARN: (TECHLIB-302):	No function defined for cell 'DCAPBWP'. The cell will only be used for analysis. (File /home/yingna/project/tsmcN40_1p9m/stdcell/TSMCHOME/digital/Front_End/timing_power_noise/CCS/tcbn40lpbwp_200a/tcbn40lpbwpbc_ccs.lib)
**WARN: (TECHLIB-302):	No function defined for cell 'DCAP8BWP'. The cell will only be used for analysis. (File /home/yingna/project/tsmcN40_1p9m/stdcell/TSMCHOME/digital/Front_End/timing_power_noise/CCS/tcbn40lpbwp_200a/tcbn40lpbwpbc_ccs.lib)
**WARN: (TECHLIB-302):	No function defined for cell 'DCAP64BWP'. The cell will only be used for analysis. (File /home/yingna/project/tsmcN40_1p9m/stdcell/TSMCHOME/digital/Front_End/timing_power_noise/CCS/tcbn40lpbwp_200a/tcbn40lpbwpbc_ccs.lib)
**WARN: (TECHLIB-302):	No function defined for cell 'DCAP4BWP'. The cell will only be used for analysis. (File /home/yingna/project/tsmcN40_1p9m/stdcell/TSMCHOME/digital/Front_End/timing_power_noise/CCS/tcbn40lpbwp_200a/tcbn40lpbwpbc_ccs.lib)
**WARN: (TECHLIB-302):	No function defined for cell 'DCAP32BWP'. The cell will only be used for analysis. (File /home/yingna/project/tsmcN40_1p9m/stdcell/TSMCHOME/digital/Front_End/timing_power_noise/CCS/tcbn40lpbwp_200a/tcbn40lpbwpbc_ccs.lib)
**WARN: (TECHLIB-302):	No function defined for cell 'DCAP16BWP'. The cell will only be used for analysis. (File /home/yingna/project/tsmcN40_1p9m/stdcell/TSMCHOME/digital/Front_End/timing_power_noise/CCS/tcbn40lpbwp_200a/tcbn40lpbwpbc_ccs.lib)
**WARN: (TECHLIB-302):	No function defined for cell 'ANTENNABWP'. The cell will only be used for analysis. (File /home/yingna/project/tsmcN40_1p9m/stdcell/TSMCHOME/digital/Front_End/timing_power_noise/CCS/tcbn40lpbwp_200a/tcbn40lpbwpbc_ccs.lib)
Read 836 cells in library tcbn40lpbwpbc_ccs.
Library reading multithread flow ended.
*** End library_loading (cpu=4.43min, real=0.17min, mem=131.0M, fe_cpu=4.72min, fe_real=0.73min, fe_mem=914.2M) ***
#% Begin Load netlist data ... (date=04/28 16:49:34, mem=537.9M)
*** Begin netlist parsing (mem=914.2M) ***
Created 836 new cells from 1 timing libraries.
Reading netlist ...
Backslashed names will retain backslash and a trailing blank character.
Reading verilog netlist '../syn/output/global_ctrl/global_ctrl_gate.v'

*** Memory Usage v#1 (Current mem = 914.246M, initial mem = 273.805M) ***
*** End netlist parsing (cpu=0:00:00.0, real=0:00:00.0, mem=914.2M) ***
#% End Load netlist data ... (date=04/28 16:49:34, total cpu=0:00:00.0, real=0:00:00.0, peak res=558.1M, current mem=558.1M)
Top level cell is global_ctrl.
Hooked 836 DB cells to tlib cells.
Starting recursive module instantiation check.
No recursion found.
Building hierarchical netlist for Cell global_ctrl ...
*** Netlist is unique.
** info: there are 870 modules.
** info: there are 305 stdCell insts.

*** Memory Usage v#1 (Current mem = 935.660M, initial mem = 273.805M) ***
**WARN: (IMPFP-3961):	The techSite 'gabcore' has no related standard cells in LEF/OA library. Cannot make calculations for this site type unless standard cell models of this type exist in the LEF/OA library. If the SITE is not used by the library you can ignore this warning or remove the SITE definition from the LEF/OA to avoid this message.
Type 'man IMPFP-3961' for more detail.
**WARN: (IMPFP-3961):	The techSite 'dcore' has no related standard cells in LEF/OA library. Cannot make calculations for this site type unless standard cell models of this type exist in the LEF/OA library. If the SITE is not used by the library you can ignore this warning or remove the SITE definition from the LEF/OA to avoid this message.
Type 'man IMPFP-3961' for more detail.
**WARN: (IMPFP-3961):	The techSite 'ccore' has no related standard cells in LEF/OA library. Cannot make calculations for this site type unless standard cell models of this type exist in the LEF/OA library. If the SITE is not used by the library you can ignore this warning or remove the SITE definition from the LEF/OA to avoid this message.
Type 'man IMPFP-3961' for more detail.
**WARN: (IMPFP-3961):	The techSite 'bcoreExt' has no related standard cells in LEF/OA library. Cannot make calculations for this site type unless standard cell models of this type exist in the LEF/OA library. If the SITE is not used by the library you can ignore this warning or remove the SITE definition from the LEF/OA to avoid this message.
Type 'man IMPFP-3961' for more detail.
Generated pitch 0.84 in M9 is different from 0.8 defined in technology file in preferred direction.
Generated pitch 0.84 in M8 is different from 0.8 defined in technology file in preferred direction.
Set Default Net Delay as 1000 ps.
Set Default Net Load as 0.5 pF. 
Set Default Input Pin Transition as 0.1 ps.
Extraction setup Started 
Initializing multi-corner RC extraction with 3 active RC Corners ...
Captable file(s) not specified in multi-corner setup. PreRoute extraction will use technology file. For postRoute extraction, default value for effort level would be 'medium' and effort level 'low' would not be allowed.
Generating auto layer map file.
Importing multi-corner technology file(s) for preRoute extraction...
/home_pdk5/jchen/tsmcN40_1p9m/2ndtry/pdk_install_finished/util/tn40clsp004v1_2_0b/T-N40-CL-SP-004-V1_v2.0b/RC_QRC_cln40lp_1p9m_6x2z_alrdl_5corners_2.0a1/RC_QRC_cln40lp_1p09m+alrdl_6x2z_rcbest/qrcTechFile
Generating auto layer map file.

/home_pdk5/jchen/tsmcN40_1p9m/2ndtry/pdk_install_finished/util/tn40clsp004v1_2_0b/T-N40-CL-SP-004-V1_v2.0b/RC_QRC_cln40lp_1p9m_6x2z_alrdl_5corners_2.0a1/RC_QRC_cln40lp_1p09m+alrdl_6x2z_typical/qrcTechFile
Generating auto layer map file.

/home_pdk5/jchen/tsmcN40_1p9m/2ndtry/pdk_install_finished/util/tn40clsp004v1_2_0b/T-N40-CL-SP-004-V1_v2.0b/RC_QRC_cln40lp_1p9m_6x2z_alrdl_5corners_2.0a1/RC_QRC_cln40lp_1p09m+alrdl_6x2z_rcworst/qrcTechFile
Generating auto layer map file.

Completed (cpu: 0:00:06.2 real: 0:00:04.0)
Set Shrink Factor to 0.90000 (from technology file)
Summary of Active RC-Corners : 
 
 Analysis View: fast_analysis
    RC-Corner Name        : fast_rc
    RC-Corner Index       : 0
    RC-Corner Temperature : 0 Celsius
    RC-Corner Cap Table   : ''
    RC-Corner PreRoute Res Factor         : 1
    RC-Corner PreRoute Cap Factor         : 1
    RC-Corner PostRoute Res Factor        : 1 {1 1 1}
    RC-Corner PostRoute Cap Factor        : 1 {1 1 1}
    RC-Corner PostRoute XCap Factor       : 1 {1 1 1}
    RC-Corner PreRoute Clock Res Factor   : 1	[Derived from postRoute_res (effortLevel low)]
    RC-Corner PreRoute Clock Cap Factor   : 1	[Derived from postRoute_cap (effortLevel low)]
    RC-Corner PostRoute Clock Cap Factor  : 1 {1 1 1} 	[Derived from postRoute_cap (effortLevel low)]
    RC-Corner PostRoute Clock Res Factor  : 1 {1 1 1} 	[Derived from postRoute_res (effortLevel low)]
    RC-Corner Technology file: '/home_pdk5/jchen/tsmcN40_1p9m/2ndtry/pdk_install_finished/util/tn40clsp004v1_2_0b/T-N40-CL-SP-004-V1_v2.0b/RC_QRC_cln40lp_1p9m_6x2z_alrdl_5corners_2.0a1/RC_QRC_cln40lp_1p09m+alrdl_6x2z_rcbest/qrcTechFile'
 
 Analysis View: typ_analysis
    RC-Corner Name        : typ_rc
    RC-Corner Index       : 1
    RC-Corner Temperature : 25 Celsius
    RC-Corner Cap Table   : ''
    RC-Corner PreRoute Res Factor         : 1
    RC-Corner PreRoute Cap Factor         : 1
    RC-Corner PostRoute Res Factor        : 1 {1 1 1}
    RC-Corner PostRoute Cap Factor        : 1 {1 1 1}
    RC-Corner PostRoute XCap Factor       : 1 {1 1 1}
    RC-Corner PreRoute Clock Res Factor   : 1	[Derived from postRoute_res (effortLevel low)]
    RC-Corner PreRoute Clock Cap Factor   : 1	[Derived from postRoute_cap (effortLevel low)]
    RC-Corner PostRoute Clock Cap Factor  : 1 {1 1 1} 	[Derived from postRoute_cap (effortLevel low)]
    RC-Corner PostRoute Clock Res Factor  : 1 {1 1 1} 	[Derived from postRoute_res (effortLevel low)]
    RC-Corner Technology file: '/home_pdk5/jchen/tsmcN40_1p9m/2ndtry/pdk_install_finished/util/tn40clsp004v1_2_0b/T-N40-CL-SP-004-V1_v2.0b/RC_QRC_cln40lp_1p9m_6x2z_alrdl_5corners_2.0a1/RC_QRC_cln40lp_1p09m+alrdl_6x2z_typical/qrcTechFile'
 
 Analysis View: slow_analysis
    RC-Corner Name        : slow_rc
    RC-Corner Index       : 2
    RC-Corner Temperature : 125 Celsius
    RC-Corner Cap Table   : ''
    RC-Corner PreRoute Res Factor         : 1
    RC-Corner PreRoute Cap Factor         : 1
    RC-Corner PostRoute Res Factor        : 1 {1 1 1}
    RC-Corner PostRoute Cap Factor        : 1 {1 1 1}
    RC-Corner PostRoute XCap Factor       : 1 {1 1 1}
    RC-Corner PreRoute Clock Res Factor   : 1	[Derived from postRoute_res (effortLevel low)]
    RC-Corner PreRoute Clock Cap Factor   : 1	[Derived from postRoute_cap (effortLevel low)]
    RC-Corner PostRoute Clock Cap Factor  : 1 {1 1 1} 	[Derived from postRoute_cap (effortLevel low)]
    RC-Corner PostRoute Clock Res Factor  : 1 {1 1 1} 	[Derived from postRoute_res (effortLevel low)]
    RC-Corner Technology file: '/home_pdk5/jchen/tsmcN40_1p9m/2ndtry/pdk_install_finished/util/tn40clsp004v1_2_0b/T-N40-CL-SP-004-V1_v2.0b/RC_QRC_cln40lp_1p9m_6x2z_alrdl_5corners_2.0a1/RC_QRC_cln40lp_1p09m+alrdl_6x2z_rcworst/qrcTechFile'
Updating RC grid for preRoute extraction ...
Initializing multi-corner resistance tables ...
Default value for postRoute extraction mode's effortLevel (-effortLevel option of setExtractRCMode) changed to 'medium'.
*Info: initialize multi-corner CTS.
Starting library reading in 'Multi-threaded flow' (with '32' threads)
Reading typical timing library /home/yingna/project/tsmcN40_1p9m/stdcell/TSMCHOME/digital/Front_End/timing_power_noise/CCS/tcbn40lpbwp_200a/tcbn40lpbwptc_ccs.lib.
**WARN: (TECHLIB-302):	No function defined for cell 'OD25DCAP64BWP'. The cell will only be used for analysis. (File /home/yingna/project/tsmcN40_1p9m/stdcell/TSMCHOME/digital/Front_End/timing_power_noise/CCS/tcbn40lpbwp_200a/tcbn40lpbwptc_ccs.lib)
**WARN: (TECHLIB-302):	No function defined for cell 'OD25DCAP32BWP'. The cell will only be used for analysis. (File /home/yingna/project/tsmcN40_1p9m/stdcell/TSMCHOME/digital/Front_End/timing_power_noise/CCS/tcbn40lpbwp_200a/tcbn40lpbwptc_ccs.lib)
**WARN: (TECHLIB-302):	No function defined for cell 'OD25DCAP16BWP'. The cell will only be used for analysis. (File /home/yingna/project/tsmcN40_1p9m/stdcell/TSMCHOME/digital/Front_End/timing_power_noise/CCS/tcbn40lpbwp_200a/tcbn40lpbwptc_ccs.lib)
**WARN: (TECHLIB-302):	No function defined for cell 'DCAPX8BWP'. The cell will only be used for analysis. (File /home/yingna/project/tsmcN40_1p9m/stdcell/TSMCHOME/digital/Front_End/timing_power_noise/CCS/tcbn40lpbwp_200a/tcbn40lpbwptc_ccs.lib)
**WARN: (TECHLIB-302):	No function defined for cell 'DCAPX64BWP'. The cell will only be used for analysis. (File /home/yingna/project/tsmcN40_1p9m/stdcell/TSMCHOME/digital/Front_End/timing_power_noise/CCS/tcbn40lpbwp_200a/tcbn40lpbwptc_ccs.lib)
Message <TECHLIB-302> has exceeded the message display limit of '20'. Use 'set_message -no_limit -id list_of_msgIDs' to reset the message limit.
Read 836 cells in library tcbn40lpbwptc_ccs.
Library reading multithread flow ended.
Starting library reading in 'Multi-threaded flow' (with '32' threads)
Reading slow timing library /home/yingna/project/tsmcN40_1p9m/stdcell/TSMCHOME/digital/Front_End/timing_power_noise/CCS/tcbn40lpbwp_200a/tcbn40lpbwpwc_ccs.lib.
Read 836 cells in library tcbn40lpbwpwc_ccs.
Library reading multithread flow ended.
Reading timing constraints file '../syn/output/global_ctrl/global_ctrl_rm_ideal_net.sdc' ...
Current (total cpu=0:13:39, real=0:01:09, peak res=1431.9M, current mem=941.6M)
**WARN: (TCLCMD-1461):	Skipped unsupported command: set_units (File ../syn/output/global_ctrl/global_ctrl_rm_ideal_net.sdc, Line 8).

INFO (CTE): Reading of timing constraints file ../syn/output/global_ctrl/global_ctrl_rm_ideal_net.sdc completed, with 1 WARNING
WARNING (CTE-25): Line: 9 of File ../syn/output/global_ctrl/global_ctrl_rm_ideal_net.sdc : Skipped unsupported command: set_max_area


Ending "Constraint file reading stats" (total cpu=0:00:00.1, real=0:00:01.0, peak res=984.1M, current mem=984.1M)
Current (total cpu=0:13:39, real=0:01:10, peak res=1431.9M, current mem=984.1M)
**WARN: (TA-976):	Path groups asserted by the group_path constraint are considered by the software to be global in nature - they cannot be restricted to specific constraint modes. Due to this restriction, the group_path constraint is not supported directly in the constraint files which are configured in mode-specific commands such as create_constraint_mode. The current group_path entry will be ignored. You can enter the group_path constraint interactively or as part of a general command script -  where it will be interpreted as global and will be in effect for all modes.
Total number of combinational cells: 522
Total number of sequential cells: 303
Total number of tristate cells: 11
Total number of level shifter cells: 0
Total number of power gating cells: 0
Total number of isolation cells: 0
Total number of power switch cells: 0
Total number of pulse generator cells: 0
Total number of always on buffers: 0
Total number of retention cells: 0
List of usable buffers: BUFFD1BWP BUFFD0BWP BUFFD12BWP BUFFD16BWP BUFFD2BWP BUFFD3BWP BUFFD4BWP BUFFD6BWP BUFFD8BWP CKBD1BWP CKBD0BWP CKBD12BWP CKBD16BWP CKBD2BWP CKBD3BWP CKBD4BWP CKBD6BWP CKBD8BWP DCCKBD12BWP DCCKBD16BWP DCCKBD4BWP DCCKBD8BWP DEL025D1BWP
Total number of usable buffers: 23
List of unusable buffers: BUFFD20BWP BUFFD24BWP CKBD20BWP CKBD24BWP DCCKBD20BWP GBUFFD1BWP GBUFFD3BWP GBUFFD2BWP GBUFFD4BWP GBUFFD8BWP
Total number of unusable buffers: 10
List of usable inverters: CKND1BWP CKND0BWP CKND12BWP CKND16BWP CKND2BWP CKND3BWP CKND4BWP CKND6BWP CKND8BWP DCCKND12BWP DCCKND16BWP DCCKND4BWP DCCKND8BWP INVD1BWP INVD0BWP INVD12BWP INVD16BWP INVD2BWP INVD3BWP INVD4BWP INVD6BWP INVD8BWP
Total number of usable inverters: 22
List of unusable inverters: CKND20BWP CKND24BWP DCCKND20BWP GINVD2BWP GINVD1BWP GINVD4BWP GINVD3BWP GINVD8BWP INVD20BWP INVD24BWP
Total number of unusable inverters: 10
List of identified usable delay cells: DEL050D1BWP DEL075D1BWP DEL100D1BWP DEL125D1BWP DEL175D1BWP DEL150D1BWP DEL1D1BWP DEL1P5D1BWP DEL225D1BWP DEL200D1BWP DEL250D1BWP DEL2D1BWP DEL500D1BWP
Total number of identified usable delay cells: 13
List of identified unusable delay cells:
Total number of identified unusable delay cells: 0

*** Summary of all messages that are not suppressed in this session:
Severity  ID               Count  Summary                                  
WARNING   IMPLF-200            1  Pin '%s' in macro '%s' has no ANTENNAGAT...
WARNING   IMPFP-3961           4  The techSite '%s' has no related standar...
WARNING   TA-976               1  Path groups asserted by the group_path c...
WARNING   TCLCMD-1461          1  Skipped unsupported command: %s          
WARNING   TECHLIB-302         45  No function defined for cell '%s'. The c...
*** Message Summary: 52 warning(s), 0 error(s)

<CMD> floorPlan -site core -s 296 4 2 2 2 2 -noSnapToGrid
**WARN: (IMPFP-3961):	The techSite 'gabcore' has no related standard cells in LEF/OA library. Cannot make calculations for this site type unless standard cell models of this type exist in the LEF/OA library. If the SITE is not used by the library you can ignore this warning or remove the SITE definition from the LEF/OA to avoid this message.
Type 'man IMPFP-3961' for more detail.
**WARN: (IMPFP-3961):	The techSite 'dcore' has no related standard cells in LEF/OA library. Cannot make calculations for this site type unless standard cell models of this type exist in the LEF/OA library. If the SITE is not used by the library you can ignore this warning or remove the SITE definition from the LEF/OA to avoid this message.
Type 'man IMPFP-3961' for more detail.
**WARN: (IMPFP-3961):	The techSite 'ccore' has no related standard cells in LEF/OA library. Cannot make calculations for this site type unless standard cell models of this type exist in the LEF/OA library. If the SITE is not used by the library you can ignore this warning or remove the SITE definition from the LEF/OA to avoid this message.
Type 'man IMPFP-3961' for more detail.
**WARN: (IMPFP-3961):	The techSite 'bcoreExt' has no related standard cells in LEF/OA library. Cannot make calculations for this site type unless standard cell models of this type exist in the LEF/OA library. If the SITE is not used by the library you can ignore this warning or remove the SITE definition from the LEF/OA to avoid this message.
Type 'man IMPFP-3961' for more detail.
Generated pitch 0.84 in M9 is different from 0.8 defined in technology file in preferred direction.
Generated pitch 0.84 in M8 is different from 0.8 defined in technology file in preferred direction.
**WARN: (IMPFP-325):	Floorplan of the design is resized. All current floorplan objects are automatically derived based on specified new floorplan. This may change blocks, fixed standard cells, existing routes and blockages.
<CMD> setDesignMode -process 40
##  Process: 40            (User Set)               
##     Node: (not set)                           

##  Check design process and node:  
##  Design tech node is not set.

Applying the recommended capacitance filtering threshold values for 40nm process node: total_c_th=0, relative_c_th=1 and coupling_c_th=0.1.
	These values will be used by all post-route extraction engines, including TQuantus, IQuantus and Quantus QRC extraction.
	Capacitance filtering mode(-capFilterMode option of the setExtractRCMode) is 'relAndCoup' for all engines.
	The accuracy mode for postRoute effortLevel low extraction will be set to 'high'.
	Default value for EffortLevel(-effortLevel option of the setExtractRCMode) in postRoute extraction mode is 'medium'.
<CMD> setPinAssignMode -pinEditInBatch true
<CMD> editPin -pinWidth 0.2 -pinDepth 0.2 -fixedPin 1 -snap USERGRID -fixOverlap 1 -unit MICRON -spreadDirection clockwise -side left -layer 4 -spreadType start -spacing 0.5 -start 0.1 1.0 -pin {clk rstn p_en en_g wr_data_in_g  rd_vld_g rd_data_out_g p_out_vld_g p_out_g}
Fixing pin overlap option is turned OFF. Automatic tool checks for overlap only for snap to TRACK.
Successfully spread [9] pins.
editPin : finished (cpu = 0:00:00.0 real = 0:00:00.0, mem = 1273.3M).
<CMD> editPin -pinWidth 0.2 -pinDepth 0.2 -fixedPin 1 -snap USERGRID -fixOverlap 0 -unit MICRON -spreadDirection counterclockwise -side bottom -layer 4 -spreadType start -spacing 1.1 -start 0.1 0 -pin {couple_en wr_data_in_g_d2}
Successfully spread [2] pins.
editPin : finished (cpu = 0:00:00.0 real = 0:00:00.0, mem = 1273.3M).
<CMD> editPin -pinWidth 0.2 -pinDepth 0.2 -fixedPin 1 -snap USERGRID -fixOverlap 1 -unit MICRON -spreadDirection counterclockwise -side bottom -layer 4 -spreadType start -spacing 1.1 -start 25.55 0 -pin {{wr_vld_bus[0]} {rd_rdy_bus[0]} {rd_vld_bus[0]} {rd_data_out_bus[0]} {p_code_vld_bus[0]} {p_out_vld_bus[0]} {p_out_bus[0]}}
Fixing pin overlap option is turned OFF. Automatic tool checks for overlap only for snap to TRACK.
Successfully spread [7] pins.
editPin : finished (cpu = 0:00:00.0 real = 0:00:00.0, mem = 1273.3M).
<CMD> editPin -pinWidth 0.2 -pinDepth 0.2 -fixedPin 1 -snap USERGRID -fixOverlap 1 -unit MICRON -spreadDirection counterclockwise -side bottom -layer 4 -spreadType start -spacing 1.1 -start 62.8 0 -pin {{wr_vld_bus[1]} {rd_rdy_bus[1]} {rd_vld_bus[1]} {rd_data_out_bus[1]} {p_code_vld_bus[1]} {p_out_vld_bus[1]} {p_out_bus[1]}}
Fixing pin overlap option is turned OFF. Automatic tool checks for overlap only for snap to TRACK.
Successfully spread [7] pins.
editPin : finished (cpu = 0:00:00.0 real = 0:00:00.0, mem = 1273.3M).
<CMD> editPin -pinWidth 0.2 -pinDepth 0.2 -fixedPin 1 -snap USERGRID -fixOverlap 1 -unit MICRON -spreadDirection counterclockwise -side bottom -layer 4 -spreadType start -spacing 1.1 -start 100.05 0 -pin {{wr_vld_bus[2]} {rd_rdy_bus[2]} {rd_vld_bus[2]} {rd_data_out_bus[2]} {p_code_vld_bus[2]} {p_out_vld_bus[2]} {p_out_bus[2]}}
Fixing pin overlap option is turned OFF. Automatic tool checks for overlap only for snap to TRACK.
Successfully spread [7] pins.
editPin : finished (cpu = 0:00:00.0 real = 0:00:00.0, mem = 1273.3M).
<CMD> editPin -pinWidth 0.2 -pinDepth 0.2 -fixedPin 1 -snap USERGRID -fixOverlap 1 -unit MICRON -spreadDirection counterclockwise -side bottom -layer 4 -spreadType start -spacing 1.1 -start 137.3 0 -pin {{wr_vld_bus[3]} {rd_rdy_bus[3]} {rd_vld_bus[3]} {rd_data_out_bus[3]} {p_code_vld_bus[3]} {p_out_vld_bus[3]} {p_out_bus[3]}}
Fixing pin overlap option is turned OFF. Automatic tool checks for overlap only for snap to TRACK.
Successfully spread [7] pins.
editPin : finished (cpu = 0:00:00.0 real = 0:00:00.0, mem = 1273.3M).
<CMD> editPin -pinWidth 0.2 -pinDepth 0.2 -fixedPin 1 -snap USERGRID -fixOverlap 1 -unit MICRON -spreadDirection counterclockwise -side bottom -layer 4 -spreadType start -spacing 1.1 -start 174.55 0 -pin {{wr_vld_bus[4]} {rd_rdy_bus[4]} {rd_vld_bus[4]} {rd_data_out_bus[4]} {p_code_vld_bus[4]} {p_out_vld_bus[4]} {p_out_bus[4]}}
Fixing pin overlap option is turned OFF. Automatic tool checks for overlap only for snap to TRACK.
Successfully spread [7] pins.
editPin : finished (cpu = 0:00:00.0 real = 0:00:00.0, mem = 1273.3M).
<CMD> editPin -pinWidth 0.2 -pinDepth 0.2 -fixedPin 1 -snap USERGRID -fixOverlap 1 -unit MICRON -spreadDirection counterclockwise -side bottom -layer 4 -spreadType start -spacing 1.1 -start 211.8 0 -pin {{wr_vld_bus[5]} {rd_rdy_bus[5]} {rd_vld_bus[5]} {rd_data_out_bus[5]} {p_code_vld_bus[5]} {p_out_vld_bus[5]} {p_out_bus[5]}}
Fixing pin overlap option is turned OFF. Automatic tool checks for overlap only for snap to TRACK.
Successfully spread [7] pins.
editPin : finished (cpu = 0:00:00.0 real = 0:00:00.0, mem = 1273.3M).
<CMD> editPin -pinWidth 0.2 -pinDepth 0.2 -fixedPin 1 -snap USERGRID -fixOverlap 1 -unit MICRON -spreadDirection counterclockwise -side bottom -layer 4 -spreadType start -spacing 1.1 -start 249.05 0 -pin {{wr_vld_bus[6]} {rd_rdy_bus[6]} {rd_vld_bus[6]} {rd_data_out_bus[6]} {p_code_vld_bus[6]} {p_out_vld_bus[6]} {p_out_bus[6]}}
Fixing pin overlap option is turned OFF. Automatic tool checks for overlap only for snap to TRACK.
Successfully spread [7] pins.
editPin : finished (cpu = 0:00:00.0 real = 0:00:00.0, mem = 1273.3M).
<CMD> editPin -pinWidth 0.2 -pinDepth 0.2 -fixedPin 1 -snap USERGRID -fixOverlap 1 -unit MICRON -spreadDirection counterclockwise -side bottom -layer 4 -spreadType start -spacing 1.1 -start 286.3 0 -pin {{wr_vld_bus[7]} {rd_rdy_bus[7]} {rd_vld_bus[7]} {rd_data_out_bus[7]} {p_code_vld_bus[7]} {p_out_vld_bus[7]} {p_out_bus[7]}}
Fixing pin overlap option is turned OFF. Automatic tool checks for overlap only for snap to TRACK.
Successfully spread [7] pins.
editPin : finished (cpu = 0:00:00.0 real = 0:00:00.0, mem = 1273.3M).
<CMD> setPinAssignMode -pinEditInBatch false
<CMD> clearGlobalNets
net ignore based on current view = 0
<CMD> globalNetConnect H_VDD -type pgpin -pin VDD -inst * -module {}
<CMD> globalNetConnect VSS -type pgpin -pin VSS -inst * -module {}
<CMD> setAddRingMode -ring_target default -extend_over_row 0 -ignore_rows 0 -avoid_short 0 -skip_crossing_trunks none -stacked_via_top_layer AP -stacked_via_bottom_layer M1 -via_using_exact_crossover_size 1 -orthogonal_only true -skip_via_on_pin {  standardcell } -skip_via_on_wire_shape {  noshape }
The ring targets are set to core/block ring wires.
addRing command will consider rows while creating rings.
addRing command will disallow rings to go over rows.
addRing command will ignore shorts while creating rings.
<CMD> addRing -nets {H_VDD VSS} -type core_rings -follow core -layer {top M4 bottom M4 left M3 right M3} -width {top 0.4 bottom 0.4 left 0.4 right 0.4} -spacing {top 0.4 bottom 0.4 left 0.4 right 0.4} -offset {top 0 bottom 0 left 0 right 0} -center 1 -threshold 0 -jog_distance 0 -snap_wire_center_to_grid None
#% Begin addRing (date=04/28 16:50:00, mem=992.8M)

Loading cell geometries (cpu: 0:00:00.0, real: 0:00:00.0, peak mem: 1267.3M)
**WARN: (IMPPP-193):	The currently specified top spacing 0.400000  might create min enclosed area violation. The required min enclosed area for layer M4 is 0.200000. If violation happens, increase the spacing to around 0.497214. The recommended spacing is the square root of min enclosure area.
**WARN: (IMPPP-193):	The currently specified bottom spacing 0.400000  might create min enclosed area violation. The required min enclosed area for layer M4 is 0.200000. If violation happens, increase the spacing to around 0.497214. The recommended spacing is the square root of min enclosure area.
**WARN: (IMPPP-193):	The currently specified left spacing 0.400000  might create min enclosed area violation. The required min enclosed area for layer M3 is 0.200000. If violation happens, increase the spacing to around 0.497214. The recommended spacing is the square root of min enclosure area.
**WARN: (IMPPP-193):	The currently specified right spacing 0.400000  might create min enclosed area violation. The required min enclosed area for layer M3 is 0.200000. If violation happens, increase the spacing to around 0.497214. The recommended spacing is the square root of min enclosure area.
Ring generation is complete.
vias are now being generated.
addRing created 8 wires.
ViaGen created 8 vias, deleted 0 via to avoid violation.
+--------+----------------+----------------+
|  Layer |     Created    |     Deleted    |
+--------+----------------+----------------+
|   M3   |        4       |       NA       |
|  VIA3  |        8       |        0       |
|   M4   |        4       |       NA       |
+--------+----------------+----------------+
#% End addRing (date=04/28 16:50:00, total cpu=0:00:00.0, real=0:00:00.0, peak res=994.5M, current mem=994.5M)
<CMD> verifyConnectivity -error 10000
VERIFY_CONNECTIVITY use new engine.

******** Start: VERIFY CONNECTIVITY ********
Start Time: Tue Apr 28 16:50:00 2026

Design Name: global_ctrl
Database Units: 2000
Design Boundary: (0.0000, 0.0000) (300.0000, 8.0000)
Error Limit = 10000; Warning Limit = 50
Check all nets
Use 48 pthreads
**WARN: (IMPVFC-96):	Instance pin A3 of net rd_vld_bus[7] has not been placed. Please make sure instance U343 is placed and rerun verifyConnectivity.
**WARN: (IMPVFC-96):	Instance pin ZN of net p_code_vld_bus[7] has not been placed. Please make sure instance U150 is placed and rerun verifyConnectivity.
**WARN: (IMPVFC-96):	Instance pin A2 of net rd_vld_bus[6] has not been placed. Please make sure instance U339 is placed and rerun verifyConnectivity.
**WARN: (IMPVFC-96):	Instance pin I of net n288 has not been placed. Please make sure instance U165 is placed and rerun verifyConnectivity.
**WARN: (IMPVFC-96):	Instance pin ZN of net p_code_vld_bus[6] has not been placed. Please make sure instance U152 is placed and rerun verifyConnectivity.
**WARN: (IMPVFC-96):	Instance pin Q of net n288 has not been placed. Please make sure instance p_out_g_reg is placed and rerun verifyConnectivity.
**WARN: (IMPVFC-96):	Instance pin B2 of net rd_vld_bus[5] has not been placed. Please make sure instance U341 is placed and rerun verifyConnectivity.
**WARN: (IMPVFC-96):	Instance pin A2 of net en_g_d1 has not been placed. Please make sure instance U293 is placed and rerun verifyConnectivity.
**WARN: (IMPVFC-96):	Instance pin ZN of net n1520 has not been placed. Please make sure instance U256 is placed and rerun verifyConnectivity.
**WARN: (IMPVFC-96):	Instance pin D of net n1520 has not been placed. Please make sure instance rd_rdy_bus_reg_2_ is placed and rerun verifyConnectivity.
**WARN: (IMPVFC-96):	Instance pin ZN of net p_code_vld_bus[5] has not been placed. Please make sure instance U154 is placed and rerun verifyConnectivity.
**WARN: (IMPVFC-96):	Instance pin Q of net en_g_d1 has not been placed. Please make sure instance en_g_d1_reg is placed and rerun verifyConnectivity.
**WARN: (IMPVFC-96):	Instance pin ZN of net n1530 has not been placed. Please make sure instance U237 is placed and rerun verifyConnectivity.
**WARN: (IMPVFC-96):	Instance pin D of net n1530 has not been placed. Please make sure instance wr_vld_bus_reg_3_ is placed and rerun verifyConnectivity.
**WARN: (IMPVFC-96):	Instance pin D of net wr_data_in_g_d1 has not been placed. Please make sure instance wr_data_in_g_d2_reg is placed and rerun verifyConnectivity.
**WARN: (IMPVFC-96):	Instance pin A2 of net rd_vld_bus[3] has not been placed. Please make sure instance U340 is placed and rerun verifyConnectivity.
**WARN: (IMPVFC-96):	Instance pin B2 of net rd_vld_bus[4] has not been placed. Please make sure instance U338 is placed and rerun verifyConnectivity.
**WARN: (EMS-27):	Message (IMPVFC-96) has exceeded the current message display limit of 20.
To increase the message display limit, refer to the product command reference manual.
**WARN: (IMPVFC-96):	Instance pin I of net n146 has not been placed. Please make sure instance U200 is placed and rerun verifyConnectivity.
**WARN: (IMPVFC-96):	Instance pin A2 of net rd_vld_bus[2] has not been placed. Please make sure instance U337 is placed and rerun verifyConnectivity.
**WARN: (EMS-27):	Message (IMPVFC-96) has exceeded the current message display limit of 20.
To increase the message display limit, refer to the product command reference manual.
**WARN: (EMS-27):	Message (IMPVFC-96) has exceeded the current message display limit of 20.
To increase the message display limit, refer to the product command reference manual.
**WARN: (IMPVFC-96):	Instance pin I of net n144 has not been placed. Please make sure instance U198 is placed and rerun verifyConnectivity.
**WARN: (EMS-27):	Message (IMPVFC-96) has exceeded the current message display limit of 20.
To increase the message display limit, refer to the product command reference manual.

Begin Summary 
  Found no problems or warnings.
End Summary

End Time: Tue Apr 28 16:50:00 2026
Time Elapsed: 0:00:00.0

******** End: VERIFY CONNECTIVITY ********
  Verification Complete : 0 Viols.  0 Wrngs.
  (CPU Time: 0:00:00.1  MEM: 0.000M)

<CMD> addWellTap -cell TAPCELLBWP -cellInterval 40 -prefix WELLTAP
Estimated cell power/ground rail width = 0.158 um
**WARN: (IMPSP-5134):	Setting cellInterval to 39.900 (microns) as a multiple of cell TAPCELLBWP's techSite 'core' width of 0.140 microns
Type 'man IMPSP-5134' for more detail.
For 24 new insts, *** Applied 2 GNC rules (cpu = 0:00:00.0)
Inserted 24 well-taps <TAPCELLBWP> cells (prefix WELLTAP).
<CMD> verifyWellTap -rule 40
**ERROR: (IMPVFG-131):	Cannot find well-tap cell.
**ERROR: (IMPVFG-139):	verifyWellTap is not completed.
<CMD> deselectAll
<CMD> setSrouteMode -viaConnectToShape { noshape }
<CMD> sroute -connect { corePin } -layerChangeRange { M1(1) M4(4) } -blockPinTarget { nearestTarget } -corePinTarget { blockring ring } -allowJogging 1 -crossoverViaLayerRange { M1(1) M4(4) } -nets { H_VDD VSS } -allowLayerChange 1 -targetViaLayerRange { M1(1) M4(4) }
#% Begin sroute (date=04/28 16:50:00, mem=996.7M)
**WARN: (IMPSR-4058):	Sroute option: blockPinTarget should be used in conjunction with option: -connect blockPin. 
*** Begin SPECIAL ROUTE on Tue Apr 28 16:50:00 2026 ***
SPECIAL ROUTE ran on directory: /home/yingna/project/MBPM/main/enc
SPECIAL ROUTE ran on machine: pdk5 (Linux 3.10.0-1160.102.1.el7.x86_64 Xeon 1.25Ghz)

Begin option processing ...
srouteConnectPowerBump set to false
routeSelectNet set to "H_VDD VSS"
routeSpecial set to true
srouteBottomLayerLimit set to 1
srouteBottomTargetLayerLimit set to 1
srouteConnectBlockPin set to false
srouteConnectConverterPin set to false
srouteConnectPadPin set to false
srouteConnectStripe set to false
srouteCorePinTarget set to "blockring ring"
srouteCrossoverViaBottomLayer set to 1
srouteCrossoverViaTopLayer set to 4
srouteFollowCorePinEnd set to 3
srouteFollowPadPin set to false
srouteJogControl set to "preferWithChanges differentLayer"
srouteNoViaOnWireShape set to "padring ring stripe blockring blockpin coverpin blockwire corewire followpin iowire"
sroutePadPinAllPorts set to true
sroutePreserveExistingRoutes set to true
srouteRoutePowerBarPortOnBothDir set to true
srouteStopBlockPin set to "nearestTarget"
srouteTopLayerLimit set to 4
srouteTopTargetLayerLimit set to 4
End option processing: cpu: 0:00:00, real: 0:00:00, peak: 3242.00 megs.

Reading DB technology information...
Finished reading DB technology information.
Reading floorplan and netlist information...
Finished reading floorplan and netlist information.
**WARN: (IMPSR-4302):	Cap-table/qrcTechFile is found in the design, so the same information from the technology file will be ignored.
Read in 21 layers, 10 routing layers, 1 overlap layer
Read in 869 macros, 27 used
Read in 50 components
  50 core components: 26 unplaced, 0 placed, 24 fixed
Read in 67 physical pins
  67 physical pins: 0 unplaced, 0 placed, 67 fixed
Read in 67 nets
Read in 2 special nets, 2 routed
Read in 167 terminals
2 nets selected.

Begin power routing ...
CPU time for FollowPin 0 seconds
CPU time for FollowPin 0 seconds
  Number of Core ports routed: 8
  Number of Followpin connections: 4
End power routing: cpu: 0:00:00, real: 0:00:00, peak: 3248.00 megs.



 Begin updating DB with routing results ...
 Updating DB with 67 io pins ...
 Updating DB with 0 via definition ...Extracting standard cell pins and blockage ...... 
Pin and blockage extraction finished

sroute created 12 wires.
ViaGen created 16 vias, deleted 0 via to avoid violation.
+--------+----------------+----------------+
|  Layer |     Created    |     Deleted    |
+--------+----------------+----------------+
|   M1   |       12       |       NA       |
|  VIA1  |        8       |        0       |
|  VIA2  |        8       |        0       |
+--------+----------------+----------------+
#% End sroute (date=04/28 16:50:00, total cpu=0:00:00.4, real=0:00:01.0, peak res=1009.4M, current mem=1009.4M)
<CMD> setAddStripeMode -ignore_block_check false -break_at none -route_over_rows_only false -rows_without_stripes_only false -extend_to_closest_target none -stop_at_last_wire_for_area false -partial_set_thru_domain false -ignore_nondefault_domains false -trim_antenna_back_to_shape none -spacing_type edge_to_edge -spacing_from_block 0 -stripe_min_length stripe_width -stacked_via_top_layer AP -stacked_via_bottom_layer M2 -via_using_exact_crossover_size false -split_vias false -orthogonal_only true -allow_jog { padcore_ring  block_ring } -skip_via_on_pin {  standardcell } -skip_via_on_wire_shape {  noshape   }
addStripe will allow jog to connect padcore ring and block ring.

Stripes will stop at the boundary of the specified area.
When breaking rings, the power planner will consider the existence of blocks.
Stripes will not extend to closest target.
The power planner will set stripe antenna targets to none (no trimming allowed).
Stripes will not be created over regions without power planning wires.
The entire stripe set will break at the domain if one of the nets is not in the domain.
addStripe will break automatically at non-default domains when generating global stripes over the core area or default domain.
Offset for stripe breaking is set to 0.
<CMD> addStripe -nets {H_VDD VSS} -layer M3 -direction vertical -width .17 -spacing 3 -set_to_set_distance 100 -start_from left -switch_layer_over_obs false -max_same_layer_jog_length 2 -padcore_ring_top_layer_limit AP -padcore_ring_bottom_layer_limit M1 -block_ring_top_layer_limit AP -block_ring_bottom_layer_limit M1 -use_wire_group 0 -snap_wire_center_to_grid None
#% Begin addStripe (date=04/28 16:50:01, mem=1009.4M)

Initialize fgc environment(mem: 1271.6M) ...  fail and won't use fgc to check drc(cpu: 0:00:00.0, real: 0:00:00.0, peak mem: 1271.6M)
Loading cell geometries (cpu: 0:00:00.0, real: 0:00:00.0, peak mem: 1271.6M)
Loading wires (cpu: 0:00:00.0, real: 0:00:00.0, peak mem: 1271.6M)
Loading via instances (cpu: 0:00:00.0, real: 0:00:00.0, peak mem: 1271.6M)
Starting stripe generation ...
Non-Default Mode Option Settings :
  NONE
**WARN: (IMPPP-4055):	The run time of addStripe will degrade with multiple cpu setting according to the number of stripe sets, ignore the setting of setMultiCpuUsage in addStripe.
Type 'man IMPPP-4055' for more detail.
Stripe generation is complete.
vias are now being generated.
addStripe created 6 wires.
ViaGen created 12 vias, deleted 0 via to avoid violation.
+--------+----------------+----------------+
|  Layer |     Created    |     Deleted    |
+--------+----------------+----------------+
|   M3   |        6       |       NA       |
|  VIA3  |       12       |        0       |
+--------+----------------+----------------+
#% End addStripe (date=04/28 16:50:01, total cpu=0:00:00.1, real=0:00:00.0, peak res=1010.5M, current mem=1010.5M)
<CMD> set_global timing_set_clock_source_to_output_as_data true
<CMD> setPlaceMode -place_global_cong_effort high
<CMD> setPlaceMode -place_global_max_density 0.7
<CMD> place_opt_design
No user sequential activity specified, applying default sequential activity of "0.2" for Dynamic Power reporting.
'set_default_switching_activity' finished successfully.
*** Starting GigaPlace ***
**INFO: user set placement options
setPlaceMode -place_global_cong_effort high -place_global_max_density 0.7
**INFO: user set opt options
-place_design_floorplan_mode false         # bool, default=false
*** Start deleteBufferTree ***
Total CPU(s) requested: 48
Total CPU(s) enabled with current License(s): 8
Current free CPU(s): 8
Additional license(s) checked out: 5 Innovus_CPU_Opt license(s) for 40 CPU(s)
Total CPU(s) now enabled: 48
Multithreaded Timing Analysis is initialized with 48 threads

Info: Detect buffers to remove automatically.
Analyzing netlist ...
Updating netlist
AAE DB initialization (MEM=2219.41 CPU=0:00:00.3 REAL=0:00:00.0) 
siFlow : Timing analysis mode is single, using late cdB files

*summary: 60 instances (buffers/inverters) removed
*** Finish deleteBufferTree (0:00:02.9) ***
Effort level <high> specified for tdgp_reg2reg_default path_group
Deleted 0 physical inst  (cell - / prefix -).
Did not delete 24 physical insts as they were marked preplaced.
INFO: #ExclusiveGroups=0
INFO: There are no Exclusive Groups.
No user-set net weight.
Net fanout histogram:
2		: 167 (59.2%) nets
3		: 41 (14.5%) nets
4     -	14	: 72 (25.5%) nets
15    -	39	: 0 (0.0%) nets
40    -	79	: 2 (0.7%) nets
80    -	159	: 0 (0.0%) nets
160   -	319	: 0 (0.0%) nets
320   -	639	: 0 (0.0%) nets
640   -	1279	: 0 (0.0%) nets
1280  -	2559	: 0 (0.0%) nets
2560  -	5119	: 0 (0.0%) nets
5120+		: 0 (0.0%) nets
Options: timingDriven clkGateAware ignoreScan pinGuide congEffort=high gpeffort=medium 
Scan chains were not defined.
#std cell=269 (24 fixed + 245 movable) #buf cell=0 #inv cell=27 #block=0 (0 floating + 0 preplaced)
#ioInst=0 #net=282 #term=959 #term/net=3.40, #fixedIo=0, #floatIo=0, #fixedPin=67, #floatPin=0
stdCell: 269 single + 0 double + 0 multi
Total standard cell length = 0.3758 (mm), area = 0.0005 (mm^2)
Average module density = 0.639.
Density for the design = 0.639.
       = stdcell_area 2588 sites (457 um^2) / alloc_area 4052 sites (715 um^2).
Pin Density = 0.1512.
            = total # of pins 959 / total area 6342.
Enabling multi-CPU acceleration with 48 CPU(s) for placement
=== lastAutoLevel = 9 
Clock gating cells determined by native netlist tracing.
Init WL Bound For Global Placement... 
Iteration  1: Total net bbox = 7.463e+03 (7.19e+03 2.70e+02)
              Est.  stn bbox = 7.994e+03 (7.71e+03 2.82e+02)
              cpu = 0:00:00.2 real = 0:00:00.0 mem = 2857.0M
Iteration  2: Total net bbox = 7.463e+03 (7.19e+03 2.70e+02)
              Est.  stn bbox = 7.994e+03 (7.71e+03 2.82e+02)
              cpu = 0:00:00.0 real = 0:00:00.0 mem = 2857.0M
*** Finished SKP initialization (cpu=0:00:10.4, real=0:00:08.0)***

Active views After View pruning: 
slow_analysis
Iteration  3: Total net bbox = 6.477e+03 (6.29e+03 1.88e+02)
              Est.  stn bbox = 7.137e+03 (6.94e+03 1.96e+02)
              cpu = 0:00:11.2 real = 0:00:09.0 mem = 5559.6M
Iteration  4: Total net bbox = 7.883e+03 (7.60e+03 2.84e+02)
              Est.  stn bbox = 8.885e+03 (8.58e+03 3.00e+02)
              cpu = 0:00:02.0 real = 0:00:00.0 mem = 5559.6M
Iteration  5: Total net bbox = 7.883e+03 (7.60e+03 2.84e+02)
              Est.  stn bbox = 8.885e+03 (8.58e+03 3.00e+02)
              cpu = 0:00:00.0 real = 0:00:00.0 mem = 5559.6M
Iteration  6: Total net bbox = 8.064e+03 (7.77e+03 2.97e+02)
              Est.  stn bbox = 9.122e+03 (8.81e+03 3.14e+02)
              cpu = 0:00:01.0 real = 0:00:01.0 mem = 6327.7M
Iteration  7: Total net bbox = 8.086e+03 (7.79e+03 2.97e+02)
              Est.  stn bbox = 9.159e+03 (8.85e+03 3.13e+02)
              cpu = 0:00:00.8 real = 0:00:00.0 mem = 6327.7M
Iteration  8: Total net bbox = 8.004e+03 (7.84e+03 1.69e+02)
              Est.  stn bbox = 9.082e+03 (8.91e+03 1.76e+02)
              cpu = 0:00:00.5 real = 0:00:00.0 mem = 6327.7M
Iteration  9: Total net bbox = 7.809e+03 (7.55e+03 2.58e+02)
              Est.  stn bbox = 8.841e+03 (8.57e+03 2.69e+02)
              cpu = 0:00:16.0 real = 0:00:06.0 mem = 6359.7M
Iteration 10: Total net bbox = 7.948e+03 (7.52e+03 4.29e+02)
              Est.  stn bbox = 8.964e+03 (8.51e+03 4.50e+02)
              cpu = 0:00:06.1 real = 0:00:02.0 mem = 6359.7M
Iteration 11: Total net bbox = 7.987e+03 (7.54e+03 4.46e+02)
              Est.  stn bbox = 9.007e+03 (8.54e+03 4.68e+02)
              cpu = 0:00:02.2 real = 0:00:01.0 mem = 6359.7M
Iteration 12: Total net bbox = 8.011e+03 (7.57e+03 4.44e+02)
              Est.  stn bbox = 9.035e+03 (8.57e+03 4.66e+02)
              cpu = 0:00:00.3 real = 0:00:00.0 mem = 5079.4M
Iteration 13: Total net bbox = 8.011e+03 (7.57e+03 4.44e+02)
              Est.  stn bbox = 9.035e+03 (8.57e+03 4.66e+02)
              cpu = 0:00:00.0 real = 0:00:00.0 mem = 5079.4M
Finished Global Placement (cpu=0:00:40.9, real=0:00:20.0, mem=5079.4M)
0 delay mode for cte disabled.
Info: 0 clock gating cells identified, 0 (on average) moved 0/2
**WARN: (IMPSP-9025):	No scan chain specified/traced.
Type 'man IMPSP-9025' for more detail.
*** Starting refinePlace (0:14:29 mem=3126.7M) ***
Total net bbox length = 8.011e+03 (7.567e+03 4.442e+02) (ext = 3.273e+03)
Move report: Detail placement moves 245 insts, mean move: 0.65 um, max move: 6.90 um
	Max move on inst (rd_rdy_bus_reg_1_): (69.07, 4.21) --> (62.48, 4.52)
	Runtime: CPU: 0:00:00.2 REAL: 0:00:00.0 MEM: 3126.7MB
Summary Report:
Instances move: 245 (out of 245 movable)
Instances flipped: 0
Mean displacement: 0.65 um
Max displacement: 6.90 um (Instance: rd_rdy_bus_reg_1_) (69.0665, 4.2055) -> (62.48, 4.52)
	Length: 23 sites, height: 1 rows, site name: core, cell type: DFCNQD1BWP
Total net bbox length = 7.900e+03 (7.389e+03 5.110e+02) (ext = 3.221e+03)
Runtime: CPU: 0:00:00.2 REAL: 0:00:00.0 MEM: 3126.7MB
*** Finished refinePlace (0:14:29 mem=3126.7M) ***
*** Finished Initial Placement (cpu=0:00:44.3, real=0:00:20.0, mem=3126.6M) ***
Effort level <high> specified for tdgp_reg2reg_default path_group

*** Start incrementalPlace ***
Init WL Bound for IncrIp in placeDesign ... 
SKP will enable view:
  slow_analysis
[NR-eGR] Track table information for default rule: 
[NR-eGR] M1 has no routable track
[NR-eGR] M2 has single uniform track structure
[NR-eGR] M3 has single uniform track structure
[NR-eGR] M4 has single uniform track structure
[NR-eGR] M5 has single uniform track structure
[NR-eGR] M6 has single uniform track structure
[NR-eGR] M7 has single uniform track structure
[NR-eGR] M8 has single uniform track structure
[NR-eGR] M9 has single uniform track structure
[NR-eGR] AP has single uniform track structure
[NR-eGR] Started Read PG Shapes ( Curr Mem: 3128.65 MB )
[NR-eGR] Read 78 PG shapes
[NR-eGR] Finished Read PG Shapes ( CPU: 0.00 sec, Real: 0.00 sec, Curr Mem: 3128.65 MB )
[NR-eGR] #Routing Blockages  : 0
[NR-eGR] #Instance Blockages : 0
[NR-eGR] #PG Blockages       : 78
[NR-eGR] #Bump Blockages     : 0
[NR-eGR] #Boundary Blockages : 0
[NR-eGR] Num Prerouted Nets = 0  Num Prerouted Wires = 0
[NR-eGR] Read numTotalNets=282  numIgnoredNets=0
[NR-eGR] There are 1 clock nets ( 0 with NDR ).
[NR-eGR] ============ Routing rule table ============
[NR-eGR] Rule id: 0  Nets: 282 
[NR-eGR] ========================================
[NR-eGR] 
[NR-eGR] Layer group 1: route 282 net(s) in layer range [2, 10]
[NR-eGR] earlyGlobalRoute overflow of layer group 1: 0.00% H + 0.00% V. EstWL: 7.945560e+03um
[NR-eGR] 
[NR-eGR] Congestion Analysis By layer: (blocked Gcells are excluded) 
[NR-eGR]                        OverCon            
[NR-eGR]                         #Gcell     %Gcell
[NR-eGR]       Layer                (0)    OverCon 
[NR-eGR] ----------------------------------------------
[NR-eGR]      M1  (1)         0( 0.00%)   ( 0.00%) 
[NR-eGR]      M2  (2)         0( 0.00%)   ( 0.00%) 
[NR-eGR]      M3  (3)         0( 0.00%)   ( 0.00%) 
[NR-eGR]      M4  (4)         0( 0.00%)   ( 0.00%) 
[NR-eGR]      M5  (5)         0( 0.00%)   ( 0.00%) 
[NR-eGR]      M6  (6)         0( 0.00%)   ( 0.00%) 
[NR-eGR]      M7  (7)         0( 0.00%)   ( 0.00%) 
[NR-eGR]      M8  (8)         0( 0.00%)   ( 0.00%) 
[NR-eGR]      M9  (9)         0( 0.00%)   ( 0.00%) 
[NR-eGR]      AP (10)         0( 0.00%)   ( 0.00%) 
[NR-eGR] ----------------------------------------------
[NR-eGR] Total                0( 0.00%)   ( 0.00%) 
[NR-eGR] 
[NR-eGR] Overflow after earlyGlobalRoute (GR compatible) 0.00% H + 0.00% V
[NR-eGR] Overflow after earlyGlobalRoute 0.00% H + 0.00% V
Early Global Route congestion estimation runtime: 0.55 seconds, mem = 3128.7M
Local HotSpot Analysis: normalized max congestion hotspot area = 0.00, normalized total congestion hotspot area = 0.00 (area is in unit of 4 std-cell row bins)
Skipped repairing congestion.
[NR-eGR] --------------------------------------------------------------------------
[NR-eGR]     M1  (1F) length: 0.000000e+00um, number of vias: 892
[NR-eGR]     M2  (2H) length: 3.539830e+03um, number of vias: 1561
[NR-eGR]     M3  (3V) length: 6.707400e+02um, number of vias: 143
[NR-eGR]     M4  (4H) length: 2.486220e+03um, number of vias: 68
[NR-eGR]     M5  (5V) length: 6.790000e+01um, number of vias: 22
[NR-eGR]     M6  (6H) length: 1.417080e+03um, number of vias: 0
[NR-eGR]     M7  (7V) length: 0.000000e+00um, number of vias: 0
[NR-eGR]     M8  (8H) length: 0.000000e+00um, number of vias: 0
[NR-eGR]     M9  (9V) length: 0.000000e+00um, number of vias: 0
[NR-eGR]     AP (10H) length: 0.000000e+00um, number of vias: 0
[NR-eGR] Total length: 8.181770e+03um, number of vias: 2686
[NR-eGR] --------------------------------------------------------------------------
[NR-eGR] Total eGR-routed clock nets wire length: 3.576900e+02um 
[NR-eGR] --------------------------------------------------------------------------
Early Global Route wiring runtime: 0.19 seconds, mem = 3124.7M
Tdgp not successfully inited but do clear!
0 delay mode for cte disabled.

*** Finished incrementalPlace (cpu=0:00:00.8, real=0:00:01.0)***
Tdgp not successfully inited but do clear!
0 delay mode for cte disabled.
**placeDesign ... cpu = 0: 0:50, real = 0: 0:24, mem = 3124.7M **
**optDesign ... cpu = 0:00:00, real = 0:00:00, mem = 1959.6M, totSessionCpu=0:14:31 **
**INFO: setDesignMode -flowEffort standard -> setting 'setOptMode -allEndPoints true' for the duration of this command.
GigaOpt running with 48 threads.
Updating RC grid for preRoute extraction ...
Initializing multi-corner resistance tables ...
Setting timing_disable_library_data_to_data_checks to 'true'.
Setting timing_disable_user_data_to_data_checks to 'true'.
**optDesign ... cpu = 0:00:02, real = 0:00:02, mem = 1966.0M, totSessionCpu=0:14:33 **
*** optDesign -preCTS ***
DRC Margin: user margin 0.0; extra margin 0.2
Setup Target Slack: user slack 0; extra slack 0.0
Hold Target Slack: user slack 0
**WARN: (IMPOPT-3195):	Analysis mode has changed.
Type 'man IMPOPT-3195' for more detail.
Multi-VT timing optimization disabled based on library information.
[NR-eGR] Started Early Global Route kernel ( Curr Mem: 3125.67 MB )
[NR-eGR] Track table information for default rule: 
[NR-eGR] M1 has no routable track
[NR-eGR] M2 has single uniform track structure
[NR-eGR] M3 has single uniform track structure
[NR-eGR] M4 has single uniform track structure
[NR-eGR] M5 has single uniform track structure
[NR-eGR] M6 has single uniform track structure
[NR-eGR] M7 has single uniform track structure
[NR-eGR] M8 has single uniform track structure
[NR-eGR] M9 has single uniform track structure
[NR-eGR] AP has single uniform track structure
[NR-eGR] Started Read PG Shapes ( Curr Mem: 3125.67 MB )
[NR-eGR] Read 78 PG shapes
[NR-eGR] Finished Read PG Shapes ( CPU: 0.00 sec, Real: 0.00 sec, Curr Mem: 3125.67 MB )
[NR-eGR] #Routing Blockages  : 0
[NR-eGR] #Instance Blockages : 0
[NR-eGR] #PG Blockages       : 78
[NR-eGR] #Bump Blockages     : 0
[NR-eGR] #Boundary Blockages : 0
[NR-eGR] Num Prerouted Nets = 0  Num Prerouted Wires = 0
[NR-eGR] Read numTotalNets=282  numIgnoredNets=0
[NR-eGR] There are 1 clock nets ( 0 with NDR ).
[NR-eGR] ============ Routing rule table ============
[NR-eGR] Rule id: 0  Nets: 282 
[NR-eGR] ========================================
[NR-eGR] 
[NR-eGR] Layer group 1: route 282 net(s) in layer range [2, 10]
[NR-eGR] earlyGlobalRoute overflow of layer group 1: 0.00% H + 0.00% V. EstWL: 7.953120e+03um
[NR-eGR] 
[NR-eGR] Congestion Analysis By layer: (blocked Gcells are excluded) 
[NR-eGR]                        OverCon            
[NR-eGR]                         #Gcell     %Gcell
[NR-eGR]       Layer                (0)    OverCon 
[NR-eGR] ----------------------------------------------
[NR-eGR]      M1  (1)         0( 0.00%)   ( 0.00%) 
[NR-eGR]      M2  (2)         0( 0.00%)   ( 0.00%) 
[NR-eGR]      M3  (3)         0( 0.00%)   ( 0.00%) 
[NR-eGR]      M4  (4)         0( 0.00%)   ( 0.00%) 
[NR-eGR]      M5  (5)         0( 0.00%)   ( 0.00%) 
[NR-eGR]      M6  (6)         0( 0.00%)   ( 0.00%) 
[NR-eGR]      M7  (7)         0( 0.00%)   ( 0.00%) 
[NR-eGR]      M8  (8)         0( 0.00%)   ( 0.00%) 
[NR-eGR]      M9  (9)         0( 0.00%)   ( 0.00%) 
[NR-eGR]      AP (10)         0( 0.00%)   ( 0.00%) 
[NR-eGR] ----------------------------------------------
[NR-eGR] Total                0( 0.00%)   ( 0.00%) 
[NR-eGR] 
[NR-eGR] Overflow after earlyGlobalRoute (GR compatible) 0.00% H + 0.00% V
[NR-eGR] Overflow after earlyGlobalRoute 0.00% H + 0.00% V
[NR-eGR] --------------------------------------------------------------------------
[NR-eGR]     M1  (1F) length: 0.000000e+00um, number of vias: 892
[NR-eGR]     M2  (2H) length: 3.561250e+03um, number of vias: 1569
[NR-eGR]     M3  (3V) length: 6.655600e+02um, number of vias: 145
[NR-eGR]     M4  (4H) length: 2.594580e+03um, number of vias: 66
[NR-eGR]     M5  (5V) length: 6.762000e+01um, number of vias: 20
[NR-eGR]     M6  (6H) length: 1.297520e+03um, number of vias: 0
[NR-eGR]     M7  (7V) length: 0.000000e+00um, number of vias: 0
[NR-eGR]     M8  (8H) length: 0.000000e+00um, number of vias: 0
[NR-eGR]     M9  (9V) length: 0.000000e+00um, number of vias: 0
[NR-eGR]     AP (10H) length: 0.000000e+00um, number of vias: 0
[NR-eGR] Total length: 8.186530e+03um, number of vias: 2692
[NR-eGR] --------------------------------------------------------------------------
[NR-eGR] Total eGR-routed clock nets wire length: 3.623100e+02um 
[NR-eGR] --------------------------------------------------------------------------
[NR-eGR] Finished Early Global Route kernel ( CPU: 0.81 sec, Real: 0.10 sec, Curr Mem: 3123.68 MB )
Extraction called for design 'global_ctrl' of instances=269 and nets=284 using extraction engine 'preRoute' .
PreRoute RC Extraction called for design global_ctrl.
RC Extraction called in multi-corner(3) mode.
RCMode: PreRoute
      RC Corner Indexes            0       1       2   
Capacitance Scaling Factor   : 1.00000 1.00000 1.00000 
Resistance Scaling Factor    : 1.00000 1.00000 1.00000 
Clock Cap. Scaling Factor    : 1.00000 1.00000 1.00000 
Clock Res. Scaling Factor    : 1.00000 1.00000 1.00000 
Shrink Factor                : 0.90000
PreRoute extraction is honoring NDR/Shielding/ExtraSpace for clock nets.
Using Quantus QRC technology file ...
Updating RC grid for preRoute extraction ...
Initializing multi-corner resistance tables ...
PreRoute RC Extraction DONE (CPU Time: 0:00:00.0  Real Time: 0:00:00.0  MEM: 3123.680M)
Starting delay calculation for Setup views
#################################################################################
# Design Stage: PreRoute
# Design Name: global_ctrl
# Design Mode: 40nm
# Analysis Mode: MMMC Non-OCV 
# Parasitics Mode: No SPEF/RCDB
# Signoff Settings: SI Off 
#################################################################################
Calculate delays in Single mode...
Calculate delays in Single mode...
Calculate delays in Single mode...
Start delay calculation (fullDC) (48 T). (MEM=3545.77)
Total number of fetched objects 282
Total number of fetched objects 282
Total number of fetched objects 282
End delay calculation. (MEM=4658.9 CPU=0:00:02.6 REAL=0:00:00.0)
End delay calculation (fullDC). (MEM=4478.28 CPU=0:00:06.1 REAL=0:00:04.0)
*** Done Building Timing Graph (cpu=0:00:08.4 real=0:00:04.0 totSessionCpu=0:14:44 mem=3589.3M)

------------------------------------------------------------
             Initial Summary                             
------------------------------------------------------------

Setup views included:
 fast_analysis typ_analysis slow_analysis 

+--------------------+---------+
|     Setup mode     |   all   |
+--------------------+---------+
|           WNS (ns):|  2.905  |
|           TNS (ns):|  0.000  |
|    Violating Paths:|    0    |
|          All Paths:|   105   |
+--------------------+---------+

+----------------+-------------------------------+------------------+
|                |              Real             |       Total      |
|    DRVs        +------------------+------------+------------------|
|                |  Nr nets(terms)  | Worst Vio  |  Nr nets(terms)  |
+----------------+------------------+------------+------------------+
|   max_cap      |     42 (42)      |   -0.074   |     42 (42)      |
|   max_tran     |     42 (65)      |   -1.363   |     43 (171)     |
|   max_fanout   |      0 (0)       |     0      |      0 (0)       |
|   max_length   |      0 (0)       |     0      |      0 (0)       |
+----------------+------------------+------------+------------------+

Density: 41.435%
------------------------------------------------------------
**optDesign ... cpu = 0:00:14, real = 0:00:08, mem = 2341.9M, totSessionCpu=0:14:44 **
** INFO : this run is activating medium effort placeOptDesign flow
*** Starting optimizing excluded clock nets MEM= 3620.2M) ***
*info: No excluded clock nets to be optimized.
*** Finished optimizing excluded clock nets (CPU Time= 0:00:00.0  MEM= 3620.2M) ***
The useful skew maximum allowed delay is: 0.3

Optimization is working on the following views:
  Setup views: slow_analysis 
  Hold  views: slow_analysis 
Info: 1 clock net  excluded from IPO operation.
*** AreaOpt [begin] : cpu/real = 0:00:00.0/0:00:00.0 (0.0), totSession cpu/real = 0:14:45.0/0:01:42.8 (8.6), mem = 3589.7M

Footprint cell information for calculating maxBufDist
*info: There are 20 candidate Buffer cells
*info: There are 20 candidate Inverter cells


Netlist preparation processing... 
Removed 0 instance
*info: Marking 0 isolation instances dont touch
*info: Marking 0 level shifter instances dont touch
*** AreaOpt [finish] : cpu/real = 0:00:02.9/0:00:02.7 (1.1), totSession cpu/real = 0:14:47.9/0:01:45.4 (8.4), mem = 3779.8M
Begin: GigaOpt high fanout net optimization
Info: 1 clock net  excluded from IPO operation.
*** DrvOpt [begin] : cpu/real = 0:00:00.0/0:00:00.0 (0.0), totSession cpu/real = 0:14:48.0/0:01:45.5 (8.4), mem = 3702.3M
*** DrvOpt [finish] : cpu/real = 0:00:03.1/0:00:02.9 (1.0), totSession cpu/real = 0:14:51.1/0:01:48.5 (8.2), mem = 3700.8M
End: GigaOpt high fanout net optimization
Begin: GigaOpt DRV Optimization
Info: 1 clock net  excluded from IPO operation.
*** DrvOpt [begin] : cpu/real = 0:00:00.0/0:00:00.0 (0.0), totSession cpu/real = 0:14:51.1/0:01:48.5 (8.2), mem = 3700.8M
+-------------------------------------------------------------------------------------------------------------------------------------------------------+
|        max-tran       |        max-cap        |  max-fanout |  max-length |       setup       |        |        |        |       |          |         |
+-------------------------------------------------------------------------------------------------------------------------------------------------------+
| nets | terms|  wViol  | nets | terms|  wViol  | nets | terms| nets | terms|   WNS   |   TNS   |  #Buf  |  #Inv  | #Resize|Density|   Real   |   Mem   |
+-------------------------------------------------------------------------------------------------------------------------------------------------------+
|    45|   109|    -1.62|    43|    43|    -0.08|     0|     0|     0|     0|     2.91|     0.00|       0|       0|       0|  41.43|          |         |
|    31|    73|    -0.09|     0|     0|     0.00|     0|     0|     0|     0|     3.58|     0.00|      33|       0|      11|  48.08| 0:00:00.0|  6950.0M|
|     0|     0|     0.00|     0|     0|     0.00|     0|     0|     0|     0|     3.58|     0.00|       0|       0|      31|  50.03| 0:00:00.0|  6969.0M|
+-------------------------------------------------------------------------------------------------------------------------------------------------------+
**** Begin NDR-Layer Usage Statistics ****
0 Ndr or Layer constraints added by optimization 
**** End NDR-Layer Usage Statistics ****

*** Finish DRV Fixing (cpu=0:00:01.6 real=0:00:01.0 mem=6969.0M) ***

*** DrvOpt [finish] : cpu/real = 0:00:03.7/0:00:02.5 (1.5), totSession cpu/real = 0:14:54.8/0:01:51.0 (8.1), mem = 4676.4M
End: GigaOpt DRV Optimization
**optDesign ... cpu = 0:00:24, real = 0:00:17, mem = 2524.1M, totSessionCpu=0:14:55 **

Active setup views:
 slow_analysis
  Dominating endpoints: 0
  Dominating TNS: -0.000

Begin: GigaOpt Global Optimization
*info: use new DP (enabled)
Info: 1 clock net  excluded from IPO operation.
*** SetupOpt [begin] : cpu/real = 0:00:00.0/0:00:00.0 (0.0), totSession cpu/real = 0:14:55.0/0:01:51.1 (8.1), mem = 3879.4M
*info: 1 clock net excluded
*info: 2 special nets excluded.
*info: 2 no-driver nets excluded.
** GigaOpt Global Opt WNS Slack 0.000  TNS Slack 0.000 
+--------+--------+----------+------------+--------+-------------+---------+----------------------------+
|  WNS   |  TNS   | Density  |    Real    |  Mem   | Worst View  |Pathgroup|         End Point          |
+--------+--------+----------+------------+--------+-------------+---------+----------------------------+
|   0.000|   0.000|    50.03%|   0:00:00.0| 5281.5M|slow_analysis|       NA| NA                         |
+--------+--------+----------+------------+--------+-------------+---------+----------------------------+

*** Finish pre-CTS Global Setup Fixing (cpu=0:00:00.0 real=0:00:00.0 mem=5281.5M) ***

*** Finish pre-CTS Setup Fixing (cpu=0:00:00.0 real=0:00:00.0 mem=5281.5M) ***
**** Begin NDR-Layer Usage Statistics ****
0 Ndr or Layer constraints added by optimization 
**** End NDR-Layer Usage Statistics ****
** GigaOpt Global Opt End WNS Slack 0.000  TNS Slack 0.000 
*** SetupOpt [finish] : cpu/real = 0:00:08.4/0:00:07.7 (1.1), totSession cpu/real = 0:15:03.3/0:01:58.8 (7.6), mem = 4078.4M
End: GigaOpt Global Optimization
*** Timing Is met
*** Check timing (0:00:00.0)
Info: 1 clock net  excluded from IPO operation.
Begin: Area Reclaim Optimization
*** AreaOpt [begin] : cpu/real = 0:00:00.0/0:00:00.0 (0.0), totSession cpu/real = 0:15:04.8/0:02:00.1 (7.5), mem = 5131.0M
Reclaim Optimization WNS Slack 0.000  TNS Slack 0.000 Density 50.03
+----------+---------+--------+--------+------------+--------+
| Density  | Commits |  WNS   |  TNS   |    Real    |  Mem   |
+----------+---------+--------+--------+------------+--------+
|    50.03%|        -|   0.000|   0.000|   0:00:00.0| 5131.1M|
|    50.03%|        0|   0.000|   0.000|   0:00:00.0| 5131.1M|
|    50.03%|        0|   0.000|   0.000|   0:00:00.0| 6046.8M|
|    49.94%|        2|   0.000|   0.000|   0:00:00.0| 6161.3M|
|    49.94%|        0|   0.000|   0.000|   0:00:00.0| 6161.3M|
|    49.94%|        0|   0.000|   0.000|   0:00:00.0| 6161.3M|
+----------+---------+--------+--------+------------+--------+
Reclaim Optimization End WNS Slack 0.000  TNS Slack 0.000 Density 49.94
**** Begin NDR-Layer Usage Statistics ****
0 Ndr or Layer constraints added by optimization 
**** End NDR-Layer Usage Statistics ****
End: Core Area Reclaim Optimization (cpu = 0:00:02.2) (real = 0:00:02.0) **
*** AreaOpt [finish] : cpu/real = 0:00:01.1/0:00:00.9 (1.3), totSession cpu/real = 0:15:05.9/0:02:00.9 (7.5), mem = 6161.3M
Executing incremental physical updates
Executing incremental physical updates
End: Area Reclaim Optimization (cpu=0:00:02, real=0:00:02, mem=3931.62M, totSessionCpu=0:15:06).

*** Start incrementalPlace ***
Collecting buffer chain nets ...
SKP will enable view:
  slow_analysis
[NR-eGR] Track table information for default rule: 
[NR-eGR] M1 has no routable track
[NR-eGR] M2 has single uniform track structure
[NR-eGR] M3 has single uniform track structure
[NR-eGR] M4 has single uniform track structure
[NR-eGR] M5 has single uniform track structure
[NR-eGR] M6 has single uniform track structure
[NR-eGR] M7 has single uniform track structure
[NR-eGR] M8 has single uniform track structure
[NR-eGR] M9 has single uniform track structure
[NR-eGR] AP has single uniform track structure
[NR-eGR] Started Read PG Shapes ( Curr Mem: 3933.62 MB )
[NR-eGR] Read 78 PG shapes
[NR-eGR] Finished Read PG Shapes ( CPU: 0.00 sec, Real: 0.00 sec, Curr Mem: 3933.62 MB )
[NR-eGR] #Routing Blockages  : 0
[NR-eGR] #Instance Blockages : 0
[NR-eGR] #PG Blockages       : 78
[NR-eGR] #Bump Blockages     : 0
[NR-eGR] #Boundary Blockages : 0
[NR-eGR] Num Prerouted Nets = 0  Num Prerouted Wires = 0
[NR-eGR] Read numTotalNets=315  numIgnoredNets=0
[NR-eGR] There are 1 clock nets ( 0 with NDR ).
[NR-eGR] ============ Routing rule table ============
[NR-eGR] Rule id: 0  Nets: 315 
[NR-eGR] ========================================
[NR-eGR] 
[NR-eGR] Layer group 1: route 315 net(s) in layer range [2, 10]
[NR-eGR] earlyGlobalRoute overflow of layer group 1: 0.00% H + 0.00% V. EstWL: 7.988400e+03um
[NR-eGR] 
[NR-eGR] Congestion Analysis By layer: (blocked Gcells are excluded) 
[NR-eGR]                        OverCon            
[NR-eGR]                         #Gcell     %Gcell
[NR-eGR]       Layer                (0)    OverCon 
[NR-eGR] ----------------------------------------------
[NR-eGR]      M1  (1)         0( 0.00%)   ( 0.00%) 
[NR-eGR]      M2  (2)         0( 0.00%)   ( 0.00%) 
[NR-eGR]      M3  (3)         0( 0.00%)   ( 0.00%) 
[NR-eGR]      M4  (4)         0( 0.00%)   ( 0.00%) 
[NR-eGR]      M5  (5)         0( 0.00%)   ( 0.00%) 
[NR-eGR]      M6  (6)         0( 0.00%)   ( 0.00%) 
[NR-eGR]      M7  (7)         0( 0.00%)   ( 0.00%) 
[NR-eGR]      M8  (8)         0( 0.00%)   ( 0.00%) 
[NR-eGR]      M9  (9)         0( 0.00%)   ( 0.00%) 
[NR-eGR]      AP (10)         0( 0.00%)   ( 0.00%) 
[NR-eGR] ----------------------------------------------
[NR-eGR] Total                0( 0.00%)   ( 0.00%) 
[NR-eGR] 
[NR-eGR] Overflow after earlyGlobalRoute (GR compatible) 0.00% H + 0.00% V
[NR-eGR] Overflow after earlyGlobalRoute 0.00% H + 0.00% V
Early Global Route congestion estimation runtime: 0.54 seconds, mem = 3935.1M
Local HotSpot Analysis: normalized max congestion hotspot area = 0.00, normalized total congestion hotspot area = 0.00 (area is in unit of 4 std-cell row bins)

=== incrementalPlace Internal Loop 1 ===
*** Finished SKP initialization (cpu=0:00:00.6, real=0:00:01.0)***
Iteration  7: Total net bbox = 7.987e+03 (7.82e+03 1.67e+02)
              Est.  stn bbox = 8.977e+03 (8.80e+03 1.73e+02)
              cpu = 0:00:01.1 real = 0:00:00.0 mem = 6319.5M
Iteration  8: Total net bbox = 7.989e+03 (7.82e+03 1.69e+02)
              Est.  stn bbox = 8.987e+03 (8.81e+03 1.75e+02)
              cpu = 0:00:00.6 real = 0:00:01.0 mem = 6319.5M
Iteration  9: Total net bbox = 8.090e+03 (7.81e+03 2.79e+02)
              Est.  stn bbox = 9.084e+03 (8.79e+03 2.92e+02)
              cpu = 0:00:02.3 real = 0:00:00.0 mem = 6319.5M
Iteration 10: Total net bbox = 8.078e+03 (7.61e+03 4.63e+02)
              Est.  stn bbox = 9.051e+03 (8.57e+03 4.85e+02)
              cpu = 0:00:04.8 real = 0:00:02.0 mem = 6351.5M
Iteration 11: Total net bbox = 8.108e+03 (7.63e+03 4.80e+02)
              Est.  stn bbox = 9.083e+03 (8.58e+03 5.03e+02)
              cpu = 0:00:02.5 real = 0:00:01.0 mem = 6351.5M
Move report: Timing Driven Placement moves 278 insts, mean move: 5.35 um, max move: 17.50 um
	Max move on inst (U278): (252.60, 4.52) --> (267.68, 2.09)

Finished Incremental Placement (cpu=0:00:12.9, real=0:00:05.0, mem=5071.2M)
**WARN: (IMPSP-9025):	No scan chain specified/traced.
Type 'man IMPSP-9025' for more detail.
*** Starting refinePlace (0:15:20 mem=5071.2M) ***
Total net bbox length = 8.134e+03 (7.655e+03 4.797e+02) (ext = 2.733e+03)
Move report: Detail placement moves 278 insts, mean move: 0.72 um, max move: 7.71 um
	Max move on inst (U229): (184.63, 2.08) --> (177.00, 2.00)
	Runtime: CPU: 0:00:00.2 REAL: 0:00:01.0 MEM: 5071.2MB
Summary Report:
Instances move: 278 (out of 278 movable)
Instances flipped: 0
Mean displacement: 0.72 um
Max displacement: 7.71 um (Instance: U229) (184.629, 2.085) -> (177, 2)
	Length: 4 sites, height: 1 rows, site name: core, cell type: NR2D1BWP
Total net bbox length = 7.970e+03 (7.424e+03 5.454e+02) (ext = 2.723e+03)
Runtime: CPU: 0:00:00.2 REAL: 0:00:01.0 MEM: 5071.2MB
*** Finished refinePlace (0:15:20 mem=5071.2M) ***
[NR-eGR] Track table information for default rule: 
[NR-eGR] M1 has no routable track
[NR-eGR] M2 has single uniform track structure
[NR-eGR] M3 has single uniform track structure
[NR-eGR] M4 has single uniform track structure
[NR-eGR] M5 has single uniform track structure
[NR-eGR] M6 has single uniform track structure
[NR-eGR] M7 has single uniform track structure
[NR-eGR] M8 has single uniform track structure
[NR-eGR] M9 has single uniform track structure
[NR-eGR] AP has single uniform track structure
[NR-eGR] Started Read PG Shapes ( Curr Mem: 5071.18 MB )
[NR-eGR] Read 78 PG shapes
[NR-eGR] Finished Read PG Shapes ( CPU: 0.00 sec, Real: 0.00 sec, Curr Mem: 5071.18 MB )
[NR-eGR] #Routing Blockages  : 0
[NR-eGR] #Instance Blockages : 0
[NR-eGR] #PG Blockages       : 78
[NR-eGR] #Bump Blockages     : 0
[NR-eGR] #Boundary Blockages : 0
[NR-eGR] Num Prerouted Nets = 0  Num Prerouted Wires = 0
[NR-eGR] Read numTotalNets=315  numIgnoredNets=0
[NR-eGR] There are 1 clock nets ( 0 with NDR ).
[NR-eGR] ============ Routing rule table ============
[NR-eGR] Rule id: 0  Nets: 315 
[NR-eGR] ========================================
[NR-eGR] 
[NR-eGR] Layer group 1: route 315 net(s) in layer range [2, 10]
[NR-eGR] earlyGlobalRoute overflow of layer group 1: 0.00% H + 0.00% V. EstWL: 8.022420e+03um
[NR-eGR] 
[NR-eGR] Congestion Analysis By layer: (blocked Gcells are excluded) 
[NR-eGR]                        OverCon            
[NR-eGR]                         #Gcell     %Gcell
[NR-eGR]       Layer                (0)    OverCon 
[NR-eGR] ----------------------------------------------
[NR-eGR]      M1  (1)         0( 0.00%)   ( 0.00%) 
[NR-eGR]      M2  (2)         0( 0.00%)   ( 0.00%) 
[NR-eGR]      M3  (3)         0( 0.00%)   ( 0.00%) 
[NR-eGR]      M4  (4)         0( 0.00%)   ( 0.00%) 
[NR-eGR]      M5  (5)         0( 0.00%)   ( 0.00%) 
[NR-eGR]      M6  (6)         0( 0.00%)   ( 0.00%) 
[NR-eGR]      M7  (7)         0( 0.00%)   ( 0.00%) 
[NR-eGR]      M8  (8)         0( 0.00%)   ( 0.00%) 
[NR-eGR]      M9  (9)         0( 0.00%)   ( 0.00%) 
[NR-eGR]      AP (10)         0( 0.00%)   ( 0.00%) 
[NR-eGR] ----------------------------------------------
[NR-eGR] Total                0( 0.00%)   ( 0.00%) 
[NR-eGR] 
[NR-eGR] Overflow after earlyGlobalRoute (GR compatible) 0.00% H + 0.00% V
[NR-eGR] Overflow after earlyGlobalRoute 0.00% H + 0.00% V
Early Global Route congestion estimation runtime: 0.49 seconds, mem = 5071.2M
Local HotSpot Analysis: normalized max congestion hotspot area = 0.00, normalized total congestion hotspot area = 0.00 (area is in unit of 4 std-cell row bins)
[NR-eGR] --------------------------------------------------------------------------
[NR-eGR]     M1  (1F) length: 0.000000e+00um, number of vias: 958
[NR-eGR]     M2  (2H) length: 3.429660e+03um, number of vias: 1530
[NR-eGR]     M3  (3V) length: 7.074200e+02um, number of vias: 180
[NR-eGR]     M4  (4H) length: 2.295550e+03um, number of vias: 74
[NR-eGR]     M5  (5V) length: 7.224000e+01um, number of vias: 28
[NR-eGR]     M6  (6H) length: 1.750420e+03um, number of vias: 0
[NR-eGR]     M7  (7V) length: 0.000000e+00um, number of vias: 0
[NR-eGR]     M8  (8H) length: 0.000000e+00um, number of vias: 0
[NR-eGR]     M9  (9V) length: 0.000000e+00um, number of vias: 0
[NR-eGR]     AP (10H) length: 0.000000e+00um, number of vias: 0
[NR-eGR] Total length: 8.255290e+03um, number of vias: 2770
[NR-eGR] --------------------------------------------------------------------------
[NR-eGR] Total eGR-routed clock nets wire length: 3.736500e+02um 
[NR-eGR] --------------------------------------------------------------------------
Early Global Route wiring runtime: 0.18 seconds, mem = 5071.2M
0 delay mode for cte disabled.

*** Finished incrementalPlace (cpu=0:00:15.1, real=0:00:06.0)***
Start to check current routing status for nets...
All nets are already routed correctly.
End to check current routing status for nets (mem=3518.6M)
Extraction called for design 'global_ctrl' of instances=302 and nets=317 using extraction engine 'preRoute' .
PreRoute RC Extraction called for design global_ctrl.
RC Extraction called in multi-corner(3) mode.
RCMode: PreRoute
      RC Corner Indexes            0       1       2   
Capacitance Scaling Factor   : 1.00000 1.00000 1.00000 
Resistance Scaling Factor    : 1.00000 1.00000 1.00000 
Clock Cap. Scaling Factor    : 1.00000 1.00000 1.00000 
Clock Res. Scaling Factor    : 1.00000 1.00000 1.00000 
Shrink Factor                : 0.90000
PreRoute extraction is honoring NDR/Shielding/ExtraSpace for clock nets.
Using Quantus QRC technology file ...
Updating RC grid for preRoute extraction ...
Initializing multi-corner resistance tables ...
PreRoute RC Extraction DONE (CPU Time: 0:00:00.0  Real Time: 0:00:00.0  MEM: 3518.594M)
Compute RC Scale Done ...
**optDesign ... cpu = 0:00:51, real = 0:00:33, mem = 2088.1M, totSessionCpu=0:15:21 **
#################################################################################
# Design Stage: PreRoute
# Design Name: global_ctrl
# Design Mode: 40nm
# Analysis Mode: MMMC Non-OCV 
# Parasitics Mode: No SPEF/RCDB
# Signoff Settings: SI Off 
#################################################################################
Calculate delays in Single mode...
Start delay calculation (fullDC) (48 T). (MEM=3797.36)
Total number of fetched objects 315
End delay calculation. (MEM=4737.38 CPU=0:00:00.8 REAL=0:00:00.0)
End delay calculation (fullDC). (MEM=4737.38 CPU=0:00:01.2 REAL=0:00:01.0)
*** Timing Is met
*** Check timing (0:00:00.0)
*** Timing Is met
*** Check timing (0:00:00.0)
Info: 1 clock net  excluded from IPO operation.
Begin: Area Reclaim Optimization
*** AreaOpt [begin] : cpu/real = 0:00:00.0/0:00:00.0 (0.0), totSession cpu/real = 0:15:25.5/0:02:08.4 (7.2), mem = 5027.1M
Reclaim Optimization WNS Slack 0.000  TNS Slack 0.000 Density 49.94
+----------+---------+--------+--------+------------+--------+
| Density  | Commits |  WNS   |  TNS   |    Real    |  Mem   |
+----------+---------+--------+--------+------------+--------+
|    49.94%|        -|   0.000|   0.000|   0:00:00.0| 5027.1M|
|    49.94%|        0|   0.000|   0.000|   0:00:00.0| 5027.1M|
|    49.94%|        0|   0.000|   0.000|   0:00:00.0| 5945.1M|
|    49.86%|        1|   0.000|   0.000|   0:00:00.0| 6069.6M|
|    49.86%|        0|   0.000|   0.000|   0:00:00.0| 6069.6M|
|    49.86%|        0|   0.000|   0.000|   0:00:00.0| 6069.6M|
+----------+---------+--------+--------+------------+--------+
Reclaim Optimization End WNS Slack 0.000  TNS Slack 0.000 Density 49.86
**** Begin NDR-Layer Usage Statistics ****
0 Ndr or Layer constraints added by optimization 
**** End NDR-Layer Usage Statistics ****
End: Core Area Reclaim Optimization (cpu = 0:00:01.3) (real = 0:00:01.0) **
*** Starting refinePlace (0:15:27 mem=6069.6M) ***
Total net bbox length = 7.970e+03 (7.425e+03 5.454e+02) (ext = 2.723e+03)
Move report: Detail placement moves 0 insts, mean move: 0.00 um, max move: 0.00 um
	Runtime: CPU: 0:00:00.0 REAL: 0:00:00.0 MEM: 6069.6MB
Summary Report:
Instances move: 0 (out of 278 movable)
Instances flipped: 0
Mean displacement: 0.00 um
Max displacement: 0.00 um 
Total net bbox length = 7.970e+03 (7.425e+03 5.454e+02) (ext = 2.723e+03)
Runtime: CPU: 0:00:00.0 REAL: 0:00:00.0 MEM: 6069.6MB
*** Finished refinePlace (0:15:27 mem=6069.6M) ***
*** maximum move = 0.00 um ***
*** Finished re-routing un-routed nets (6069.6M) ***

*** Finish Physical Update (cpu=0:00:00.4 real=0:00:01.0 mem=6069.6M) ***
*** AreaOpt [finish] : cpu/real = 0:00:01.6/0:00:01.4 (1.2), totSession cpu/real = 0:15:27.1/0:02:09.8 (7.1), mem = 6069.6M
End: Area Reclaim Optimization (cpu=0:00:02, real=0:00:02, mem=3840.46M, totSessionCpu=0:15:27).

Active setup views:
 slow_analysis
  Dominating endpoints: 0
  Dominating TNS: -0.000

*** Enable all active views. ***
Extraction called for design 'global_ctrl' of instances=302 and nets=317 using extraction engine 'preRoute' .
PreRoute RC Extraction called for design global_ctrl.
RC Extraction called in multi-corner(3) mode.
RCMode: PreRoute
      RC Corner Indexes            0       1       2   
Capacitance Scaling Factor   : 1.00000 1.00000 1.00000 
Resistance Scaling Factor    : 1.00000 1.00000 1.00000 
Clock Cap. Scaling Factor    : 1.00000 1.00000 1.00000 
Clock Res. Scaling Factor    : 1.00000 1.00000 1.00000 
Shrink Factor                : 0.90000
PreRoute extraction is honoring NDR/Shielding/ExtraSpace for clock nets.
Using Quantus QRC technology file ...
Skipped RC grid update for preRoute extraction.
Initializing multi-corner resistance tables ...
PreRoute RC Extraction DONE (CPU Time: 0:00:00.1  Real Time: 0:00:00.0  MEM: 3439.457M)
Skewing Data Summary (End_of_FINAL)
--------------------------------------------------
 Total skewed count:0
--------------------------------------------------
[NR-eGR] Track table information for default rule: 
[NR-eGR] M1 has no routable track
[NR-eGR] M2 has single uniform track structure
[NR-eGR] M3 has single uniform track structure
[NR-eGR] M4 has single uniform track structure
[NR-eGR] M5 has single uniform track structure
[NR-eGR] M6 has single uniform track structure
[NR-eGR] M7 has single uniform track structure
[NR-eGR] M8 has single uniform track structure
[NR-eGR] M9 has single uniform track structure
[NR-eGR] AP has single uniform track structure
[NR-eGR] Started Read PG Shapes ( Curr Mem: 3821.91 MB )
[NR-eGR] Read 78 PG shapes
[NR-eGR] Finished Read PG Shapes ( CPU: 0.00 sec, Real: 0.00 sec, Curr Mem: 3821.91 MB )
[NR-eGR] #Routing Blockages  : 0
[NR-eGR] #Instance Blockages : 0
[NR-eGR] #PG Blockages       : 78
[NR-eGR] #Bump Blockages     : 0
[NR-eGR] #Boundary Blockages : 0
[NR-eGR] Num Prerouted Nets = 0  Num Prerouted Wires = 0
[NR-eGR] Read numTotalNets=315  numIgnoredNets=0
[NR-eGR] There are 1 clock nets ( 0 with NDR ).
[NR-eGR] ============ Routing rule table ============
[NR-eGR] Rule id: 0  Nets: 315 
[NR-eGR] ========================================
[NR-eGR] 
[NR-eGR] Layer group 1: route 315 net(s) in layer range [2, 10]
[NR-eGR] earlyGlobalRoute overflow of layer group 1: 0.00% H + 0.00% V. EstWL: 8.024940e+03um
[NR-eGR] 
[NR-eGR] Congestion Analysis By layer: (blocked Gcells are excluded) 
[NR-eGR]                        OverCon            
[NR-eGR]                         #Gcell     %Gcell
[NR-eGR]       Layer                (0)    OverCon 
[NR-eGR] ----------------------------------------------
[NR-eGR]      M1  (1)         0( 0.00%)   ( 0.00%) 
[NR-eGR]      M2  (2)         0( 0.00%)   ( 0.00%) 
[NR-eGR]      M3  (3)         0( 0.00%)   ( 0.00%) 
[NR-eGR]      M4  (4)         0( 0.00%)   ( 0.00%) 
[NR-eGR]      M5  (5)         0( 0.00%)   ( 0.00%) 
[NR-eGR]      M6  (6)         0( 0.00%)   ( 0.00%) 
[NR-eGR]      M7  (7)         0( 0.00%)   ( 0.00%) 
[NR-eGR]      M8  (8)         0( 0.00%)   ( 0.00%) 
[NR-eGR]      M9  (9)         0( 0.00%)   ( 0.00%) 
[NR-eGR]      AP (10)         0( 0.00%)   ( 0.00%) 
[NR-eGR] ----------------------------------------------
[NR-eGR] Total                0( 0.00%)   ( 0.00%) 
[NR-eGR] 
[NR-eGR] Overflow after earlyGlobalRoute (GR compatible) 0.00% H + 0.00% V
[NR-eGR] Overflow after earlyGlobalRoute 0.00% H + 0.00% V
[NR-eGR] Finished Early Global Route kernel ( CPU: 0.74 sec, Real: 0.06 sec, Curr Mem: 3821.91 MB )
[hotspot] +------------+---------------+---------------+
[hotspot] |            |   max hotspot | total hotspot |
[hotspot] +------------+---------------+---------------+
[hotspot] | normalized |          0.00 |          0.00 |
[hotspot] +------------+---------------+---------------+
Local HotSpot Analysis: normalized max congestion hotspot area = 0.00, normalized total congestion hotspot area = 0.00 (area is in unit of 4 std-cell row bins)
Reported timing to dir ./timingReports
**optDesign ... cpu = 0:01:00, real = 0:00:36, mem = 2599.0M, totSessionCpu=0:15:30 **
Starting delay calculation for Setup views
#################################################################################
# Design Stage: PreRoute
# Design Name: global_ctrl
# Design Mode: 40nm
# Analysis Mode: MMMC Non-OCV 
# Parasitics Mode: No SPEF/RCDB
# Signoff Settings: SI Off 
#################################################################################
Calculate delays in Single mode...
Calculate delays in Single mode...
Start delay calculation (fullDC) (48 T). (MEM=3826.39)
Total number of fetched objects 315
Total number of fetched objects 315
End delay calculation. (MEM=4749.51 CPU=0:00:01.4 REAL=0:00:00.0)
End delay calculation (fullDC). (MEM=4749.51 CPU=0:00:02.0 REAL=0:00:01.0)
*** Done Building Timing Graph (cpu=0:00:02.4 real=0:00:01.0 totSessionCpu=0:15:33 mem=3824.5M)

------------------------------------------------------------
     optDesign Final Summary                             
------------------------------------------------------------

Setup views included:
 fast_analysis slow_analysis 

+--------------------+---------+---------+---------+
|     Setup mode     |   all   | reg2reg | default |
+--------------------+---------+---------+---------+
|           WNS (ns):|  3.550  |  6.882  |  3.550  |
|           TNS (ns):|  0.000  |  0.000  |  0.000  |
|    Violating Paths:|    0    |    0    |    0    |
|          All Paths:|   105   |   72    |   37    |
+--------------------+---------+---------+---------+

+----------------+-------------------------------+------------------+
|                |              Real             |       Total      |
|    DRVs        +------------------+------------+------------------|
|                |  Nr nets(terms)  | Worst Vio  |  Nr nets(terms)  |
+----------------+------------------+------------+------------------+
|   max_cap      |      0 (0)       |   0.000    |      0 (0)       |
|   max_tran     |      0 (0)       |   0.000    |      1 (76)      |
|   max_fanout   |      0 (0)       |     0      |      0 (0)       |
|   max_length   |      0 (0)       |     0      |      0 (0)       |
+----------------+------------------+------------+------------------+

Density: 49.856%
Routing Overflow: 0.00% H and 0.00% V
------------------------------------------------------------
**optDesign ... cpu = 0:01:03, real = 0:00:39, mem = 2702.3M, totSessionCpu=0:15:33 **
**WARN: (IMPOPT-3195):	Analysis mode has changed.
Type 'man IMPOPT-3195' for more detail.
*** Finished optDesign ***
**place_opt_design ... cpu = 0:01:53, real = 0:01:03, mem = 3773.4M **
*** Finished GigaPlace ***

*** Summary of all messages that are not suppressed in this session:
Severity  ID               Count  Summary                                  
WARNING   IMPSP-9025           2  No scan chain specified/traced.          
WARNING   IMPOPT-3195          2  Analysis mode has changed.               
*** Message Summary: 4 warning(s), 0 error(s)

<CMD> addTieHiLo -cell {TIEHBWP TIELBWP}
Options: No distance constraint, No Fan-out constraint.
INFO: Total Number of Tie Cells (TIEHBWP) placed: 0  
INFO: Total Number of Tie Cells (TIELBWP) placed: 0  
<CMD> checkPlace
Begin checking placement ... (start mem=3774.9M, init mem=3774.9M)
*info: Placed = 302            (Fixed = 24)
*info: Unplaced = 0           
Placement Density:49.86%(549/1102)
Placement Density (including fixed std cells):50.61%(566/1119)
Finished checkPlace (total: cpu=0:00:00.2, real=0:00:00.0; vio checks: cpu=0:00:00.0, real=0:00:00.0; mem=3774.9M)
<CMD> setOptMode -fixFanoutLoad true
<CMD> optDesign -preCTS -drv
**optDesign ... cpu = 0:00:00, real = 0:00:00, mem = 2613.8M, totSessionCpu=0:15:34 **
**INFO: setDesignMode -flowEffort standard -> setting 'setOptMode -allEndPoints true' for the duration of this command.
**INFO: Enabling NR-eGR flow for DRV Fixing.
GigaOpt running with 48 threads.
**optDesign ... cpu = 0:00:02, real = 0:00:02, mem = 2620.7M, totSessionCpu=0:15:36 **
*** optDesign -preCTS ***
DRC Margin: user margin 0.0; extra margin 0.2
Setup Target Slack: user slack 0; extra slack 0.0
Hold Target Slack: user slack 0
Multi-VT timing optimization disabled based on library information.
Start to check current routing status for nets...
All nets are already routed correctly.
End to check current routing status for nets (mem=3782.9M)
*** Enable all active views. ***

Optimization is working on the following views:
  Setup views: fast_analysis slow_analysis 
  Hold  views: fast_analysis slow_analysis 

------------------------------------------------------------
             Initial Summary                             
------------------------------------------------------------

Setup views included:
 fast_analysis slow_analysis 

+--------------------+---------+
|     Setup mode     |   all   |
+--------------------+---------+
|           WNS (ns):|  3.550  |
|           TNS (ns):|  0.000  |
|    Violating Paths:|    0    |
|          All Paths:|   105   |
+--------------------+---------+

+----------------+-------------------------------+------------------+
|                |              Real             |       Total      |
|    DRVs        +------------------+------------+------------------|
|                |  Nr nets(terms)  | Worst Vio  |  Nr nets(terms)  |
+----------------+------------------+------------+------------------+
|   max_cap      |      0 (0)       |   0.000    |      0 (0)       |
|   max_tran     |      0 (0)       |   0.000    |      1 (76)      |
|   max_fanout   |      0 (0)       |     0      |      0 (0)       |
|   max_length   |      0 (0)       |     0      |      0 (0)       |
+----------------+------------------+------------+------------------+

Density: 49.856%
------------------------------------------------------------
**optDesign ... cpu = 0:00:03, real = 0:00:03, mem = 2618.0M, totSessionCpu=0:15:37 **
*** Starting optimizing excluded clock nets MEM= 3773.9M) ***
*info: No excluded clock nets to be optimized.
*** Finished optimizing excluded clock nets (CPU Time= 0:00:00.0  MEM= 3773.9M) ***
[NR-eGR] Started Early Global Route kernel ( Curr Mem: 3785.39 MB )
[NR-eGR] Track table information for default rule: 
[NR-eGR] M1 has no routable track
[NR-eGR] M2 has single uniform track structure
[NR-eGR] M3 has single uniform track structure
[NR-eGR] M4 has single uniform track structure
[NR-eGR] M5 has single uniform track structure
[NR-eGR] M6 has single uniform track structure
[NR-eGR] M7 has single uniform track structure
[NR-eGR] M8 has single uniform track structure
[NR-eGR] M9 has single uniform track structure
[NR-eGR] AP has single uniform track structure
[NR-eGR] Started Read PG Shapes ( Curr Mem: 3785.39 MB )
[NR-eGR] Read 78 PG shapes
[NR-eGR] Finished Read PG Shapes ( CPU: 0.00 sec, Real: 0.00 sec, Curr Mem: 3785.39 MB )
[NR-eGR] #Routing Blockages  : 0
[NR-eGR] #Instance Blockages : 0
[NR-eGR] #PG Blockages       : 78
[NR-eGR] #Bump Blockages     : 0
[NR-eGR] #Boundary Blockages : 0
[NR-eGR] Num Prerouted Nets = 0  Num Prerouted Wires = 0
[NR-eGR] Read numTotalNets=315  numIgnoredNets=0
[NR-eGR] There are 1 clock nets ( 0 with NDR ).
[NR-eGR] ============ Routing rule table ============
[NR-eGR] Rule id: 0  Nets: 315 
[NR-eGR] ========================================
[NR-eGR] 
[NR-eGR] Layer group 1: route 315 net(s) in layer range [2, 10]
[NR-eGR] earlyGlobalRoute overflow of layer group 1: 0.00% H + 0.00% V. EstWL: 8.026200e+03um
[NR-eGR] 
[NR-eGR] Congestion Analysis By layer: (blocked Gcells are excluded) 
[NR-eGR]                        OverCon            
[NR-eGR]                         #Gcell     %Gcell
[NR-eGR]       Layer                (0)    OverCon 
[NR-eGR] ----------------------------------------------
[NR-eGR]      M1  (1)         0( 0.00%)   ( 0.00%) 
[NR-eGR]      M2  (2)         0( 0.00%)   ( 0.00%) 
[NR-eGR]      M3  (3)         0( 0.00%)   ( 0.00%) 
[NR-eGR]      M4  (4)         0( 0.00%)   ( 0.00%) 
[NR-eGR]      M5  (5)         0( 0.00%)   ( 0.00%) 
[NR-eGR]      M6  (6)         0( 0.00%)   ( 0.00%) 
[NR-eGR]      M7  (7)         0( 0.00%)   ( 0.00%) 
[NR-eGR]      M8  (8)         0( 0.00%)   ( 0.00%) 
[NR-eGR]      M9  (9)         0( 0.00%)   ( 0.00%) 
[NR-eGR]      AP (10)         0( 0.00%)   ( 0.00%) 
[NR-eGR] ----------------------------------------------
[NR-eGR] Total                0( 0.00%)   ( 0.00%) 
[NR-eGR] 
[NR-eGR] Overflow after earlyGlobalRoute (GR compatible) 0.00% H + 0.00% V
[NR-eGR] Overflow after earlyGlobalRoute 0.00% H + 0.00% V
[NR-eGR] --------------------------------------------------------------------------
[NR-eGR]     M1  (1F) length: 0.000000e+00um, number of vias: 958
[NR-eGR]     M2  (2H) length: 3.295680e+03um, number of vias: 1543
[NR-eGR]     M3  (3V) length: 7.030800e+02um, number of vias: 174
[NR-eGR]     M4  (4H) length: 2.264610e+03um, number of vias: 74
[NR-eGR]     M5  (5V) length: 7.728000e+01um, number of vias: 32
[NR-eGR]     M6  (6H) length: 1.914920e+03um, number of vias: 0
[NR-eGR]     M7  (7V) length: 0.000000e+00um, number of vias: 0
[NR-eGR]     M8  (8H) length: 0.000000e+00um, number of vias: 0
[NR-eGR]     M9  (9V) length: 0.000000e+00um, number of vias: 0
[NR-eGR]     AP (10H) length: 0.000000e+00um, number of vias: 0
[NR-eGR] Total length: 8.255570e+03um, number of vias: 2781
[NR-eGR] --------------------------------------------------------------------------
[NR-eGR] Total eGR-routed clock nets wire length: 3.712700e+02um 
[NR-eGR] --------------------------------------------------------------------------
[NR-eGR] Finished Early Global Route kernel ( CPU: 0.81 sec, Real: 0.15 sec, Curr Mem: 3384.91 MB )
Updating RC grid for preRoute extraction ...
Initializing multi-corner resistance tables ...
Extraction called for design 'global_ctrl' of instances=302 and nets=317 using extraction engine 'preRoute' .
PreRoute RC Extraction called for design global_ctrl.
RC Extraction called in multi-corner(3) mode.
RCMode: PreRoute
      RC Corner Indexes            0       1       2   
Capacitance Scaling Factor   : 1.00000 1.00000 1.00000 
Resistance Scaling Factor    : 1.00000 1.00000 1.00000 
Clock Cap. Scaling Factor    : 1.00000 1.00000 1.00000 
Clock Res. Scaling Factor    : 1.00000 1.00000 1.00000 
Shrink Factor                : 0.90000
PreRoute extraction is honoring NDR/Shielding/ExtraSpace for clock nets.
Using Quantus QRC technology file ...
Updating RC grid for preRoute extraction ...
Initializing multi-corner resistance tables ...
PreRoute RC Extraction DONE (CPU Time: 0:00:00.0  Real Time: 0:00:00.0  MEM: 3384.914M)
#################################################################################
# Design Stage: PreRoute
# Design Name: global_ctrl
# Design Mode: 40nm
# Analysis Mode: MMMC Non-OCV 
# Parasitics Mode: No SPEF/RCDB
# Signoff Settings: SI Off 
#################################################################################
Calculate delays in Single mode...
Calculate delays in Single mode...
Start delay calculation (fullDC) (48 T). (MEM=3778.59)
Total number of fetched objects 315
Total number of fetched objects 315
End delay calculation. (MEM=4720.96 CPU=0:00:01.3 REAL=0:00:00.0)
End delay calculation (fullDC). (MEM=4720.96 CPU=0:00:01.9 REAL=0:00:00.0)
Reported timing to dir ./timingReports
**optDesign ... cpu = 0:00:09, real = 0:00:06, mem = 2726.2M, totSessionCpu=0:15:43 **

------------------------------------------------------------
     optDesign Final Summary                             
------------------------------------------------------------

Setup views included:
 fast_analysis slow_analysis 

+--------------------+---------+---------+---------+
|     Setup mode     |   all   | reg2reg | default |
+--------------------+---------+---------+---------+
|           WNS (ns):|  3.551  |  6.888  |  3.551  |
|           TNS (ns):|  0.000  |  0.000  |  0.000  |
|    Violating Paths:|    0    |    0    |    0    |
|          All Paths:|   105   |   72    |   37    |
+--------------------+---------+---------+---------+

+----------------+-------------------------------+------------------+
|                |              Real             |       Total      |
|    DRVs        +------------------+------------+------------------|
|                |  Nr nets(terms)  | Worst Vio  |  Nr nets(terms)  |
+----------------+------------------+------------+------------------+
|   max_cap      |      0 (0)       |   0.000    |      0 (0)       |
|   max_tran     |      0 (0)       |   0.000    |      1 (76)      |
|   max_fanout   |      0 (0)       |     0      |      0 (0)       |
|   max_length   |      0 (0)       |     0      |      0 (0)       |
+----------------+------------------+------------+------------------+

Density: 49.856%
Routing Overflow: 0.00% H and 0.00% V
------------------------------------------------------------
**optDesign ... cpu = 0:00:10, real = 0:00:07, mem = 2727.4M, totSessionCpu=0:15:44 **
*** Finished optDesign ***
<CMD> timeDesign -preCTS
Start to check current routing status for nets...
All nets are already routed correctly.
End to check current routing status for nets (mem=3802.9M)

------------------------------------------------------------
          timeDesign Summary                             
------------------------------------------------------------

Setup views included:
 fast_analysis slow_analysis 

+--------------------+---------+---------+---------+
|     Setup mode     |   all   | reg2reg | default |
+--------------------+---------+---------+---------+
|           WNS (ns):|  3.551  |  6.888  |  3.551  |
|           TNS (ns):|  0.000  |  0.000  |  0.000  |
|    Violating Paths:|    0    |    0    |    0    |
|          All Paths:|   105   |   72    |   37    |
+--------------------+---------+---------+---------+

+----------------+-------------------------------+------------------+
|                |              Real             |       Total      |
|    DRVs        +------------------+------------+------------------|
|                |  Nr nets(terms)  | Worst Vio  |  Nr nets(terms)  |
+----------------+------------------+------------+------------------+
|   max_cap      |      0 (0)       |   0.000    |      0 (0)       |
|   max_tran     |      0 (0)       |   0.000    |      1 (76)      |
|   max_fanout   |      0 (0)       |     0      |      0 (0)       |
|   max_length   |      0 (0)       |     0      |      0 (0)       |
+----------------+------------------+------------+------------------+

Density: 49.856%
Routing Overflow: 0.00% H and 0.00% V
------------------------------------------------------------
Reported timing to dir ./timingReports
Total CPU time: 0.9 sec
Total Real time: 2.0 sec
Total Memory Usage: 3804.351562 Mbytes
<CMD> timeDesign -preCTS -hold
Start to check current routing status for nets...
All nets are already routed correctly.
End to check current routing status for nets (mem=3420.9M)
*** Enable all active views. ***
Starting delay calculation for Hold views
#################################################################################
# Design Stage: PreRoute
# Design Name: global_ctrl
# Design Mode: 40nm
# Analysis Mode: MMMC Non-OCV 
# Parasitics Mode: No SPEF/RCDB
# Signoff Settings: SI Off 
#################################################################################
Calculate delays in Single mode...
Calculate delays in Single mode...
Calculate delays in Single mode...
Start delay calculation (fullDC) (48 T). (MEM=3701.77)
Total number of fetched objects 315
Total number of fetched objects 315
Total number of fetched objects 315
End delay calculation. (MEM=4728.93 CPU=0:00:02.2 REAL=0:00:00.0)
End delay calculation (fullDC). (MEM=4728.93 CPU=0:00:03.0 REAL=0:00:01.0)
Setting ::DelayCal::PrerouteDcFastMode 1
*** Done Building Timing Graph (cpu=0:00:03.3 real=0:00:01.0 totSessionCpu=0:15:50 mem=3789.9M)

------------------------------------------------------------
          timeDesign Summary                             
------------------------------------------------------------

Hold  views included:
 fast_analysis typ_analysis slow_analysis 

+--------------------+---------+---------+---------+
|     Hold mode      |   all   | reg2reg | default |
+--------------------+---------+---------+---------+
|           WNS (ns):| -0.083  | -0.083  |  0.186  |
|           TNS (ns):| -1.755  | -1.755  |  0.000  |
|    Violating Paths:|   42    |   42    |    0    |
|          All Paths:|   105   |   72    |   37    |
+--------------------+---------+---------+---------+

Density: 49.856%
Routing Overflow: 0.00% H and 0.00% V
------------------------------------------------------------
Reported timing to dir ./timingReports
Total CPU time: 5.77 sec
Total Real time: 1.0 sec
Total Memory Usage: 3517.871094 Mbytes
<CMD> setNanoRouteMode -routeWithTimingDriven false
<CMD> setNanoRouteMode -droutePostRouteSwapVia none
#WARNING (NRIF-83) When droutePostRouteSwapVia is set to 'none', the post route via swapping step will be skipped in all scenarios.
<CMD> setNanoRouteMode -drouteUseMultiCutViaEffort low
<CMD> setNanoRouteMode -routeReserveSpaceForMultiCut false
<CMD> setNanoRouteMode -routeWithViaOnlyForStandardCellPin true
<CMD> setNanoRouteMode -routeWithViaInPin false
<CMD> setNanoRouteMode -drouteOnGridOnly none
<CMD> create_route_type -name rule_leaf -top_preferred_layer M4 -bottom_preferred_layer M3
<CMD> create_route_type -name rule_trunk -top_preferred_layer M4 -bottom_preferred_layer M3
<CMD> create_route_type -name rule_top -top_preferred_layer M4 -bottom_preferred_layer M3
<CMD> set_ccopt_property -net_type leaf route_type rule_leaf
<CMD> set_ccopt_property -net_type trunk route_type rule_trunk
<CMD> set_ccopt_property -net_type top route_type rule_top
<CMD> set_ccopt_property target_max_trans auto
<CMD> set_ccopt_property target_skew 100ps
<CMD> set_ccopt_property -cts_buffer_cells {BUFFD0BWP BUFFD1BWP BUFFD2BWP BUFFD3BWP BUFFD4BWP BUFFD6BWP BUFFD8BWP BUFFD12BWP BUFFD16BWP BUFFD20BWP BUFFD24BWP}
<CMD> set_ccopt_property -cts_use_inverters false
<CMD> create_ccopt_clock_tree_spec -filename ./ccopt/global_ctrl/ccopt.spec
Creating clock tree spec for modes (timing configs): cons_mode
extract_clock_generator_skew_groups=true: create_ccopt_clock_tree_spec will generate skew groups with a name prefix of "_clock_gen" to balance clock generator connected flops with the clock generator they drive.
Reset timing graph...
Ignoring AAE DB Resetting ...
Reset timing graph done.
Ignoring AAE DB Resetting ...
Analyzing clock structure...
Analyzing clock structure done.
Reset timing graph...
Ignoring AAE DB Resetting ...
Reset timing graph done.
Wrote: ./ccopt/global_ctrl/ccopt.spec
<CMD> get_ccopt_clock_trees
<CMD_INTERNAL> ccopt_check_and_flatten_ilms_no_restore
<CMD> create_ccopt_clock_tree -name clk -source clk -no_skew_group
Extracting original clock gating for clk...
  clock_tree clk contains 76 sinks and 0 clock gates.
  Extraction for clk complete.
Extracting original clock gating for clk done.
<CMD> set_ccopt_property target_max_trans_sdc -delay_corner fast_delay -early -clock_tree clk 0.150
<CMD> set_ccopt_property target_max_trans_sdc -delay_corner fast_delay -late -clock_tree clk 0.400
<CMD> set_ccopt_property target_max_trans_sdc -delay_corner typ_delay -early -clock_tree clk 0.150
<CMD> set_ccopt_property target_max_trans_sdc -delay_corner typ_delay -late -clock_tree clk 0.400
<CMD> set_ccopt_property target_max_trans_sdc -delay_corner slow_delay -early -clock_tree clk 0.150
<CMD> set_ccopt_property target_max_trans_sdc -delay_corner slow_delay -late -clock_tree clk 0.400
<CMD> set_ccopt_property source_output_max_trans -delay_corner fast_delay -early -clock_tree clk 0.150
<CMD> set_ccopt_property source_output_max_trans -delay_corner fast_delay -early -clock_tree clk 0.150
<CMD> set_ccopt_property source_output_max_trans -delay_corner typ_delay -early -clock_tree clk 0.150
<CMD> set_ccopt_property source_output_max_trans -delay_corner typ_delay -early -clock_tree clk 0.150
<CMD> set_ccopt_property source_output_max_trans -delay_corner slow_delay -early -clock_tree clk 0.150
<CMD> set_ccopt_property source_output_max_trans -delay_corner slow_delay -early -clock_tree clk 0.150
<CMD> set_ccopt_property source_output_max_trans -delay_corner fast_delay -late -clock_tree clk 0.200
<CMD> set_ccopt_property source_output_max_trans -delay_corner fast_delay -late -clock_tree clk 0.200
<CMD> set_ccopt_property source_output_max_trans -delay_corner typ_delay -late -clock_tree clk 0.200
<CMD> set_ccopt_property source_output_max_trans -delay_corner typ_delay -late -clock_tree clk 0.200
<CMD> set_ccopt_property source_output_max_trans -delay_corner slow_delay -late -clock_tree clk 0.200
<CMD> set_ccopt_property source_output_max_trans -delay_corner slow_delay -late -clock_tree clk 0.200
<CMD> set_ccopt_property clock_period -pin clk 9.5
<CMD> create_ccopt_skew_group -name clk/cons_mode -sources clk -auto_sinks
The skew group clk/cons_mode was created. It contains 76 sinks and 1 sources.
<CMD> set_ccopt_property include_source_latency -skew_group clk/cons_mode true
<CMD> set_ccopt_property extracted_from_clock_name -skew_group clk/cons_mode clk
<CMD> set_ccopt_property extracted_from_constraint_mode_name -skew_group clk/cons_mode cons_mode
<CMD> set_ccopt_property extracted_from_delay_corners -skew_group clk/cons_mode {fast_delay fast_delay typ_delay typ_delay slow_delay slow_delay}
<CMD> check_ccopt_clock_tree_convergence
Checking clock tree convergence...
Checking clock tree convergence done.
<CMD> get_ccopt_property auto_design_state_for_ilms
<CMD> ccopt_design -cts
#% Begin ccopt_design (date=04/28 16:51:16, mem=2359.8M)
Setting ::DelayCal::PrerouteDcFastMode 0
Runtime...
(ccopt_design): CTS Engine: auto. Used Spec: pre-existing CCOPT spec.
Placement constraints of type 'region' or 'fence' will not be downgraded to 'guide' because the property change_fences_to_guides has been set to false.
Set place::cacheFPlanSiteMark to 1
CCOpt::Phase::Initialization...
Check Prerequisites...
Leaving CCOpt scope - CheckPlace...
Begin checking placement ... (start mem=3517.9M, init mem=3517.9M)
*info: Placed = 302            (Fixed = 24)
*info: Unplaced = 0           
Placement Density:49.86%(549/1102)
Placement Density (including fixed std cells):50.61%(566/1119)
Finished checkPlace (total: cpu=0:00:00.0, real=0:00:00.0; vio checks: cpu=0:00:00.0, real=0:00:00.0; mem=3517.9M)
Leaving CCOpt scope - CheckPlace done. (took cpu=0:00:00.0 real=0:00:00.0)
External - Set all clocks to propagated mode...
Innovus will update I/O latencies
External - Set all clocks to propagated mode done. (took cpu=0:00:00.0 real=0:00:00.0)
Found 0 ideal nets, 0 pins with transition annotations, 0 instances with delay annotations, 0 nets with delay annotations, refer to logv for details.

Check Prerequisites done. (took cpu=0:00:00.0 real=0:00:00.0)
CCOpt::Phase::Initialization done. (took cpu=0:00:00.0 real=0:00:00.0)
Executing ccopt post-processing.
Synthesizing clock trees with CCOpt...
CCOpt::Phase::PreparingToBalance...
Leaving CCOpt scope - Initializing power interface...
Leaving CCOpt scope - Initializing power interface done. (took cpu=0:00:00.0 real=0:00:00.0)
Found 0 pin insertion delay advances (0 of 76 clock tree sinks)
Found 0 pin insertion delay delays (0 of 76 clock tree sinks)
Leaving CCOpt scope - optDesignGlobalRouteStep...
[NR-eGR] Started Early Global Route kernel ( Curr Mem: 3517.90 MB )
[NR-eGR] Track table information for default rule: 
[NR-eGR] M1 has no routable track
[NR-eGR] M2 has single uniform track structure
[NR-eGR] M3 has single uniform track structure
[NR-eGR] M4 has single uniform track structure
[NR-eGR] M5 has single uniform track structure
[NR-eGR] M6 has single uniform track structure
[NR-eGR] M7 has single uniform track structure
[NR-eGR] M8 has single uniform track structure
[NR-eGR] M9 has single uniform track structure
[NR-eGR] AP has single uniform track structure
[NR-eGR] Started Read PG Shapes ( Curr Mem: 3517.90 MB )
[NR-eGR] Read 78 PG shapes
[NR-eGR] Finished Read PG Shapes ( CPU: 0.00 sec, Real: 0.00 sec, Curr Mem: 3517.90 MB )
[NR-eGR] #Routing Blockages  : 0
[NR-eGR] #Instance Blockages : 0
[NR-eGR] #PG Blockages       : 78
[NR-eGR] #Bump Blockages     : 0
[NR-eGR] #Boundary Blockages : 0
[NR-eGR] Num Prerouted Nets = 0  Num Prerouted Wires = 0
[NR-eGR] Read numTotalNets=315  numIgnoredNets=0
[NR-eGR] There are 1 clock nets ( 0 with NDR ).
[NR-eGR] ============ Routing rule table ============
[NR-eGR] Rule id: 0  Nets: 315 
[NR-eGR] ========================================
[NR-eGR] 
[NR-eGR] Layer group 1: route 315 net(s) in layer range [2, 10]
[NR-eGR] earlyGlobalRoute overflow of layer group 1: 0.00% H + 0.00% V. EstWL: 8.024940e+03um
[NR-eGR] 
[NR-eGR] Congestion Analysis By layer: (blocked Gcells are excluded) 
[NR-eGR]                        OverCon            
[NR-eGR]                         #Gcell     %Gcell
[NR-eGR]       Layer                (0)    OverCon 
[NR-eGR] ----------------------------------------------
[NR-eGR]      M1  (1)         0( 0.00%)   ( 0.00%) 
[NR-eGR]      M2  (2)         0( 0.00%)   ( 0.00%) 
[NR-eGR]      M3  (3)         0( 0.00%)   ( 0.00%) 
[NR-eGR]      M4  (4)         0( 0.00%)   ( 0.00%) 
[NR-eGR]      M5  (5)         0( 0.00%)   ( 0.00%) 
[NR-eGR]      M6  (6)         0( 0.00%)   ( 0.00%) 
[NR-eGR]      M7  (7)         0( 0.00%)   ( 0.00%) 
[NR-eGR]      M8  (8)         0( 0.00%)   ( 0.00%) 
[NR-eGR]      M9  (9)         0( 0.00%)   ( 0.00%) 
[NR-eGR]      AP (10)         0( 0.00%)   ( 0.00%) 
[NR-eGR] ----------------------------------------------
[NR-eGR] Total                0( 0.00%)   ( 0.00%) 
[NR-eGR] 
[NR-eGR] Overflow after earlyGlobalRoute (GR compatible) 0.00% H + 0.00% V
[NR-eGR] Overflow after earlyGlobalRoute 0.00% H + 0.00% V
[NR-eGR] --------------------------------------------------------------------------
[NR-eGR]     M1  (1F) length: 0.000000e+00um, number of vias: 958
[NR-eGR]     M2  (2H) length: 3.429380e+03um, number of vias: 1531
[NR-eGR]     M3  (3V) length: 7.077000e+02um, number of vias: 180
[NR-eGR]     M4  (4H) length: 2.295550e+03um, number of vias: 74
[NR-eGR]     M5  (5V) length: 7.224000e+01um, number of vias: 28
[NR-eGR]     M6  (6H) length: 1.750980e+03um, number of vias: 0
[NR-eGR]     M7  (7V) length: 0.000000e+00um, number of vias: 0
[NR-eGR]     M8  (8H) length: 0.000000e+00um, number of vias: 0
[NR-eGR]     M9  (9V) length: 0.000000e+00um, number of vias: 0
[NR-eGR]     AP (10H) length: 0.000000e+00um, number of vias: 0
[NR-eGR] Total length: 8.255850e+03um, number of vias: 2771
[NR-eGR] --------------------------------------------------------------------------
[NR-eGR] Total eGR-routed clock nets wire length: 3.736500e+02um 
[NR-eGR] --------------------------------------------------------------------------
[NR-eGR] Finished Early Global Route kernel ( CPU: 0.74 sec, Real: 0.12 sec, Curr Mem: 3541.91 MB )
Leaving CCOpt scope - optDesignGlobalRouteStep done. (took cpu=0:00:00.7 real=0:00:00.1)
Rebuilding timing graph...
Rebuilding timing graph done.
Legalization setup...
Using cell based legalization.
Legalization setup done. (took cpu=0:00:00.3 real=0:00:00.2)
Validating CTS configuration...
Checking module port directions...
Checking module port directions done. (took cpu=0:00:00.0 real=0:00:00.0)
Non-default CCOpt properties:
buffer_cells is set for at least one key
route_type is set for at least one key
source_output_max_trans is set for at least one key
target_max_trans is set for at least one key
target_max_trans_sdc is set for at least one key
target_skew is set for at least one key
use_inverters is set for at least one key
Route type trimming info:
  No route type modifications were made.
Updating RC grid for preRoute extraction ...
Initializing multi-corner resistance tables ...
**WARN: (IMPCCOPT-1184):	The library has no usable balanced inverters for power domain auto-default, while balancing clock_tree clk. If this is not intended behavior, you can specify a list of lib_cells to use with the inverter_cells property.
**WARN: (IMPCCOPT-1041):	The source_output_max_trans is set for clock_tree clk, but source_max_capacitance is not. Innovus will assume a maximum driven capacitance of 0.030.
Type 'man IMPCCOPT-1041' for more detail.
Clock tree balancer configuration for clock_tree clk:
Non-default CCOpt properties:
  route_type (leaf): rule_leaf (default: default)
  route_type (trunk): rule_trunk (default: default)
  route_type (top): rule_top (default: default)
  use_inverters: false (default: auto)
For power domain auto-default:
  Buffers:     BUFFD24BWP BUFFD20BWP BUFFD16BWP BUFFD12BWP BUFFD8BWP BUFFD6BWP BUFFD4BWP BUFFD3BWP BUFFD2BWP BUFFD1BWP BUFFD0BWP 
  Inverters:   
  Clock gates: CKLNQD16BWP CKLNQD12BWP CKLNQD8BWP CKLNQD6BWP CKLNQD4BWP CKLNQD3BWP CKLNQD2BWP CKLNQD1BWP 
  Unblocked area available for placement of any clock cells in power_domain auto-default: 1118.729um^2
Top Routing info:
  Route-type name: rule_top; Top/bottom preferred layer name: M4/M3; 
  Unshielded; Mask Constraint: 0; Source: route_type.
Trunk Routing info:
  Route-type name: rule_trunk; Top/bottom preferred layer name: M4/M3; 
  Unshielded; Mask Constraint: 0; Source: route_type.
Leaf Routing info:
  Route-type name: rule_leaf; Top/bottom preferred layer name: M4/M3; 
  Unshielded; Mask Constraint: 0; Source: route_type.
For timing_corner fast_delay:setup, late and power domain auto-default:
  Slew time target (leaf):    0.400ns
  Slew time target (trunk):   0.400ns
  Slew time target (top):     0.400ns (Note: no nets are considered top nets in this clock tree)
  Buffer unit delay: 0.060ns
  Buffer max distance: 809.892um
Fastest wire driving cells and distances:
  Buffer    : {lib_cell:BUFFD24BWP, fastest_considered_half_corner=fast_delay:setup.late, optimalDrivingDistance=366.188um, saturatedSlew=0.085ns, speed=4209.051um per ns, cellArea=20.232um^2 per 1000um}
  Clock gate: {lib_cell:CKLNQD16BWP, fastest_considered_half_corner=fast_delay:setup.late, optimalDrivingDistance=531.562um, saturatedSlew=0.162ns, speed=3083.309um per ns, cellArea=14.933um^2 per 1000um}


Logic Sizing Table:

----------------------------------------------------------
Cell    Instance count    Source    Eligible library cells
----------------------------------------------------------
  (empty table)
----------------------------------------------------------


Clock tree balancer configuration for skew_group clk/cons_mode:
  Sources:                     pin clk
  Total number of sinks:       76
  Delay constrained sinks:     76
  Non-leaf sinks:              0
  Ignore pins:                 0
 Timing corner fast_delay:setup.late:
  Skew target:                 0.100ns
**WARN: (IMPCCOPT-1361):	Routing configuration for top nets in clock tree clk: preferred layers M3-M4 are outside NanoRoute configured layer range. This is likely to cause routing correlation issues.
**WARN: (IMPCCOPT-1361):	Routing configuration for trunk nets in clock tree clk: preferred layers M3-M4 are outside NanoRoute configured layer range. This is likely to cause routing correlation issues.
**WARN: (IMPCCOPT-1361):	Routing configuration for leaf nets in clock tree clk: preferred layers M3-M4 are outside NanoRoute configured layer range. This is likely to cause routing correlation issues.
Primary reporting skew groups are:
skew_group clk/cons_mode with 76 clock sinks

Via Selection for Estimated Routes (rule default):

----------------------------------------------------------------
Layer    Via Cell        Res.     Cap.     RC       Top of Stack
Range                    (Ohm)    (fF)     (fs)     Only
----------------------------------------------------------------
M1-M2    VIA12_1cut      3.687    0.012    0.044    false
M2-M3    VIA23_1cut      3.687    0.012    0.046    false
M3-M4    VIA34_1cut      3.687    0.012    0.046    false
M4-M5    VIA45_1cut      3.687    0.012    0.046    false
M5-M6    VIA56_1cut      3.687    0.012    0.046    false
M6-M7    VIA67_1cut      3.687    0.011    0.042    false
M7-M8    VIA78_1cut_H    0.126    0.082    0.010    false
M8-M9    VIA89_1cut      0.126    0.059    0.007    false
M9-AP    VIA9AP_1cutA    0.025    1.260    0.032    false
----------------------------------------------------------------

Have 48 CPUs available for CTS. Selected algorithms will run multithreaded.
No ideal or dont_touch nets found in the clock tree
No dont_touch hnets found in the clock tree
Validating CTS configuration done. (took cpu=0:00:03.3 real=0:00:03.3)
CCOpt configuration status: all checks passed.
Adding exclusion drivers to pins that are effective_sink_type exclude...
    Adding exclusion drivers (these will be instances of the smallest area library cells).
  No exclusion drivers are needed.
Adding exclusion drivers to pins that are effective_sink_type exclude done.
Antenna diode management...
  Found 0 antenna diodes in the clock trees.
  
Antenna diode management done.
Adding driver cells for primary IOs...
  
  ----------------------------------------------------------------------------------------------
  CCOpt reported the following when adding drivers below input ports and above output ports     
  ----------------------------------------------------------------------------------------------
    (empty table)
  ----------------------------------------------------------------------------------------------
  
  
Adding driver cells for primary IOs done.
Adding driver cell for primary IO roots...
Adding driver cell for primary IO roots done.
Maximizing clock DAG abstraction...
Maximizing clock DAG abstraction done.
CCOpt::Phase::PreparingToBalance done. (took cpu=0:00:06.3 real=0:00:03.8)
Synthesizing clock trees...
  Preparing To Balance...
  Checking for inverting clock gates...
  Checking for inverting clock gates done.
  Merging duplicate siblings in DAG...
    Clock DAG stats before merging:
      cell counts      : b=0, i=0, icg=0, nicg=0, l=0, total=0
      cell areas       : b=0.000um^2, i=0.000um^2, icg=0.000um^2, nicg=0.000um^2, l=0.000um^2, total=0.000um^2
      hp wire lengths  : top=0.000um, trunk=0.000um, leaf=0.000um, total=0.000um
    Resynthesising clock tree into netlist...
      Reset timing graph...
Ignoring AAE DB Resetting ...
      Reset timing graph done.
    Resynthesising clock tree into netlist done.
    
    Disconnecting clock tree from netlist...
    Disconnecting clock tree from netlist done.
  Merging duplicate siblings in DAG done.
  Preparing To Balance done. (took cpu=0:00:00.2 real=0:00:00.2)
  CCOpt::Phase::Construction...
  Stage::Clustering...
  Clustering...
    Initialize for clustering...
    Clock DAG stats before clustering:
      cell counts      : b=0, i=0, icg=0, nicg=0, l=0, total=0
      cell areas       : b=0.000um^2, i=0.000um^2, icg=0.000um^2, nicg=0.000um^2, l=0.000um^2, total=0.000um^2
      hp wire lengths  : top=0.000um, trunk=0.000um, leaf=0.000um, total=0.000um
    Computing max distances from locked parents...
      Computing distance_from_locked_parent_restrictions for 0 nodes driven by 0 locked parents
    Computing max distances from locked parents done.
    Initialize for clustering done. (took cpu=0:00:00.0 real=0:00:00.0)
    Bottom-up phase...
    Clustering clock_tree clk...
    Clustering clock_tree clk done.
    Clock DAG stats after bottom-up phase:
      cell counts      : b=1, i=0, icg=0, nicg=0, l=0, total=1
      cell areas       : b=7.409um^2, i=0.000um^2, icg=0.000um^2, nicg=0.000um^2, l=0.000um^2, total=7.409um^2
      hp wire lengths  : top=0.000um, trunk=0.000um, leaf=283.500um, total=283.500um
    Clock DAG library cell distribution after bottom-up phase {count}:
       Bufs: BUFFD24BWP: 1 
    Bottom-up phase done. (took cpu=0:00:00.1 real=0:00:00.1)
    Legalizing clock trees...
    Resynthesising clock tree into netlist...
      Reset timing graph...
Ignoring AAE DB Resetting ...
      Reset timing graph done.
    Resynthesising clock tree into netlist done.
    Commiting net attributes....
    Commiting net attributes. done.
    Leaving CCOpt scope - ClockRefiner...
    Performing a single pass refine place with FGC disabled for clock sinks and datapath.
*** Starting refinePlace (0:15:58 mem=3954.0M) ***
Total net bbox length = 8.119e+03 (7.572e+03 5.465e+02) (ext = 2.872e+03)
Move report: Detail placement moves 6 insts, mean move: 0.93 um, max move: 1.82 um
	Max move on inst (U358): (152.36, 3.26) --> (151.80, 2.00)
	Runtime: CPU: 0:00:00.1 REAL: 0:00:00.0 MEM: 3954.0MB
Summary Report:
Instances move: 6 (out of 279 movable)
Instances flipped: 0
Mean displacement: 0.93 um
Max displacement: 1.82 um (Instance: U358) (152.36, 3.26) -> (151.8, 2)
	Length: 12 sites, height: 1 rows, site name: core, cell type: AOI31D2BWP
Total net bbox length = 8.124e+03 (7.572e+03 5.520e+02) (ext = 2.872e+03)
Runtime: CPU: 0:00:00.1 REAL: 0:00:00.0 MEM: 3954.0MB
*** Finished refinePlace (0:15:58 mem=3954.0M) ***
    Moved 0, flipped 0 and cell swapped 0 of 77 clock instance(s) during refinement.
    The largest move was 0 microns for .
    Leaving CCOpt scope - ClockRefiner done. (took cpu=0:00:00.5 real=0:00:00.4)
    Disconnecting clock tree from netlist...
    Disconnecting clock tree from netlist done.
    Clock tree timing engine global stage delay update for fast_delay:setup.late...
    Clock tree timing engine global stage delay update for fast_delay:setup.late done. (took cpu=0:00:00.0 real=0:00:00.0)
    
    Clock tree legalization - Histogram:
    ====================================
    
    --------------------------------
    Movement (um)    Number of cells
    --------------------------------
      (empty table)
    --------------------------------
    
    
    Clock tree legalization - There are no Movements:
    =================================================
    
    ---------------------------------------------
    Movement (um)    Desired     Achieved    Node
                     location    location    
    ---------------------------------------------
      (empty table)
    ---------------------------------------------
    
    Legalizing clock trees done. (took cpu=0:00:00.7 real=0:00:00.5)
    Clock DAG stats after 'Clustering':
      cell counts      : b=1, i=0, icg=0, nicg=0, l=0, total=1
      cell areas       : b=7.409um^2, i=0.000um^2, icg=0.000um^2, nicg=0.000um^2, l=0.000um^2, total=7.409um^2
      cell capacitance : b=0.004pF, i=0.000pF, icg=0.000pF, nicg=0.000pF, l=0.000pF, total=0.004pF
      sink capacitance : count=76, total=0.035pF, avg=0.000pF, sd=0.000pF, min=0.000pF, max=0.000pF
      wire capacitance : top=0.000pF, trunk=0.017pF, leaf=0.043pF, total=0.059pF
      wire lengths     : top=0.000um, trunk=155.110um, leaf=355.180um, total=510.290um
      hp wire lengths  : top=0.000um, trunk=0.000um, leaf=283.500um, total=283.500um
    Clock DAG net violations after 'Clustering': none
    Clock DAG primary half-corner transition distribution after 'Clustering':
      Trunk : target=0.271ns count=1 avg=0.200ns sd=0.000ns min=0.200ns max=0.200ns {0 <= 0.163ns, 1 <= 0.217ns, 0 <= 0.244ns, 0 <= 0.258ns, 0 <= 0.271ns}
      Leaf  : target=0.271ns count=1 avg=0.047ns sd=0.000ns min=0.047ns max=0.047ns {1 <= 0.163ns, 0 <= 0.217ns, 0 <= 0.244ns, 0 <= 0.258ns, 0 <= 0.271ns}
    Clock DAG library cell distribution after 'Clustering' {count}:
       Bufs: BUFFD24BWP: 1 
    Primary reporting skew groups after 'Clustering':
      skew_group clk/cons_mode: insertion delay [min=0.072, max=0.079, avg=0.076, sd=0.002], skew [0.006 vs 0.100], 100% {0.072, 0.079} (wid=0.011 ws=0.006) (gid=0.067 gs=0.000)
    Skew group summary after 'Clustering':
      skew_group clk/cons_mode: insertion delay [min=0.072, max=0.079, avg=0.076, sd=0.002], skew [0.006 vs 0.100], 100% {0.072, 0.079} (wid=0.011 ws=0.006) (gid=0.067 gs=0.000)
    Legalizer API calls during this step: 9 succeeded with high effort: 9 succeeded with medium effort: 0 succeeded with low effort: 0 succeeded with basic effort: 0 succeeded with basic unbounded effort: 0
  Clustering done. (took cpu=0:00:00.8 real=0:00:00.6)
  Looking for fanout violations...
  Looking for fanout violations done.
  CongRepair After Initial Clustering...
  Reset timing graph...
Ignoring AAE DB Resetting ...
  Reset timing graph done.
  Leaving CCOpt scope - Early Global Route...
  Clock implementation routing...
Net route status summary:
  Clock:         2 (unrouted=2, trialRouted=0, noStatus=0, routed=0, fixed=0, [crossesIlmBoundary=0, tooFewTerms=0, (crossesIlmBoundary AND tooFewTerms=0)])
  Non-clock:   316 (unrouted=2, trialRouted=314, noStatus=0, routed=0, fixed=0, [crossesIlmBoundary=0, tooFewTerms=2, (crossesIlmBoundary AND tooFewTerms=0)])
    Routing using eGR only...
      Early Global Route - eGR->NR step...
(ccopt eGR): There are 2 nets for routing of which 2 have one or more fixed wires.
(ccopt eGR): Start to route 2 all nets
[NR-eGR] Track table information for default rule: 
[NR-eGR] M1 has no routable track
[NR-eGR] M2 has single uniform track structure
[NR-eGR] M3 has single uniform track structure
[NR-eGR] M4 has single uniform track structure
[NR-eGR] M5 has single uniform track structure
[NR-eGR] M6 has single uniform track structure
[NR-eGR] M7 has single uniform track structure
[NR-eGR] M8 has single uniform track structure
[NR-eGR] M9 has single uniform track structure
[NR-eGR] AP has single uniform track structure
[NR-eGR] Started Read PG Shapes ( Curr Mem: 3953.97 MB )
[NR-eGR] Read 170 PG shapes
[NR-eGR] Finished Read PG Shapes ( CPU: 0.00 sec, Real: 0.00 sec, Curr Mem: 3953.97 MB )
[NR-eGR] #Routing Blockages  : 0
[NR-eGR] #Instance Blockages : 0
[NR-eGR] #PG Blockages       : 170
[NR-eGR] #Bump Blockages     : 0
[NR-eGR] #Boundary Blockages : 0
[NR-eGR] Num Prerouted Nets = 0  Num Prerouted Wires = 0
[NR-eGR] Read numTotalNets=316  numIgnoredNets=314
[NR-eGR] Connected 0 must-join pins/ports
[NR-eGR] There are 2 clock nets ( 0 with NDR ).
[NR-eGR] ============ Routing rule table ============
[NR-eGR] Rule id: 0  Nets: 2 
[NR-eGR] ========================================
[NR-eGR] 
[NR-eGR] Layer group 1: route 2 net(s) in layer range [3, 4]
[NR-eGR] earlyGlobalRoute overflow of layer group 1: 0.00% H + 0.00% V. EstWL: 5.090400e+02um
[NR-eGR] 
[NR-eGR] Congestion Analysis By layer: (blocked Gcells are excluded) 
[NR-eGR]                        OverCon            
[NR-eGR]                         #Gcell     %Gcell
[NR-eGR]       Layer                (0)    OverCon 
[NR-eGR] ----------------------------------------------
[NR-eGR]      M1  (1)         0( 0.00%)   ( 0.00%) 
[NR-eGR]      M2  (2)         0( 0.00%)   ( 0.00%) 
[NR-eGR]      M3  (3)         0( 0.00%)   ( 0.00%) 
[NR-eGR]      M4  (4)         0( 0.00%)   ( 0.00%) 
[NR-eGR]      M5  (5)         0( 0.00%)   ( 0.00%) 
[NR-eGR]      M6  (6)         0( 0.00%)   ( 0.00%) 
[NR-eGR]      M7  (7)         0( 0.00%)   ( 0.00%) 
[NR-eGR]      M8  (8)         0( 0.00%)   ( 0.00%) 
[NR-eGR]      M9  (9)         0( 0.00%)   ( 0.00%) 
[NR-eGR]      AP (10)         0( 0.00%)   ( 0.00%) 
[NR-eGR] ----------------------------------------------
[NR-eGR] Total                0( 0.00%)   ( 0.00%) 
[NR-eGR] 
[NR-eGR] Overflow after earlyGlobalRoute (GR compatible) 0.00% H + 0.00% V
[NR-eGR] Overflow after earlyGlobalRoute 0.00% H + 0.00% V
[NR-eGR] --------------------------------------------------------------------------
[NR-eGR]     M1  (1F) length: 0.000000e+00um, number of vias: 960
[NR-eGR]     M2  (2H) length: 3.172090e+03um, number of vias: 1458
[NR-eGR]     M3  (3V) length: 7.011200e+02um, number of vias: 246
[NR-eGR]     M4  (4H) length: 2.699840e+03um, number of vias: 74
[NR-eGR]     M5  (5V) length: 7.224000e+01um, number of vias: 28
[NR-eGR]     M6  (6H) length: 1.750980e+03um, number of vias: 0
[NR-eGR]     M7  (7V) length: 0.000000e+00um, number of vias: 0
[NR-eGR]     M8  (8H) length: 0.000000e+00um, number of vias: 0
[NR-eGR]     M9  (9V) length: 0.000000e+00um, number of vias: 0
[NR-eGR]     AP (10H) length: 0.000000e+00um, number of vias: 0
[NR-eGR] Total length: 8.396270e+03um, number of vias: 2766
[NR-eGR] --------------------------------------------------------------------------
[NR-eGR] Total eGR-routed clock nets wire length: 5.140700e+02um 
[NR-eGR] --------------------------------------------------------------------------
[NR-eGR] Report for selected net(s) only.
[NR-eGR]     M1  (1V) length: 0.000000e+00um, number of vias: 78
[NR-eGR]     M2  (2H) length: 8.400000e+00um, number of vias: 73
[NR-eGR]     M3  (3V) length: 7.238000e+01um, number of vias: 72
[NR-eGR]     M4  (4H) length: 4.332900e+02um, number of vias: 0
[NR-eGR]     M5  (5V) length: 0.000000e+00um, number of vias: 0
[NR-eGR]     M6  (6H) length: 0.000000e+00um, number of vias: 0
[NR-eGR]     M7  (7V) length: 0.000000e+00um, number of vias: 0
[NR-eGR]     M8  (8H) length: 0.000000e+00um, number of vias: 0
[NR-eGR]     M9  (9V) length: 0.000000e+00um, number of vias: 0
[NR-eGR]     AP (10H) length: 0.000000e+00um, number of vias: 0
[NR-eGR] Total length: 5.140700e+02um, number of vias: 223
[NR-eGR] --------------------------------------------------------------------------
[NR-eGR] Total routed clock nets wire length: 5.140700e+02um, number of vias: 223
[NR-eGR] --------------------------------------------------------------------------
[NR-eGR] Finished Early Global Route kernel ( CPU: 0.17 sec, Real: 0.10 sec, Curr Mem: 3626.04 MB )
Generated NR early global route guides for clocks to: /home/yingna/temp/innovus_temp_33331_pdk5_yingna_oEJMWS/.rgf3nGqhP
      Early Global Route - eGR->NR step done. (took cpu=0:00:00.2 real=0:00:00.2)
    Routing using eGR only done.
Net route status summary:
  Clock:         2 (unrouted=0, trialRouted=0, noStatus=0, routed=2, fixed=0, [crossesIlmBoundary=0, tooFewTerms=0, (crossesIlmBoundary AND tooFewTerms=0)])
  Non-clock:   316 (unrouted=2, trialRouted=314, noStatus=0, routed=0, fixed=0, [crossesIlmBoundary=0, tooFewTerms=2, (crossesIlmBoundary AND tooFewTerms=0)])

CCOPT: Done with clock implementation routing.

  Clock implementation routing done.
  CCOpt: Starting congestion repair using flow wrapper...
    Congestion Repair...

Starting congRepair ...
Collecting buffer chain nets ...
[NR-eGR] Track table information for default rule: 
[NR-eGR] M1 has no routable track
[NR-eGR] M2 has single uniform track structure
[NR-eGR] M3 has single uniform track structure
[NR-eGR] M4 has single uniform track structure
[NR-eGR] M5 has single uniform track structure
[NR-eGR] M6 has single uniform track structure
[NR-eGR] M7 has single uniform track structure
[NR-eGR] M8 has single uniform track structure
[NR-eGR] M9 has single uniform track structure
[NR-eGR] AP has single uniform track structure
[NR-eGR] Started Read PG Shapes ( Curr Mem: 3626.04 MB )
[NR-eGR] Read 78 PG shapes
[NR-eGR] Finished Read PG Shapes ( CPU: 0.00 sec, Real: 0.00 sec, Curr Mem: 3626.04 MB )
[NR-eGR] #Routing Blockages  : 0
[NR-eGR] #Instance Blockages : 0
[NR-eGR] #PG Blockages       : 78
[NR-eGR] #Bump Blockages     : 0
[NR-eGR] #Boundary Blockages : 0
[NR-eGR] Num Prerouted Nets = 2  Num Prerouted Wires = 219
[NR-eGR] Read numTotalNets=316  numIgnoredNets=2
[NR-eGR] ============ Routing rule table ============
[NR-eGR] Rule id: 0  Nets: 314 
[NR-eGR] ========================================
[NR-eGR] 
[NR-eGR] Layer group 1: route 314 net(s) in layer range [2, 10]
[NR-eGR] earlyGlobalRoute overflow of layer group 1: 0.00% H + 0.00% V. EstWL: 7.672140e+03um
[NR-eGR] 
[NR-eGR] Congestion Analysis By layer: (blocked Gcells are excluded) 
[NR-eGR]                        OverCon            
[NR-eGR]                         #Gcell     %Gcell
[NR-eGR]       Layer                (0)    OverCon 
[NR-eGR] ----------------------------------------------
[NR-eGR]      M1  (1)         0( 0.00%)   ( 0.00%) 
[NR-eGR]      M2  (2)         0( 0.00%)   ( 0.00%) 
[NR-eGR]      M3  (3)         0( 0.00%)   ( 0.00%) 
[NR-eGR]      M4  (4)         0( 0.00%)   ( 0.00%) 
[NR-eGR]      M5  (5)         0( 0.00%)   ( 0.00%) 
[NR-eGR]      M6  (6)         0( 0.00%)   ( 0.00%) 
[NR-eGR]      M7  (7)         0( 0.00%)   ( 0.00%) 
[NR-eGR]      M8  (8)         0( 0.00%)   ( 0.00%) 
[NR-eGR]      M9  (9)         0( 0.00%)   ( 0.00%) 
[NR-eGR]      AP (10)         0( 0.00%)   ( 0.00%) 
[NR-eGR] ----------------------------------------------
[NR-eGR] Total                0( 0.00%)   ( 0.00%) 
[NR-eGR] 
[NR-eGR] Overflow after earlyGlobalRoute (GR compatible) 0.00% H + 0.00% V
[NR-eGR] Overflow after earlyGlobalRoute 0.00% H + 0.00% V
Early Global Route congestion estimation runtime: 0.63 seconds, mem = 3730.1M
Local HotSpot Analysis: normalized max congestion hotspot area = 0.00, normalized total congestion hotspot area = 0.00 (area is in unit of 4 std-cell row bins)
Skipped repairing congestion.
[NR-eGR] --------------------------------------------------------------------------
[NR-eGR]     M1  (1F) length: 0.000000e+00um, number of vias: 960
[NR-eGR]     M2  (2H) length: 3.081790e+03um, number of vias: 1445
[NR-eGR]     M3  (3V) length: 6.899200e+02um, number of vias: 238
[NR-eGR]     M4  (4H) length: 2.417460e+03um, number of vias: 76
[NR-eGR]     M5  (5V) length: 7.896000e+01um, number of vias: 34
[NR-eGR]     M6  (6H) length: 2.121420e+03um, number of vias: 0
[NR-eGR]     M7  (7V) length: 0.000000e+00um, number of vias: 0
[NR-eGR]     M8  (8H) length: 0.000000e+00um, number of vias: 0
[NR-eGR]     M9  (9V) length: 0.000000e+00um, number of vias: 0
[NR-eGR]     AP (10H) length: 0.000000e+00um, number of vias: 0
[NR-eGR] Total length: 8.389550e+03um, number of vias: 2753
[NR-eGR] --------------------------------------------------------------------------
[NR-eGR] Total eGR-routed clock nets wire length: 0.000000e+00um 
[NR-eGR] --------------------------------------------------------------------------
Early Global Route wiring runtime: 0.18 seconds, mem = 3730.1M
End of congRepair (cpu=0:00:00.9, real=0:00:00.0)
    Congestion Repair done. (took cpu=0:00:01.0 real=0:00:00.2)
  CCOpt: Starting congestion repair using flow wrapper done.
  Leaving CCOpt scope - Early Global Route done. (took cpu=0:00:01.5 real=0:00:00.6)
  Leaving CCOpt scope - extractRC...
  Updating RC parasitics by calling: "extractRC -noRouteCheck"...
Extraction called for design 'global_ctrl' of instances=303 and nets=318 using extraction engine 'preRoute' .
PreRoute RC Extraction called for design global_ctrl.
RC Extraction called in multi-corner(3) mode.
RCMode: PreRoute
      RC Corner Indexes            0       1       2   
Capacitance Scaling Factor   : 1.00000 1.00000 1.00000 
Resistance Scaling Factor    : 1.00000 1.00000 1.00000 
Clock Cap. Scaling Factor    : 1.00000 1.00000 1.00000 
Clock Res. Scaling Factor    : 1.00000 1.00000 1.00000 
Shrink Factor                : 0.90000
PreRoute extraction is honoring NDR/Shielding/ExtraSpace for clock nets.
Using Quantus QRC technology file ...
Updating RC grid for preRoute extraction ...
Initializing multi-corner resistance tables ...
PreRoute RC Extraction DONE (CPU Time: 0:00:00.0  Real Time: 0:00:00.0  MEM: 3730.148M)
  Updating RC parasitics by calling: "extractRC -noRouteCheck" done.
  Leaving CCOpt scope - extractRC done. (took cpu=0:00:00.0 real=0:00:00.0)
  Clock tree timing engine global stage delay update for fast_delay:setup.late...
  Clock tree timing engine global stage delay update for fast_delay:setup.late done. (took cpu=0:00:00.0 real=0:00:00.0)
  Clock DAG stats after clustering cong repair call:
    cell counts      : b=1, i=0, icg=0, nicg=0, l=0, total=1
    cell areas       : b=7.409um^2, i=0.000um^2, icg=0.000um^2, nicg=0.000um^2, l=0.000um^2, total=7.409um^2
    cell capacitance : b=0.004pF, i=0.000pF, icg=0.000pF, nicg=0.000pF, l=0.000pF, total=0.004pF
    sink capacitance : count=76, total=0.035pF, avg=0.000pF, sd=0.000pF, min=0.000pF, max=0.000pF
    wire capacitance : top=0.000pF, trunk=0.017pF, leaf=0.043pF, total=0.060pF
    wire lengths     : top=0.000um, trunk=155.110um, leaf=355.180um, total=510.290um
    hp wire lengths  : top=0.000um, trunk=0.000um, leaf=283.500um, total=283.500um
  Clock DAG net violations after clustering cong repair call: none
  Clock DAG primary half-corner transition distribution after clustering cong repair call:
    Trunk : target=0.271ns count=1 avg=0.200ns sd=0.000ns min=0.200ns max=0.200ns {0 <= 0.163ns, 1 <= 0.217ns, 0 <= 0.244ns, 0 <= 0.258ns, 0 <= 0.271ns}
    Leaf  : target=0.271ns count=1 avg=0.047ns sd=0.000ns min=0.047ns max=0.047ns {1 <= 0.163ns, 0 <= 0.217ns, 0 <= 0.244ns, 0 <= 0.258ns, 0 <= 0.271ns}
  Clock DAG library cell distribution after clustering cong repair call {count}:
     Bufs: BUFFD24BWP: 1 
  Primary reporting skew groups after clustering cong repair call:
    skew_group clk/cons_mode: insertion delay [min=0.072, max=0.079, avg=0.076, sd=0.002], skew [0.006 vs 0.100], 100% {0.072, 0.079} (wid=0.011 ws=0.006) (gid=0.067 gs=0.000)
  Skew group summary after clustering cong repair call:
    skew_group clk/cons_mode: insertion delay [min=0.072, max=0.079, avg=0.076, sd=0.002], skew [0.006 vs 0.100], 100% {0.072, 0.079} (wid=0.011 ws=0.006) (gid=0.067 gs=0.000)
  CongRepair After Initial Clustering done. (took cpu=0:00:01.5 real=0:00:00.6)
  Stage::Clustering done. (took cpu=0:00:02.3 real=0:00:01.2)
  Stage::DRV Fixing...
  Fixing clock tree slew time and max cap violations...
    Fixing clock tree overload: ...20% ...40% ...60% ...80% ...100% 
    Clock DAG stats after 'Fixing clock tree slew time and max cap violations':
      cell counts      : b=1, i=0, icg=0, nicg=0, l=0, total=1
      cell areas       : b=7.409um^2, i=0.000um^2, icg=0.000um^2, nicg=0.000um^2, l=0.000um^2, total=7.409um^2
      cell capacitance : b=0.004pF, i=0.000pF, icg=0.000pF, nicg=0.000pF, l=0.000pF, total=0.004pF
      sink capacitance : count=76, total=0.035pF, avg=0.000pF, sd=0.000pF, min=0.000pF, max=0.000pF
      wire capacitance : top=0.000pF, trunk=0.017pF, leaf=0.043pF, total=0.060pF
      wire lengths     : top=0.000um, trunk=155.110um, leaf=355.180um, total=510.290um
      hp wire lengths  : top=0.000um, trunk=0.000um, leaf=283.500um, total=283.500um
    Clock DAG net violations after 'Fixing clock tree slew time and max cap violations': none
    Clock DAG primary half-corner transition distribution after 'Fixing clock tree slew time and max cap violations':
      Trunk : target=0.271ns count=1 avg=0.200ns sd=0.000ns min=0.200ns max=0.200ns {0 <= 0.163ns, 1 <= 0.217ns, 0 <= 0.244ns, 0 <= 0.258ns, 0 <= 0.271ns}
      Leaf  : target=0.271ns count=1 avg=0.047ns sd=0.000ns min=0.047ns max=0.047ns {1 <= 0.163ns, 0 <= 0.217ns, 0 <= 0.244ns, 0 <= 0.258ns, 0 <= 0.271ns}
    Clock DAG library cell distribution after 'Fixing clock tree slew time and max cap violations' {count}:
       Bufs: BUFFD24BWP: 1 
    Primary reporting skew groups after 'Fixing clock tree slew time and max cap violations':
      skew_group clk/cons_mode: insertion delay [min=0.072, max=0.079], skew [0.006 vs 0.100]
    Skew group summary after 'Fixing clock tree slew time and max cap violations':
      skew_group clk/cons_mode: insertion delay [min=0.072, max=0.079], skew [0.006 vs 0.100]
    Legalizer API calls during this step: 0 succeeded with high effort: 0 succeeded with medium effort: 0 succeeded with low effort: 0 succeeded with basic effort: 0 succeeded with basic unbounded effort: 0
  Fixing clock tree slew time and max cap violations done. (took cpu=0:00:00.0 real=0:00:00.0)
  Fixing clock tree slew time and max cap violations - detailed pass...
    Fixing clock tree overload: ...20% ...40% ...60% ...80% ...100% 
    Clock DAG stats after 'Fixing clock tree slew time and max cap violations - detailed pass':
      cell counts      : b=1, i=0, icg=0, nicg=0, l=0, total=1
      cell areas       : b=7.409um^2, i=0.000um^2, icg=0.000um^2, nicg=0.000um^2, l=0.000um^2, total=7.409um^2
      cell capacitance : b=0.004pF, i=0.000pF, icg=0.000pF, nicg=0.000pF, l=0.000pF, total=0.004pF
      sink capacitance : count=76, total=0.035pF, avg=0.000pF, sd=0.000pF, min=0.000pF, max=0.000pF
      wire capacitance : top=0.000pF, trunk=0.017pF, leaf=0.043pF, total=0.060pF
      wire lengths     : top=0.000um, trunk=155.110um, leaf=355.180um, total=510.290um
      hp wire lengths  : top=0.000um, trunk=0.000um, leaf=283.500um, total=283.500um
    Clock DAG net violations after 'Fixing clock tree slew time and max cap violations - detailed pass': none
    Clock DAG primary half-corner transition distribution after 'Fixing clock tree slew time and max cap violations - detailed pass':
      Trunk : target=0.271ns count=1 avg=0.200ns sd=0.000ns min=0.200ns max=0.200ns {0 <= 0.163ns, 1 <= 0.217ns, 0 <= 0.244ns, 0 <= 0.258ns, 0 <= 0.271ns}
      Leaf  : target=0.271ns count=1 avg=0.047ns sd=0.000ns min=0.047ns max=0.047ns {1 <= 0.163ns, 0 <= 0.217ns, 0 <= 0.244ns, 0 <= 0.258ns, 0 <= 0.271ns}
    Clock DAG library cell distribution after 'Fixing clock tree slew time and max cap violations - detailed pass' {count}:
       Bufs: BUFFD24BWP: 1 
    Primary reporting skew groups after 'Fixing clock tree slew time and max cap violations - detailed pass':
      skew_group clk/cons_mode: insertion delay [min=0.072, max=0.079, avg=0.076, sd=0.002], skew [0.006 vs 0.100], 100% {0.072, 0.079} (wid=0.011 ws=0.006) (gid=0.067 gs=0.000)
    Skew group summary after 'Fixing clock tree slew time and max cap violations - detailed pass':
      skew_group clk/cons_mode: insertion delay [min=0.072, max=0.079, avg=0.076, sd=0.002], skew [0.006 vs 0.100], 100% {0.072, 0.079} (wid=0.011 ws=0.006) (gid=0.067 gs=0.000)
    Legalizer API calls during this step: 0 succeeded with high effort: 0 succeeded with medium effort: 0 succeeded with low effort: 0 succeeded with basic effort: 0 succeeded with basic unbounded effort: 0
  Fixing clock tree slew time and max cap violations - detailed pass done. (took cpu=0:00:00.0 real=0:00:00.0)
  Stage::DRV Fixing done. (took cpu=0:00:00.0 real=0:00:00.0)
  Stage::Insertion Delay Reduction...
  Removing unnecessary root buffering...
    Clock DAG stats after 'Removing unnecessary root buffering':
      cell counts      : b=1, i=0, icg=0, nicg=0, l=0, total=1
      cell areas       : b=7.409um^2, i=0.000um^2, icg=0.000um^2, nicg=0.000um^2, l=0.000um^2, total=7.409um^2
      cell capacitance : b=0.004pF, i=0.000pF, icg=0.000pF, nicg=0.000pF, l=0.000pF, total=0.004pF
      sink capacitance : count=76, total=0.035pF, avg=0.000pF, sd=0.000pF, min=0.000pF, max=0.000pF
      wire capacitance : top=0.000pF, trunk=0.017pF, leaf=0.043pF, total=0.060pF
      wire lengths     : top=0.000um, trunk=155.110um, leaf=355.180um, total=510.290um
      hp wire lengths  : top=0.000um, trunk=0.000um, leaf=283.500um, total=283.500um
    Clock DAG net violations after 'Removing unnecessary root buffering': none
    Clock DAG primary half-corner transition distribution after 'Removing unnecessary root buffering':
      Trunk : target=0.271ns count=1 avg=0.200ns sd=0.000ns min=0.200ns max=0.200ns {0 <= 0.163ns, 1 <= 0.217ns, 0 <= 0.244ns, 0 <= 0.258ns, 0 <= 0.271ns}
      Leaf  : target=0.271ns count=1 avg=0.047ns sd=0.000ns min=0.047ns max=0.047ns {1 <= 0.163ns, 0 <= 0.217ns, 0 <= 0.244ns, 0 <= 0.258ns, 0 <= 0.271ns}
    Clock DAG library cell distribution after 'Removing unnecessary root buffering' {count}:
       Bufs: BUFFD24BWP: 1 
    Primary reporting skew groups after 'Removing unnecessary root buffering':
      skew_group clk/cons_mode: insertion delay [min=0.072, max=0.079], skew [0.006 vs 0.100]
    Skew group summary after 'Removing unnecessary root buffering':
      skew_group clk/cons_mode: insertion delay [min=0.072, max=0.079], skew [0.006 vs 0.100]
    Legalizer API calls during this step: 0 succeeded with high effort: 0 succeeded with medium effort: 0 succeeded with low effort: 0 succeeded with basic effort: 0 succeeded with basic unbounded effort: 0
  Removing unnecessary root buffering done. (took cpu=0:00:00.0 real=0:00:00.0)
  Removing unconstrained drivers...
    Clock DAG stats after 'Removing unconstrained drivers':
      cell counts      : b=1, i=0, icg=0, nicg=0, l=0, total=1
      cell areas       : b=7.409um^2, i=0.000um^2, icg=0.000um^2, nicg=0.000um^2, l=0.000um^2, total=7.409um^2
      cell capacitance : b=0.004pF, i=0.000pF, icg=0.000pF, nicg=0.000pF, l=0.000pF, total=0.004pF
      sink capacitance : count=76, total=0.035pF, avg=0.000pF, sd=0.000pF, min=0.000pF, max=0.000pF
      wire capacitance : top=0.000pF, trunk=0.017pF, leaf=0.043pF, total=0.060pF
      wire lengths     : top=0.000um, trunk=155.110um, leaf=355.180um, total=510.290um
      hp wire lengths  : top=0.000um, trunk=0.000um, leaf=283.500um, total=283.500um
    Clock DAG net violations after 'Removing unconstrained drivers': none
    Clock DAG primary half-corner transition distribution after 'Removing unconstrained drivers':
      Trunk : target=0.271ns count=1 avg=0.200ns sd=0.000ns min=0.200ns max=0.200ns {0 <= 0.163ns, 1 <= 0.217ns, 0 <= 0.244ns, 0 <= 0.258ns, 0 <= 0.271ns}
      Leaf  : target=0.271ns count=1 avg=0.047ns sd=0.000ns min=0.047ns max=0.047ns {1 <= 0.163ns, 0 <= 0.217ns, 0 <= 0.244ns, 0 <= 0.258ns, 0 <= 0.271ns}
    Clock DAG library cell distribution after 'Removing unconstrained drivers' {count}:
       Bufs: BUFFD24BWP: 1 
    Primary reporting skew groups after 'Removing unconstrained drivers':
      skew_group clk/cons_mode: insertion delay [min=0.072, max=0.079], skew [0.006 vs 0.100]
    Skew group summary after 'Removing unconstrained drivers':
      skew_group clk/cons_mode: insertion delay [min=0.072, max=0.079], skew [0.006 vs 0.100]
    Legalizer API calls during this step: 0 succeeded with high effort: 0 succeeded with medium effort: 0 succeeded with low effort: 0 succeeded with basic effort: 0 succeeded with basic unbounded effort: 0
  Removing unconstrained drivers done. (took cpu=0:00:00.0 real=0:00:00.0)
  Checking for inverting clock gates...
  Checking for inverting clock gates done.
  Reducing insertion delay 1...
    Clock DAG stats after 'Reducing insertion delay 1':
      cell counts      : b=1, i=0, icg=0, nicg=0, l=0, total=1
      cell areas       : b=7.409um^2, i=0.000um^2, icg=0.000um^2, nicg=0.000um^2, l=0.000um^2, total=7.409um^2
      cell capacitance : b=0.004pF, i=0.000pF, icg=0.000pF, nicg=0.000pF, l=0.000pF, total=0.004pF
      sink capacitance : count=76, total=0.035pF, avg=0.000pF, sd=0.000pF, min=0.000pF, max=0.000pF
      wire capacitance : top=0.000pF, trunk=0.017pF, leaf=0.043pF, total=0.060pF
      wire lengths     : top=0.000um, trunk=155.110um, leaf=355.180um, total=510.290um
      hp wire lengths  : top=0.000um, trunk=0.000um, leaf=283.500um, total=283.500um
    Clock DAG net violations after 'Reducing insertion delay 1': none
    Clock DAG primary half-corner transition distribution after 'Reducing insertion delay 1':
      Trunk : target=0.271ns count=1 avg=0.200ns sd=0.000ns min=0.200ns max=0.200ns {0 <= 0.163ns, 1 <= 0.217ns, 0 <= 0.244ns, 0 <= 0.258ns, 0 <= 0.271ns}
      Leaf  : target=0.271ns count=1 avg=0.047ns sd=0.000ns min=0.047ns max=0.047ns {1 <= 0.163ns, 0 <= 0.217ns, 0 <= 0.244ns, 0 <= 0.258ns, 0 <= 0.271ns}
    Clock DAG library cell distribution after 'Reducing insertion delay 1' {count}:
       Bufs: BUFFD24BWP: 1 
    Primary reporting skew groups after 'Reducing insertion delay 1':
      skew_group clk/cons_mode: insertion delay [min=0.072, max=0.079], skew [0.006 vs 0.100]
    Skew group summary after 'Reducing insertion delay 1':
      skew_group clk/cons_mode: insertion delay [min=0.072, max=0.079], skew [0.006 vs 0.100]
    Legalizer API calls during this step: 11 succeeded with high effort: 11 succeeded with medium effort: 0 succeeded with low effort: 0 succeeded with basic effort: 0 succeeded with basic unbounded effort: 0
  Reducing insertion delay 1 done. (took cpu=0:00:00.0 real=0:00:00.0)
  Removing longest path buffering...
    Clock DAG stats after 'Removing longest path buffering':
      cell counts      : b=1, i=0, icg=0, nicg=0, l=0, total=1
      cell areas       : b=7.409um^2, i=0.000um^2, icg=0.000um^2, nicg=0.000um^2, l=0.000um^2, total=7.409um^2
      cell capacitance : b=0.004pF, i=0.000pF, icg=0.000pF, nicg=0.000pF, l=0.000pF, total=0.004pF
      sink capacitance : count=76, total=0.035pF, avg=0.000pF, sd=0.000pF, min=0.000pF, max=0.000pF
      wire capacitance : top=0.000pF, trunk=0.017pF, leaf=0.043pF, total=0.060pF
      wire lengths     : top=0.000um, trunk=155.110um, leaf=355.180um, total=510.290um
      hp wire lengths  : top=0.000um, trunk=0.000um, leaf=283.500um, total=283.500um
    Clock DAG net violations after 'Removing longest path buffering': none
    Clock DAG primary half-corner transition distribution after 'Removing longest path buffering':
      Trunk : target=0.271ns count=1 avg=0.200ns sd=0.000ns min=0.200ns max=0.200ns {0 <= 0.163ns, 1 <= 0.217ns, 0 <= 0.244ns, 0 <= 0.258ns, 0 <= 0.271ns}
      Leaf  : target=0.271ns count=1 avg=0.047ns sd=0.000ns min=0.047ns max=0.047ns {1 <= 0.163ns, 0 <= 0.217ns, 0 <= 0.244ns, 0 <= 0.258ns, 0 <= 0.271ns}
    Clock DAG library cell distribution after 'Removing longest path buffering' {count}:
       Bufs: BUFFD24BWP: 1 
    Primary reporting skew groups after 'Removing longest path buffering':
      skew_group clk/cons_mode: insertion delay [min=0.072, max=0.079], skew [0.006 vs 0.100]
    Skew group summary after 'Removing longest path buffering':
      skew_group clk/cons_mode: insertion delay [min=0.072, max=0.079], skew [0.006 vs 0.100]
    Legalizer API calls during this step: 0 succeeded with high effort: 0 succeeded with medium effort: 0 succeeded with low effort: 0 succeeded with basic effort: 0 succeeded with basic unbounded effort: 0
  Removing longest path buffering done. (took cpu=0:00:00.0 real=0:00:00.0)
  Reducing insertion delay 2...
    Clock DAG stats after 'Reducing insertion delay 2':
      cell counts      : b=1, i=0, icg=0, nicg=0, l=0, total=1
      cell areas       : b=7.409um^2, i=0.000um^2, icg=0.000um^2, nicg=0.000um^2, l=0.000um^2, total=7.409um^2
      cell capacitance : b=0.004pF, i=0.000pF, icg=0.000pF, nicg=0.000pF, l=0.000pF, total=0.004pF
      sink capacitance : count=76, total=0.035pF, avg=0.000pF, sd=0.000pF, min=0.000pF, max=0.000pF
      wire capacitance : top=0.000pF, trunk=0.017pF, leaf=0.043pF, total=0.060pF
      wire lengths     : top=0.000um, trunk=155.110um, leaf=355.180um, total=510.290um
      hp wire lengths  : top=0.000um, trunk=0.000um, leaf=283.500um, total=283.500um
    Clock DAG net violations after 'Reducing insertion delay 2': none
    Clock DAG primary half-corner transition distribution after 'Reducing insertion delay 2':
      Trunk : target=0.271ns count=1 avg=0.200ns sd=0.000ns min=0.200ns max=0.200ns {0 <= 0.163ns, 1 <= 0.217ns, 0 <= 0.244ns, 0 <= 0.258ns, 0 <= 0.271ns}
      Leaf  : target=0.271ns count=1 avg=0.047ns sd=0.000ns min=0.047ns max=0.047ns {1 <= 0.163ns, 0 <= 0.217ns, 0 <= 0.244ns, 0 <= 0.258ns, 0 <= 0.271ns}
    Clock DAG library cell distribution after 'Reducing insertion delay 2' {count}:
       Bufs: BUFFD24BWP: 1 
    Primary reporting skew groups after 'Reducing insertion delay 2':
      skew_group clk/cons_mode: insertion delay [min=0.072, max=0.079, avg=0.076, sd=0.002], skew [0.006 vs 0.100], 100% {0.072, 0.079} (wid=0.011 ws=0.006) (gid=0.067 gs=0.000)
    Skew group summary after 'Reducing insertion delay 2':
      skew_group clk/cons_mode: insertion delay [min=0.072, max=0.079, avg=0.076, sd=0.002], skew [0.006 vs 0.100], 100% {0.072, 0.079} (wid=0.011 ws=0.006) (gid=0.067 gs=0.000)
    Legalizer API calls during this step: 38 succeeded with high effort: 38 succeeded with medium effort: 0 succeeded with low effort: 0 succeeded with basic effort: 0 succeeded with basic unbounded effort: 0
  Reducing insertion delay 2 done. (took cpu=0:00:00.2 real=0:00:00.2)
  Stage::Insertion Delay Reduction done. (took cpu=0:00:00.3 real=0:00:00.3)
  CCOpt::Phase::Construction done. (took cpu=0:00:02.6 real=0:00:01.5)
  CCOpt::Phase::Implementation...
  Stage::Reducing Power...
  Improving clock tree routing...
    Iteration 1...
    Iteration 1 done.
    Clock DAG stats after 'Improving clock tree routing':
      cell counts      : b=1, i=0, icg=0, nicg=0, l=0, total=1
      cell areas       : b=7.409um^2, i=0.000um^2, icg=0.000um^2, nicg=0.000um^2, l=0.000um^2, total=7.409um^2
      cell capacitance : b=0.004pF, i=0.000pF, icg=0.000pF, nicg=0.000pF, l=0.000pF, total=0.004pF
      sink capacitance : count=76, total=0.035pF, avg=0.000pF, sd=0.000pF, min=0.000pF, max=0.000pF
      wire capacitance : top=0.000pF, trunk=0.017pF, leaf=0.043pF, total=0.060pF
      wire lengths     : top=0.000um, trunk=155.110um, leaf=355.180um, total=510.290um
      hp wire lengths  : top=0.000um, trunk=0.000um, leaf=283.500um, total=283.500um
    Clock DAG net violations after 'Improving clock tree routing': none
    Clock DAG primary half-corner transition distribution after 'Improving clock tree routing':
      Trunk : target=0.271ns count=1 avg=0.200ns sd=0.000ns min=0.200ns max=0.200ns {0 <= 0.163ns, 1 <= 0.217ns, 0 <= 0.244ns, 0 <= 0.258ns, 0 <= 0.271ns}
      Leaf  : target=0.271ns count=1 avg=0.047ns sd=0.000ns min=0.047ns max=0.047ns {1 <= 0.163ns, 0 <= 0.217ns, 0 <= 0.244ns, 0 <= 0.258ns, 0 <= 0.271ns}
    Clock DAG library cell distribution after 'Improving clock tree routing' {count}:
       Bufs: BUFFD24BWP: 1 
    Primary reporting skew groups after 'Improving clock tree routing':
      skew_group clk/cons_mode: insertion delay [min=0.072, max=0.079], skew [0.006 vs 0.100]
    Skew group summary after 'Improving clock tree routing':
      skew_group clk/cons_mode: insertion delay [min=0.072, max=0.079], skew [0.006 vs 0.100]
    Legalizer API calls during this step: 0 succeeded with high effort: 0 succeeded with medium effort: 0 succeeded with low effort: 0 succeeded with basic effort: 0 succeeded with basic unbounded effort: 0
  Improving clock tree routing done. (took cpu=0:00:00.0 real=0:00:00.0)
  Reducing clock tree power 1...
    Resizing gates: ...20% ..Legalizing clock trees...
    Legalizing clock trees done. (took cpu=0:00:00.0 real=0:00:00.0)
    .40% ...60% ...80% ...100% 
    Clock DAG stats after 'Reducing clock tree power 1':
      cell counts      : b=1, i=0, icg=0, nicg=0, l=0, total=1
      cell areas       : b=6.174um^2, i=0.000um^2, icg=0.000um^2, nicg=0.000um^2, l=0.000um^2, total=6.174um^2
      cell capacitance : b=0.004pF, i=0.000pF, icg=0.000pF, nicg=0.000pF, l=0.000pF, total=0.004pF
      sink capacitance : count=76, total=0.035pF, avg=0.000pF, sd=0.000pF, min=0.000pF, max=0.000pF
      wire capacitance : top=0.000pF, trunk=0.017pF, leaf=0.043pF, total=0.060pF
      wire lengths     : top=0.000um, trunk=155.110um, leaf=355.180um, total=510.290um
      hp wire lengths  : top=0.000um, trunk=0.000um, leaf=283.500um, total=283.500um
    Clock DAG net violations after 'Reducing clock tree power 1': none
    Clock DAG primary half-corner transition distribution after 'Reducing clock tree power 1':
      Trunk : target=0.271ns count=1 avg=0.200ns sd=0.000ns min=0.200ns max=0.200ns {0 <= 0.163ns, 1 <= 0.217ns, 0 <= 0.244ns, 0 <= 0.258ns, 0 <= 0.271ns}
      Leaf  : target=0.271ns count=1 avg=0.052ns sd=0.000ns min=0.052ns max=0.052ns {1 <= 0.163ns, 0 <= 0.217ns, 0 <= 0.244ns, 0 <= 0.258ns, 0 <= 0.271ns}
    Clock DAG library cell distribution after 'Reducing clock tree power 1' {count}:
       Bufs: BUFFD20BWP: 1 
    Primary reporting skew groups after 'Reducing clock tree power 1':
      skew_group clk/cons_mode: insertion delay [min=0.074, max=0.080], skew [0.007 vs 0.100]
    Skew group summary after 'Reducing clock tree power 1':
      skew_group clk/cons_mode: insertion delay [min=0.074, max=0.080], skew [0.007 vs 0.100]
    Legalizer API calls during this step: 5 succeeded with high effort: 5 succeeded with medium effort: 0 succeeded with low effort: 0 succeeded with basic effort: 0 succeeded with basic unbounded effort: 0
  Reducing clock tree power 1 done. (took cpu=0:00:00.3 real=0:00:00.1)
  Reducing clock tree power 2...
    Clock DAG stats after 'Reducing clock tree power 2':
      cell counts      : b=1, i=0, icg=0, nicg=0, l=0, total=1
      cell areas       : b=6.174um^2, i=0.000um^2, icg=0.000um^2, nicg=0.000um^2, l=0.000um^2, total=6.174um^2
      cell capacitance : b=0.004pF, i=0.000pF, icg=0.000pF, nicg=0.000pF, l=0.000pF, total=0.004pF
      sink capacitance : count=76, total=0.035pF, avg=0.000pF, sd=0.000pF, min=0.000pF, max=0.000pF
      wire capacitance : top=0.000pF, trunk=0.017pF, leaf=0.043pF, total=0.060pF
      wire lengths     : top=0.000um, trunk=155.110um, leaf=355.180um, total=510.290um
      hp wire lengths  : top=0.000um, trunk=0.000um, leaf=283.500um, total=283.500um
    Clock DAG net violations after 'Reducing clock tree power 2': none
    Clock DAG primary half-corner transition distribution after 'Reducing clock tree power 2':
      Trunk : target=0.271ns count=1 avg=0.200ns sd=0.000ns min=0.200ns max=0.200ns {0 <= 0.163ns, 1 <= 0.217ns, 0 <= 0.244ns, 0 <= 0.258ns, 0 <= 0.271ns}
      Leaf  : target=0.271ns count=1 avg=0.052ns sd=0.000ns min=0.052ns max=0.052ns {1 <= 0.163ns, 0 <= 0.217ns, 0 <= 0.244ns, 0 <= 0.258ns, 0 <= 0.271ns}
    Clock DAG library cell distribution after 'Reducing clock tree power 2' {count}:
       Bufs: BUFFD20BWP: 1 
    Primary reporting skew groups after 'Reducing clock tree power 2':
      skew_group clk/cons_mode: insertion delay [min=0.074, max=0.080, avg=0.078, sd=0.002], skew [0.007 vs 0.100], 100% {0.074, 0.080} (wid=0.012 ws=0.007) (gid=0.069 gs=0.000)
    Skew group summary after 'Reducing clock tree power 2':
      skew_group clk/cons_mode: insertion delay [min=0.074, max=0.080, avg=0.078, sd=0.002], skew [0.007 vs 0.100], 100% {0.074, 0.080} (wid=0.012 ws=0.007) (gid=0.069 gs=0.000)
    Legalizer API calls during this step: 0 succeeded with high effort: 0 succeeded with medium effort: 0 succeeded with low effort: 0 succeeded with basic effort: 0 succeeded with basic unbounded effort: 0
  Reducing clock tree power 2 done. (took cpu=0:00:00.0 real=0:00:00.0)
  Stage::Reducing Power done. (took cpu=0:00:00.3 real=0:00:00.1)
  Stage::Balancing...
  Approximately balancing fragments step...
    Resolve constraints - Approximately balancing fragments...
    Resolving skew group constraints...
      Solving LP: 1 skew groups; 2 fragments, 2 fraglets and 3 vertices; 25 variables and 66 constraints; tolerance 1
    Resolving skew group constraints done.
    Resolve constraints - Approximately balancing fragments done. (took cpu=0:00:00.0 real=0:00:00.0)
    Estimate delay to be added in balancing - Approximately balancing fragments...
    Trial balancer estimated the amount of delay to be added in balancing: 0.000ns
    Estimate delay to be added in balancing - Approximately balancing fragments done. (took cpu=0:00:00.0 real=0:00:00.0)
    Approximately balancing fragments...
      Moving gates to improve sub-tree skew...
        Tried: 3 Succeeded: 0
        Topology Tried: 0 Succeeded: 0
        0 Succeeded with SS ratio
        0 Succeeded with Lollipop: 0 with tier one, 0 with tier two. 
        Total reducing skew: 0 Average reducing skew for 0 nets : 0
        Clock DAG stats after 'Moving gates to improve sub-tree skew':
          cell counts      : b=1, i=0, icg=0, nicg=0, l=0, total=1
          cell areas       : b=6.174um^2, i=0.000um^2, icg=0.000um^2, nicg=0.000um^2, l=0.000um^2, total=6.174um^2
          cell capacitance : b=0.004pF, i=0.000pF, icg=0.000pF, nicg=0.000pF, l=0.000pF, total=0.004pF
          sink capacitance : count=76, total=0.035pF, avg=0.000pF, sd=0.000pF, min=0.000pF, max=0.000pF
          wire capacitance : top=0.000pF, trunk=0.017pF, leaf=0.043pF, total=0.060pF
          wire lengths     : top=0.000um, trunk=155.110um, leaf=355.180um, total=510.290um
          hp wire lengths  : top=0.000um, trunk=0.000um, leaf=283.500um, total=283.500um
        Clock DAG net violations after 'Moving gates to improve sub-tree skew': none
        Clock DAG primary half-corner transition distribution after 'Moving gates to improve sub-tree skew':
          Trunk : target=0.271ns count=1 avg=0.200ns sd=0.000ns min=0.200ns max=0.200ns {0 <= 0.163ns, 1 <= 0.217ns, 0 <= 0.244ns, 0 <= 0.258ns, 0 <= 0.271ns}
          Leaf  : target=0.271ns count=1 avg=0.052ns sd=0.000ns min=0.052ns max=0.052ns {1 <= 0.163ns, 0 <= 0.217ns, 0 <= 0.244ns, 0 <= 0.258ns, 0 <= 0.271ns}
        Clock DAG library cell distribution after 'Moving gates to improve sub-tree skew' {count}:
           Bufs: BUFFD20BWP: 1 
        Legalizer API calls during this step: 0 succeeded with high effort: 0 succeeded with medium effort: 0 succeeded with low effort: 0 succeeded with basic effort: 0 succeeded with basic unbounded effort: 0
      Moving gates to improve sub-tree skew done. (took cpu=0:00:00.0 real=0:00:00.0)
      Approximately balancing fragments bottom up...
        bottom up balancing: ...20% ...40% ...60% ...80% ...100% 
        Clock DAG stats after 'Approximately balancing fragments bottom up':
          cell counts      : b=1, i=0, icg=0, nicg=0, l=0, total=1
          cell areas       : b=6.174um^2, i=0.000um^2, icg=0.000um^2, nicg=0.000um^2, l=0.000um^2, total=6.174um^2
          cell capacitance : b=0.004pF, i=0.000pF, icg=0.000pF, nicg=0.000pF, l=0.000pF, total=0.004pF
          sink capacitance : count=76, total=0.035pF, avg=0.000pF, sd=0.000pF, min=0.000pF, max=0.000pF
          wire capacitance : top=0.000pF, trunk=0.017pF, leaf=0.043pF, total=0.060pF
          wire lengths     : top=0.000um, trunk=155.110um, leaf=355.180um, total=510.290um
          hp wire lengths  : top=0.000um, trunk=0.000um, leaf=283.500um, total=283.500um
        Clock DAG net violations after 'Approximately balancing fragments bottom up': none
        Clock DAG primary half-corner transition distribution after 'Approximately balancing fragments bottom up':
          Trunk : target=0.271ns count=1 avg=0.200ns sd=0.000ns min=0.200ns max=0.200ns {0 <= 0.163ns, 1 <= 0.217ns, 0 <= 0.244ns, 0 <= 0.258ns, 0 <= 0.271ns}
          Leaf  : target=0.271ns count=1 avg=0.052ns sd=0.000ns min=0.052ns max=0.052ns {1 <= 0.163ns, 0 <= 0.217ns, 0 <= 0.244ns, 0 <= 0.258ns, 0 <= 0.271ns}
        Clock DAG library cell distribution after 'Approximately balancing fragments bottom up' {count}:
           Bufs: BUFFD20BWP: 1 
        Legalizer API calls during this step: 2 succeeded with high effort: 2 succeeded with medium effort: 0 succeeded with low effort: 0 succeeded with basic effort: 0 succeeded with basic unbounded effort: 0
      Approximately balancing fragments bottom up done. (took cpu=0:00:00.0 real=0:00:00.0)
      Approximately balancing fragments, wire and cell delays...
      Approximately balancing fragments, wire and cell delays, iteration 1...
        Clock DAG stats after Approximately balancing fragments, wire and cell delays, iteration 1:
          cell counts      : b=1, i=0, icg=0, nicg=0, l=0, total=1
          cell areas       : b=6.174um^2, i=0.000um^2, icg=0.000um^2, nicg=0.000um^2, l=0.000um^2, total=6.174um^2
          cell capacitance : b=0.004pF, i=0.000pF, icg=0.000pF, nicg=0.000pF, l=0.000pF, total=0.004pF
          sink capacitance : count=76, total=0.035pF, avg=0.000pF, sd=0.000pF, min=0.000pF, max=0.000pF
          wire capacitance : top=0.000pF, trunk=0.017pF, leaf=0.043pF, total=0.060pF
          wire lengths     : top=0.000um, trunk=155.110um, leaf=355.180um, total=510.290um
          hp wire lengths  : top=0.000um, trunk=0.000um, leaf=283.500um, total=283.500um
        Clock DAG net violations after Approximately balancing fragments, wire and cell delays, iteration 1: none
        Clock DAG primary half-corner transition distribution after Approximately balancing fragments, wire and cell delays, iteration 1:
          Trunk : target=0.271ns count=1 avg=0.200ns sd=0.000ns min=0.200ns max=0.200ns {0 <= 0.163ns, 1 <= 0.217ns, 0 <= 0.244ns, 0 <= 0.258ns, 0 <= 0.271ns}
          Leaf  : target=0.271ns count=1 avg=0.052ns sd=0.000ns min=0.052ns max=0.052ns {1 <= 0.163ns, 0 <= 0.217ns, 0 <= 0.244ns, 0 <= 0.258ns, 0 <= 0.271ns}
        Clock DAG library cell distribution after Approximately balancing fragments, wire and cell delays, iteration 1 {count}:
           Bufs: BUFFD20BWP: 1 
      Approximately balancing fragments, wire and cell delays, iteration 1 done.
      Approximately balancing fragments, wire and cell delays done. (took cpu=0:00:00.0 real=0:00:00.0)
    Approximately balancing fragments done.
    Clock DAG stats after 'Approximately balancing fragments step':
      cell counts      : b=1, i=0, icg=0, nicg=0, l=0, total=1
      cell areas       : b=6.174um^2, i=0.000um^2, icg=0.000um^2, nicg=0.000um^2, l=0.000um^2, total=6.174um^2
      cell capacitance : b=0.004pF, i=0.000pF, icg=0.000pF, nicg=0.000pF, l=0.000pF, total=0.004pF
      sink capacitance : count=76, total=0.035pF, avg=0.000pF, sd=0.000pF, min=0.000pF, max=0.000pF
      wire capacitance : top=0.000pF, trunk=0.017pF, leaf=0.043pF, total=0.060pF
      wire lengths     : top=0.000um, trunk=155.110um, leaf=355.180um, total=510.290um
      hp wire lengths  : top=0.000um, trunk=0.000um, leaf=283.500um, total=283.500um
    Clock DAG net violations after 'Approximately balancing fragments step': none
    Clock DAG primary half-corner transition distribution after 'Approximately balancing fragments step':
      Trunk : target=0.271ns count=1 avg=0.200ns sd=0.000ns min=0.200ns max=0.200ns {0 <= 0.163ns, 1 <= 0.217ns, 0 <= 0.244ns, 0 <= 0.258ns, 0 <= 0.271ns}
      Leaf  : target=0.271ns count=1 avg=0.052ns sd=0.000ns min=0.052ns max=0.052ns {1 <= 0.163ns, 0 <= 0.217ns, 0 <= 0.244ns, 0 <= 0.258ns, 0 <= 0.271ns}
    Clock DAG library cell distribution after 'Approximately balancing fragments step' {count}:
       Bufs: BUFFD20BWP: 1 
    Legalizer API calls during this step: 2 succeeded with high effort: 2 succeeded with medium effort: 0 succeeded with low effort: 0 succeeded with basic effort: 0 succeeded with basic unbounded effort: 0
  Approximately balancing fragments step done. (took cpu=0:00:00.1 real=0:00:00.1)
  Clock DAG stats after Approximately balancing fragments:
    cell counts      : b=1, i=0, icg=0, nicg=0, l=0, total=1
    cell areas       : b=6.174um^2, i=0.000um^2, icg=0.000um^2, nicg=0.000um^2, l=0.000um^2, total=6.174um^2
    cell capacitance : b=0.004pF, i=0.000pF, icg=0.000pF, nicg=0.000pF, l=0.000pF, total=0.004pF
    sink capacitance : count=76, total=0.035pF, avg=0.000pF, sd=0.000pF, min=0.000pF, max=0.000pF
    wire capacitance : top=0.000pF, trunk=0.017pF, leaf=0.043pF, total=0.060pF
    wire lengths     : top=0.000um, trunk=155.110um, leaf=355.180um, total=510.290um
    hp wire lengths  : top=0.000um, trunk=0.000um, leaf=283.500um, total=283.500um
  Clock DAG net violations after Approximately balancing fragments: none
  Clock DAG primary half-corner transition distribution after Approximately balancing fragments:
    Trunk : target=0.271ns count=1 avg=0.200ns sd=0.000ns min=0.200ns max=0.200ns {0 <= 0.163ns, 1 <= 0.217ns, 0 <= 0.244ns, 0 <= 0.258ns, 0 <= 0.271ns}
    Leaf  : target=0.271ns count=1 avg=0.052ns sd=0.000ns min=0.052ns max=0.052ns {1 <= 0.163ns, 0 <= 0.217ns, 0 <= 0.244ns, 0 <= 0.258ns, 0 <= 0.271ns}
  Clock DAG library cell distribution after Approximately balancing fragments {count}:
     Bufs: BUFFD20BWP: 1 
  Primary reporting skew groups after Approximately balancing fragments:
    skew_group clk/cons_mode: insertion delay [min=0.074, max=0.080], skew [0.007 vs 0.100]
  Skew group summary after Approximately balancing fragments:
    skew_group clk/cons_mode: insertion delay [min=0.074, max=0.080], skew [0.007 vs 0.100]
  Improving fragments clock skew...
    Clock DAG stats after 'Improving fragments clock skew':
      cell counts      : b=1, i=0, icg=0, nicg=0, l=0, total=1
      cell areas       : b=6.174um^2, i=0.000um^2, icg=0.000um^2, nicg=0.000um^2, l=0.000um^2, total=6.174um^2
      cell capacitance : b=0.004pF, i=0.000pF, icg=0.000pF, nicg=0.000pF, l=0.000pF, total=0.004pF
      sink capacitance : count=76, total=0.035pF, avg=0.000pF, sd=0.000pF, min=0.000pF, max=0.000pF
      wire capacitance : top=0.000pF, trunk=0.017pF, leaf=0.043pF, total=0.060pF
      wire lengths     : top=0.000um, trunk=155.110um, leaf=355.180um, total=510.290um
      hp wire lengths  : top=0.000um, trunk=0.000um, leaf=283.500um, total=283.500um
    Clock DAG net violations after 'Improving fragments clock skew': none
    Clock DAG primary half-corner transition distribution after 'Improving fragments clock skew':
      Trunk : target=0.271ns count=1 avg=0.200ns sd=0.000ns min=0.200ns max=0.200ns {0 <= 0.163ns, 1 <= 0.217ns, 0 <= 0.244ns, 0 <= 0.258ns, 0 <= 0.271ns}
      Leaf  : target=0.271ns count=1 avg=0.052ns sd=0.000ns min=0.052ns max=0.052ns {1 <= 0.163ns, 0 <= 0.217ns, 0 <= 0.244ns, 0 <= 0.258ns, 0 <= 0.271ns}
    Clock DAG library cell distribution after 'Improving fragments clock skew' {count}:
       Bufs: BUFFD20BWP: 1 
    Primary reporting skew groups after 'Improving fragments clock skew':
      skew_group clk/cons_mode: insertion delay [min=0.074, max=0.080], skew [0.007 vs 0.100]
    Skew group summary after 'Improving fragments clock skew':
      skew_group clk/cons_mode: insertion delay [min=0.074, max=0.080], skew [0.007 vs 0.100]
    Legalizer API calls during this step: 0 succeeded with high effort: 0 succeeded with medium effort: 0 succeeded with low effort: 0 succeeded with basic effort: 0 succeeded with basic unbounded effort: 0
  Improving fragments clock skew done. (took cpu=0:00:00.0 real=0:00:00.0)
  Approximately balancing step...
    Resolve constraints - Approximately balancing...
    Resolving skew group constraints...
      Solving LP: 1 skew groups; 2 fragments, 2 fraglets and 3 vertices; 25 variables and 66 constraints; tolerance 1
    Resolving skew group constraints done.
    Resolve constraints - Approximately balancing done. (took cpu=0:00:00.0 real=0:00:00.0)
    Approximately balancing...
      Approximately balancing, wire and cell delays...
      Approximately balancing, wire and cell delays, iteration 1...
        Clock DAG stats after Approximately balancing, wire and cell delays, iteration 1:
          cell counts      : b=1, i=0, icg=0, nicg=0, l=0, total=1
          cell areas       : b=6.174um^2, i=0.000um^2, icg=0.000um^2, nicg=0.000um^2, l=0.000um^2, total=6.174um^2
          cell capacitance : b=0.004pF, i=0.000pF, icg=0.000pF, nicg=0.000pF, l=0.000pF, total=0.004pF
          sink capacitance : count=76, total=0.035pF, avg=0.000pF, sd=0.000pF, min=0.000pF, max=0.000pF
          wire capacitance : top=0.000pF, trunk=0.017pF, leaf=0.043pF, total=0.060pF
          wire lengths     : top=0.000um, trunk=155.110um, leaf=355.180um, total=510.290um
          hp wire lengths  : top=0.000um, trunk=0.000um, leaf=283.500um, total=283.500um
        Clock DAG net violations after Approximately balancing, wire and cell delays, iteration 1: none
        Clock DAG primary half-corner transition distribution after Approximately balancing, wire and cell delays, iteration 1:
          Trunk : target=0.271ns count=1 avg=0.200ns sd=0.000ns min=0.200ns max=0.200ns {0 <= 0.163ns, 1 <= 0.217ns, 0 <= 0.244ns, 0 <= 0.258ns, 0 <= 0.271ns}
          Leaf  : target=0.271ns count=1 avg=0.052ns sd=0.000ns min=0.052ns max=0.052ns {1 <= 0.163ns, 0 <= 0.217ns, 0 <= 0.244ns, 0 <= 0.258ns, 0 <= 0.271ns}
        Clock DAG library cell distribution after Approximately balancing, wire and cell delays, iteration 1 {count}:
           Bufs: BUFFD20BWP: 1 
      Approximately balancing, wire and cell delays, iteration 1 done.
      Approximately balancing, wire and cell delays done. (took cpu=0:00:00.0 real=0:00:00.0)
    Approximately balancing done.
    Clock DAG stats after 'Approximately balancing step':
      cell counts      : b=1, i=0, icg=0, nicg=0, l=0, total=1
      cell areas       : b=6.174um^2, i=0.000um^2, icg=0.000um^2, nicg=0.000um^2, l=0.000um^2, total=6.174um^2
      cell capacitance : b=0.004pF, i=0.000pF, icg=0.000pF, nicg=0.000pF, l=0.000pF, total=0.004pF
      sink capacitance : count=76, total=0.035pF, avg=0.000pF, sd=0.000pF, min=0.000pF, max=0.000pF
      wire capacitance : top=0.000pF, trunk=0.017pF, leaf=0.043pF, total=0.060pF
      wire lengths     : top=0.000um, trunk=155.110um, leaf=355.180um, total=510.290um
      hp wire lengths  : top=0.000um, trunk=0.000um, leaf=283.500um, total=283.500um
    Clock DAG net violations after 'Approximately balancing step': none
    Clock DAG primary half-corner transition distribution after 'Approximately balancing step':
      Trunk : target=0.271ns count=1 avg=0.200ns sd=0.000ns min=0.200ns max=0.200ns {0 <= 0.163ns, 1 <= 0.217ns, 0 <= 0.244ns, 0 <= 0.258ns, 0 <= 0.271ns}
      Leaf  : target=0.271ns count=1 avg=0.052ns sd=0.000ns min=0.052ns max=0.052ns {1 <= 0.163ns, 0 <= 0.217ns, 0 <= 0.244ns, 0 <= 0.258ns, 0 <= 0.271ns}
    Clock DAG library cell distribution after 'Approximately balancing step' {count}:
       Bufs: BUFFD20BWP: 1 
    Primary reporting skew groups after 'Approximately balancing step':
      skew_group clk/cons_mode: insertion delay [min=0.074, max=0.080], skew [0.007 vs 0.100]
    Skew group summary after 'Approximately balancing step':
      skew_group clk/cons_mode: insertion delay [min=0.074, max=0.080], skew [0.007 vs 0.100]
    Legalizer API calls during this step: 0 succeeded with high effort: 0 succeeded with medium effort: 0 succeeded with low effort: 0 succeeded with basic effort: 0 succeeded with basic unbounded effort: 0
  Approximately balancing step done. (took cpu=0:00:00.0 real=0:00:00.0)
  Fixing clock tree overload...
    Fixing clock tree overload: ...20% ...40% ...60% ...80% ...100% 
    Clock DAG stats after 'Fixing clock tree overload':
      cell counts      : b=1, i=0, icg=0, nicg=0, l=0, total=1
      cell areas       : b=6.174um^2, i=0.000um^2, icg=0.000um^2, nicg=0.000um^2, l=0.000um^2, total=6.174um^2
      cell capacitance : b=0.004pF, i=0.000pF, icg=0.000pF, nicg=0.000pF, l=0.000pF, total=0.004pF
      sink capacitance : count=76, total=0.035pF, avg=0.000pF, sd=0.000pF, min=0.000pF, max=0.000pF
      wire capacitance : top=0.000pF, trunk=0.017pF, leaf=0.043pF, total=0.060pF
      wire lengths     : top=0.000um, trunk=155.110um, leaf=355.180um, total=510.290um
      hp wire lengths  : top=0.000um, trunk=0.000um, leaf=283.500um, total=283.500um
    Clock DAG net violations after 'Fixing clock tree overload': none
    Clock DAG primary half-corner transition distribution after 'Fixing clock tree overload':
      Trunk : target=0.271ns count=1 avg=0.200ns sd=0.000ns min=0.200ns max=0.200ns {0 <= 0.163ns, 1 <= 0.217ns, 0 <= 0.244ns, 0 <= 0.258ns, 0 <= 0.271ns}
      Leaf  : target=0.271ns count=1 avg=0.052ns sd=0.000ns min=0.052ns max=0.052ns {1 <= 0.163ns, 0 <= 0.217ns, 0 <= 0.244ns, 0 <= 0.258ns, 0 <= 0.271ns}
    Clock DAG library cell distribution after 'Fixing clock tree overload' {count}:
       Bufs: BUFFD20BWP: 1 
    Primary reporting skew groups after 'Fixing clock tree overload':
      skew_group clk/cons_mode: insertion delay [min=0.074, max=0.080], skew [0.007 vs 0.100]
    Skew group summary after 'Fixing clock tree overload':
      skew_group clk/cons_mode: insertion delay [min=0.074, max=0.080], skew [0.007 vs 0.100]
    Legalizer API calls during this step: 0 succeeded with high effort: 0 succeeded with medium effort: 0 succeeded with low effort: 0 succeeded with basic effort: 0 succeeded with basic unbounded effort: 0
  Fixing clock tree overload done. (took cpu=0:00:00.0 real=0:00:00.0)
  Approximately balancing paths...
    Added 0 buffers.
    Clock DAG stats after 'Approximately balancing paths':
      cell counts      : b=1, i=0, icg=0, nicg=0, l=0, total=1
      cell areas       : b=6.174um^2, i=0.000um^2, icg=0.000um^2, nicg=0.000um^2, l=0.000um^2, total=6.174um^2
      cell capacitance : b=0.004pF, i=0.000pF, icg=0.000pF, nicg=0.000pF, l=0.000pF, total=0.004pF
      sink capacitance : count=76, total=0.035pF, avg=0.000pF, sd=0.000pF, min=0.000pF, max=0.000pF
      wire capacitance : top=0.000pF, trunk=0.017pF, leaf=0.043pF, total=0.060pF
      wire lengths     : top=0.000um, trunk=155.110um, leaf=355.180um, total=510.290um
      hp wire lengths  : top=0.000um, trunk=0.000um, leaf=283.500um, total=283.500um
    Clock DAG net violations after 'Approximately balancing paths': none
    Clock DAG primary half-corner transition distribution after 'Approximately balancing paths':
      Trunk : target=0.271ns count=1 avg=0.200ns sd=0.000ns min=0.200ns max=0.200ns {0 <= 0.163ns, 1 <= 0.217ns, 0 <= 0.244ns, 0 <= 0.258ns, 0 <= 0.271ns}
      Leaf  : target=0.271ns count=1 avg=0.052ns sd=0.000ns min=0.052ns max=0.052ns {1 <= 0.163ns, 0 <= 0.217ns, 0 <= 0.244ns, 0 <= 0.258ns, 0 <= 0.271ns}
    Clock DAG library cell distribution after 'Approximately balancing paths' {count}:
       Bufs: BUFFD20BWP: 1 
    Primary reporting skew groups after 'Approximately balancing paths':
      skew_group clk/cons_mode: insertion delay [min=0.074, max=0.080, avg=0.078, sd=0.002], skew [0.007 vs 0.100], 100% {0.074, 0.080} (wid=0.012 ws=0.007) (gid=0.069 gs=0.000)
    Skew group summary after 'Approximately balancing paths':
      skew_group clk/cons_mode: insertion delay [min=0.074, max=0.080, avg=0.078, sd=0.002], skew [0.007 vs 0.100], 100% {0.074, 0.080} (wid=0.012 ws=0.007) (gid=0.069 gs=0.000)
    Legalizer API calls during this step: 0 succeeded with high effort: 0 succeeded with medium effort: 0 succeeded with low effort: 0 succeeded with basic effort: 0 succeeded with basic unbounded effort: 0
  Approximately balancing paths done. (took cpu=0:00:00.0 real=0:00:00.0)
  Stage::Balancing done. (took cpu=0:00:00.1 real=0:00:00.1)
  Stage::Polishing...
  Merging balancing drivers for power...
    Clock tree timing engine global stage delay update for fast_delay:setup.late...
    Clock tree timing engine global stage delay update for fast_delay:setup.late done. (took cpu=0:00:00.0 real=0:00:00.0)
    Tried: 3 Succeeded: 0
    Clock DAG stats after 'Merging balancing drivers for power':
      cell counts      : b=1, i=0, icg=0, nicg=0, l=0, total=1
      cell areas       : b=6.174um^2, i=0.000um^2, icg=0.000um^2, nicg=0.000um^2, l=0.000um^2, total=6.174um^2
      cell capacitance : b=0.004pF, i=0.000pF, icg=0.000pF, nicg=0.000pF, l=0.000pF, total=0.004pF
      sink capacitance : count=76, total=0.035pF, avg=0.000pF, sd=0.000pF, min=0.000pF, max=0.000pF
      wire capacitance : top=0.000pF, trunk=0.017pF, leaf=0.043pF, total=0.060pF
      wire lengths     : top=0.000um, trunk=155.110um, leaf=355.180um, total=510.290um
      hp wire lengths  : top=0.000um, trunk=0.000um, leaf=283.500um, total=283.500um
    Clock DAG net violations after 'Merging balancing drivers for power': none
    Clock DAG primary half-corner transition distribution after 'Merging balancing drivers for power':
      Trunk : target=0.271ns count=1 avg=0.200ns sd=0.000ns min=0.200ns max=0.200ns {0 <= 0.163ns, 1 <= 0.217ns, 0 <= 0.244ns, 0 <= 0.258ns, 0 <= 0.271ns}
      Leaf  : target=0.271ns count=1 avg=0.052ns sd=0.000ns min=0.052ns max=0.052ns {1 <= 0.163ns, 0 <= 0.217ns, 0 <= 0.244ns, 0 <= 0.258ns, 0 <= 0.271ns}
    Clock DAG library cell distribution after 'Merging balancing drivers for power' {count}:
       Bufs: BUFFD20BWP: 1 
    Primary reporting skew groups after 'Merging balancing drivers for power':
      skew_group clk/cons_mode: insertion delay [min=0.074, max=0.080], skew [0.007 vs 0.100]
    Skew group summary after 'Merging balancing drivers for power':
      skew_group clk/cons_mode: insertion delay [min=0.074, max=0.080], skew [0.007 vs 0.100]
    Legalizer API calls during this step: 0 succeeded with high effort: 0 succeeded with medium effort: 0 succeeded with low effort: 0 succeeded with basic effort: 0 succeeded with basic unbounded effort: 0
  Merging balancing drivers for power done. (took cpu=0:00:00.0 real=0:00:00.0)
  Checking for inverting clock gates...
  Checking for inverting clock gates done.
  Improving clock skew...
    Clock DAG stats after 'Improving clock skew':
      cell counts      : b=1, i=0, icg=0, nicg=0, l=0, total=1
      cell areas       : b=6.174um^2, i=0.000um^2, icg=0.000um^2, nicg=0.000um^2, l=0.000um^2, total=6.174um^2
      cell capacitance : b=0.004pF, i=0.000pF, icg=0.000pF, nicg=0.000pF, l=0.000pF, total=0.004pF
      sink capacitance : count=76, total=0.035pF, avg=0.000pF, sd=0.000pF, min=0.000pF, max=0.000pF
      wire capacitance : top=0.000pF, trunk=0.017pF, leaf=0.043pF, total=0.060pF
      wire lengths     : top=0.000um, trunk=155.110um, leaf=355.180um, total=510.290um
      hp wire lengths  : top=0.000um, trunk=0.000um, leaf=283.500um, total=283.500um
    Clock DAG net violations after 'Improving clock skew': none
    Clock DAG primary half-corner transition distribution after 'Improving clock skew':
      Trunk : target=0.271ns count=1 avg=0.200ns sd=0.000ns min=0.200ns max=0.200ns {0 <= 0.163ns, 1 <= 0.217ns, 0 <= 0.244ns, 0 <= 0.258ns, 0 <= 0.271ns}
      Leaf  : target=0.271ns count=1 avg=0.052ns sd=0.000ns min=0.052ns max=0.052ns {1 <= 0.163ns, 0 <= 0.217ns, 0 <= 0.244ns, 0 <= 0.258ns, 0 <= 0.271ns}
    Clock DAG library cell distribution after 'Improving clock skew' {count}:
       Bufs: BUFFD20BWP: 1 
    Primary reporting skew groups after 'Improving clock skew':
      skew_group clk/cons_mode: insertion delay [min=0.074, max=0.080, avg=0.078, sd=0.002], skew [0.007 vs 0.100], 100% {0.074, 0.080} (wid=0.012 ws=0.007) (gid=0.069 gs=0.000)
    Skew group summary after 'Improving clock skew':
      skew_group clk/cons_mode: insertion delay [min=0.074, max=0.080, avg=0.078, sd=0.002], skew [0.007 vs 0.100], 100% {0.074, 0.080} (wid=0.012 ws=0.007) (gid=0.069 gs=0.000)
    Legalizer API calls during this step: 0 succeeded with high effort: 0 succeeded with medium effort: 0 succeeded with low effort: 0 succeeded with basic effort: 0 succeeded with basic unbounded effort: 0
  Improving clock skew done. (took cpu=0:00:00.0 real=0:00:00.0)
  Reducing clock tree power 3...
    Initial gate capacitance is (rise=0.039pF fall=0.038pF).
    Resizing gates: ...20% ...40% ...60% ...80% ...Legalizing clock trees...
    Legalizing clock trees done. (took cpu=0:00:00.0 real=0:00:00.0)
    100% 
    Clock DAG stats after 'Reducing clock tree power 3':
      cell counts      : b=1, i=0, icg=0, nicg=0, l=0, total=1
      cell areas       : b=6.174um^2, i=0.000um^2, icg=0.000um^2, nicg=0.000um^2, l=0.000um^2, total=6.174um^2
      cell capacitance : b=0.004pF, i=0.000pF, icg=0.000pF, nicg=0.000pF, l=0.000pF, total=0.004pF
      sink capacitance : count=76, total=0.035pF, avg=0.000pF, sd=0.000pF, min=0.000pF, max=0.000pF
      wire capacitance : top=0.000pF, trunk=0.017pF, leaf=0.043pF, total=0.060pF
      wire lengths     : top=0.000um, trunk=155.110um, leaf=355.180um, total=510.290um
      hp wire lengths  : top=0.000um, trunk=0.000um, leaf=283.500um, total=283.500um
    Clock DAG net violations after 'Reducing clock tree power 3': none
    Clock DAG primary half-corner transition distribution after 'Reducing clock tree power 3':
      Trunk : target=0.271ns count=1 avg=0.200ns sd=0.000ns min=0.200ns max=0.200ns {0 <= 0.163ns, 1 <= 0.217ns, 0 <= 0.244ns, 0 <= 0.258ns, 0 <= 0.271ns}
      Leaf  : target=0.271ns count=1 avg=0.052ns sd=0.000ns min=0.052ns max=0.052ns {1 <= 0.163ns, 0 <= 0.217ns, 0 <= 0.244ns, 0 <= 0.258ns, 0 <= 0.271ns}
    Clock DAG library cell distribution after 'Reducing clock tree power 3' {count}:
       Bufs: BUFFD20BWP: 1 
    Primary reporting skew groups after 'Reducing clock tree power 3':
      skew_group clk/cons_mode: insertion delay [min=0.074, max=0.080, avg=0.078, sd=0.002], skew [0.007 vs 0.100], 100% {0.074, 0.080} (wid=0.012 ws=0.007) (gid=0.069 gs=0.000)
    Skew group summary after 'Reducing clock tree power 3':
      skew_group clk/cons_mode: insertion delay [min=0.074, max=0.080, avg=0.078, sd=0.002], skew [0.007 vs 0.100], 100% {0.074, 0.080} (wid=0.012 ws=0.007) (gid=0.069 gs=0.000)
    Legalizer API calls during this step: 4 succeeded with high effort: 4 succeeded with medium effort: 0 succeeded with low effort: 0 succeeded with basic effort: 0 succeeded with basic unbounded effort: 0
  Reducing clock tree power 3 done. (took cpu=0:00:00.1 real=0:00:00.0)
  Improving insertion delay...
    Clock DAG stats after 'Improving insertion delay':
      cell counts      : b=1, i=0, icg=0, nicg=0, l=0, total=1
      cell areas       : b=6.174um^2, i=0.000um^2, icg=0.000um^2, nicg=0.000um^2, l=0.000um^2, total=6.174um^2
      cell capacitance : b=0.004pF, i=0.000pF, icg=0.000pF, nicg=0.000pF, l=0.000pF, total=0.004pF
      sink capacitance : count=76, total=0.035pF, avg=0.000pF, sd=0.000pF, min=0.000pF, max=0.000pF
      wire capacitance : top=0.000pF, trunk=0.017pF, leaf=0.043pF, total=0.060pF
      wire lengths     : top=0.000um, trunk=155.110um, leaf=355.180um, total=510.290um
      hp wire lengths  : top=0.000um, trunk=0.000um, leaf=283.500um, total=283.500um
    Clock DAG net violations after 'Improving insertion delay': none
    Clock DAG primary half-corner transition distribution after 'Improving insertion delay':
      Trunk : target=0.271ns count=1 avg=0.200ns sd=0.000ns min=0.200ns max=0.200ns {0 <= 0.163ns, 1 <= 0.217ns, 0 <= 0.244ns, 0 <= 0.258ns, 0 <= 0.271ns}
      Leaf  : target=0.271ns count=1 avg=0.052ns sd=0.000ns min=0.052ns max=0.052ns {1 <= 0.163ns, 0 <= 0.217ns, 0 <= 0.244ns, 0 <= 0.258ns, 0 <= 0.271ns}
    Clock DAG library cell distribution after 'Improving insertion delay' {count}:
       Bufs: BUFFD20BWP: 1 
    Primary reporting skew groups after 'Improving insertion delay':
      skew_group clk/cons_mode: insertion delay [min=0.074, max=0.080, avg=0.078, sd=0.002], skew [0.007 vs 0.100], 100% {0.074, 0.080} (wid=0.012 ws=0.007) (gid=0.069 gs=0.000)
    Skew group summary after 'Improving insertion delay':
      skew_group clk/cons_mode: insertion delay [min=0.074, max=0.080, avg=0.078, sd=0.002], skew [0.007 vs 0.100], 100% {0.074, 0.080} (wid=0.012 ws=0.007) (gid=0.069 gs=0.000)
    Legalizer API calls during this step: 0 succeeded with high effort: 0 succeeded with medium effort: 0 succeeded with low effort: 0 succeeded with basic effort: 0 succeeded with basic unbounded effort: 0
  Improving insertion delay done. (took cpu=0:00:00.0 real=0:00:00.0)
  Wire Opt OverFix...
    Wire Reduction extra effort...
      Artificially removing short and long paths...
        Legalizer API calls during this step: 0 succeeded with high effort: 0 succeeded with medium effort: 0 succeeded with low effort: 0 succeeded with basic effort: 0 succeeded with basic unbounded effort: 0
      Artificially removing short and long paths done. (took cpu=0:00:00.0 real=0:00:00.0)
      Global shorten wires A0...
        Legalizer API calls during this step: 0 succeeded with high effort: 0 succeeded with medium effort: 0 succeeded with low effort: 0 succeeded with basic effort: 0 succeeded with basic unbounded effort: 0
      Global shorten wires A0 done. (took cpu=0:00:00.0 real=0:00:00.0)
      Move For Wirelength - core...
        Move for wirelength. considered=2, filtered=2, permitted=1, cannotCompute=0, computed=1, moveTooSmall=0, resolved=0, predictFail=0, currentlyIllegal=0, legalizationFail=0, legalizedMoveTooSmall=0, ignoredLeafDriver=0, worse=0, accepted=0
        Max accepted move=0.000um, total accepted move=0.000um
        Legalizer API calls during this step: 0 succeeded with high effort: 0 succeeded with medium effort: 0 succeeded with low effort: 0 succeeded with basic effort: 0 succeeded with basic unbounded effort: 0
      Move For Wirelength - core done. (took cpu=0:00:00.0 real=0:00:00.0)
      Global shorten wires A1...
        Legalizer API calls during this step: 0 succeeded with high effort: 0 succeeded with medium effort: 0 succeeded with low effort: 0 succeeded with basic effort: 0 succeeded with basic unbounded effort: 0
      Global shorten wires A1 done. (took cpu=0:00:00.0 real=0:00:00.0)
      Move For Wirelength - core...
        Move for wirelength. considered=2, filtered=2, permitted=1, cannotCompute=0, computed=1, moveTooSmall=0, resolved=0, predictFail=0, currentlyIllegal=0, legalizationFail=0, legalizedMoveTooSmall=0, ignoredLeafDriver=0, worse=0, accepted=0
        Max accepted move=0.000um, total accepted move=0.000um
        Legalizer API calls during this step: 0 succeeded with high effort: 0 succeeded with medium effort: 0 succeeded with low effort: 0 succeeded with basic effort: 0 succeeded with basic unbounded effort: 0
      Move For Wirelength - core done. (took cpu=0:00:00.0 real=0:00:00.0)
      Global shorten wires B...
        Modifying slew-target multiplier from 1 to 0.95
        Reverting slew-target multiplier from 0.95 to 1
        Legalizer API calls during this step: 3 succeeded with high effort: 3 succeeded with medium effort: 0 succeeded with low effort: 0 succeeded with basic effort: 0 succeeded with basic unbounded effort: 0
      Global shorten wires B done. (took cpu=0:00:00.0 real=0:00:00.0)
      Move For Wirelength - branch...
        Move for wirelength. considered=2, filtered=2, permitted=1, cannotCompute=0, computed=1, moveTooSmall=0, resolved=0, predictFail=0, currentlyIllegal=0, legalizationFail=0, legalizedMoveTooSmall=0, ignoredLeafDriver=0, worse=0, accepted=0
        Max accepted move=0.000um, total accepted move=0.000um
        Legalizer API calls during this step: 0 succeeded with high effort: 0 succeeded with medium effort: 0 succeeded with low effort: 0 succeeded with basic effort: 0 succeeded with basic unbounded effort: 0
      Move For Wirelength - branch done. (took cpu=0:00:00.0 real=0:00:00.0)
      Clock DAG stats after 'Wire Reduction extra effort':
        cell counts      : b=1, i=0, icg=0, nicg=0, l=0, total=1
        cell areas       : b=6.174um^2, i=0.000um^2, icg=0.000um^2, nicg=0.000um^2, l=0.000um^2, total=6.174um^2
        cell capacitance : b=0.004pF, i=0.000pF, icg=0.000pF, nicg=0.000pF, l=0.000pF, total=0.004pF
        sink capacitance : count=76, total=0.035pF, avg=0.000pF, sd=0.000pF, min=0.000pF, max=0.000pF
        wire capacitance : top=0.000pF, trunk=0.017pF, leaf=0.043pF, total=0.060pF
        wire lengths     : top=0.000um, trunk=155.110um, leaf=355.180um, total=510.290um
        hp wire lengths  : top=0.000um, trunk=0.000um, leaf=283.500um, total=283.500um
      Clock DAG net violations after 'Wire Reduction extra effort': none
      Clock DAG primary half-corner transition distribution after 'Wire Reduction extra effort':
        Trunk : target=0.271ns count=1 avg=0.200ns sd=0.000ns min=0.200ns max=0.200ns {0 <= 0.163ns, 1 <= 0.217ns, 0 <= 0.244ns, 0 <= 0.258ns, 0 <= 0.271ns}
        Leaf  : target=0.271ns count=1 avg=0.052ns sd=0.000ns min=0.052ns max=0.052ns {1 <= 0.163ns, 0 <= 0.217ns, 0 <= 0.244ns, 0 <= 0.258ns, 0 <= 0.271ns}
      Clock DAG library cell distribution after 'Wire Reduction extra effort' {count}:
         Bufs: BUFFD20BWP: 1 
      Primary reporting skew groups after 'Wire Reduction extra effort':
        skew_group clk/cons_mode: insertion delay [min=0.074, max=0.080, avg=0.078, sd=0.002], skew [0.007 vs 0.100], 100% {0.074, 0.080} (wid=0.012 ws=0.007) (gid=0.069 gs=0.000)
      Skew group summary after 'Wire Reduction extra effort':
        skew_group clk/cons_mode: insertion delay [min=0.074, max=0.080, avg=0.078, sd=0.002], skew [0.007 vs 0.100], 100% {0.074, 0.080} (wid=0.012 ws=0.007) (gid=0.069 gs=0.000)
      Legalizer API calls during this step: 3 succeeded with high effort: 3 succeeded with medium effort: 0 succeeded with low effort: 0 succeeded with basic effort: 0 succeeded with basic unbounded effort: 0
    Wire Reduction extra effort done. (took cpu=0:00:00.0 real=0:00:00.0)
    Optimizing orientation...
    FlipOpt...
    Optimizing orientation on clock cells...
      Orientation Wirelength Optimization: Attempted = 3 , Succeeded = 0 , Wirelength increased = 1 , CannotMove = 2 , Illegal = 0 , Other = 0
    Optimizing orientation on clock cells done.
    FlipOpt done. (took cpu=0:00:00.0 real=0:00:00.0)
    Optimizing orientation done. (took cpu=0:00:00.0 real=0:00:00.0)
    Clock DAG stats after 'Wire Opt OverFix':
      cell counts      : b=1, i=0, icg=0, nicg=0, l=0, total=1
      cell areas       : b=6.174um^2, i=0.000um^2, icg=0.000um^2, nicg=0.000um^2, l=0.000um^2, total=6.174um^2
      cell capacitance : b=0.004pF, i=0.000pF, icg=0.000pF, nicg=0.000pF, l=0.000pF, total=0.004pF
      sink capacitance : count=76, total=0.035pF, avg=0.000pF, sd=0.000pF, min=0.000pF, max=0.000pF
      wire capacitance : top=0.000pF, trunk=0.017pF, leaf=0.043pF, total=0.060pF
      wire lengths     : top=0.000um, trunk=155.110um, leaf=355.180um, total=510.290um
      hp wire lengths  : top=0.000um, trunk=0.000um, leaf=283.500um, total=283.500um
    Clock DAG net violations after 'Wire Opt OverFix': none
    Clock DAG primary half-corner transition distribution after 'Wire Opt OverFix':
      Trunk : target=0.271ns count=1 avg=0.200ns sd=0.000ns min=0.200ns max=0.200ns {0 <= 0.163ns, 1 <= 0.217ns, 0 <= 0.244ns, 0 <= 0.258ns, 0 <= 0.271ns}
      Leaf  : target=0.271ns count=1 avg=0.052ns sd=0.000ns min=0.052ns max=0.052ns {1 <= 0.163ns, 0 <= 0.217ns, 0 <= 0.244ns, 0 <= 0.258ns, 0 <= 0.271ns}
    Clock DAG library cell distribution after 'Wire Opt OverFix' {count}:
       Bufs: BUFFD20BWP: 1 
    Primary reporting skew groups after 'Wire Opt OverFix':
      skew_group clk/cons_mode: insertion delay [min=0.074, max=0.080, avg=0.078, sd=0.002], skew [0.007 vs 0.100], 100% {0.074, 0.080} (wid=0.012 ws=0.007) (gid=0.069 gs=0.000)
    Skew group summary after 'Wire Opt OverFix':
      skew_group clk/cons_mode: insertion delay [min=0.074, max=0.080, avg=0.078, sd=0.002], skew [0.007 vs 0.100], 100% {0.074, 0.080} (wid=0.012 ws=0.007) (gid=0.069 gs=0.000)
    Legalizer API calls during this step: 3 succeeded with high effort: 3 succeeded with medium effort: 0 succeeded with low effort: 0 succeeded with basic effort: 0 succeeded with basic unbounded effort: 0
  Wire Opt OverFix done. (took cpu=0:00:00.0 real=0:00:00.0)
  Total capacitance is (rise=0.098pF fall=0.098pF), of which (rise=0.060pF fall=0.060pF) is wire, and (rise=0.039pF fall=0.038pF) is gate.
  Stage::Polishing done. (took cpu=0:00:00.1 real=0:00:00.1)
  Stage::Updating netlist...
  Reset timing graph...
Ignoring AAE DB Resetting ...
  Reset timing graph done.
  Setting non-default rules before calling refine place.
  Leaving CCOpt scope - ClockRefiner...
  Performing Clock Only Refine Place.
*** Starting refinePlace (0:16:01 mem=3873.6M) ***
Total net bbox length = 8.124e+03 (7.572e+03 5.520e+02) (ext = 2.872e+03)
Move report: Detail placement moves 0 insts, mean move: 0.00 um, max move: 0.00 um
	Runtime: CPU: 0:00:00.0 REAL: 0:00:00.0 MEM: 3873.6MB
Summary Report:
Instances move: 0 (out of 279 movable)
Instances flipped: 0
Mean displacement: 0.00 um
Max displacement: 0.00 um 
Total net bbox length = 8.124e+03 (7.572e+03 5.520e+02) (ext = 2.872e+03)
Runtime: CPU: 0:00:00.0 REAL: 0:00:00.0 MEM: 3873.6MB
*** Finished refinePlace (0:16:01 mem=3873.6M) ***
  Moved 0, flipped 0 and cell swapped 0 of 77 clock instance(s) during refinement.
  The largest move was 0 microns for .
  Leaving CCOpt scope - ClockRefiner done. (took cpu=0:00:00.2 real=0:00:00.1)
  Stage::Updating netlist done. (took cpu=0:00:00.2 real=0:00:00.2)
  CCOpt::Phase::Implementation done. (took cpu=0:00:00.8 real=0:00:00.5)
  CCOpt::Phase::eGRPC...
  eGR Post Conditioning loop iteration 0...
    Clock implementation routing...
      Leaving CCOpt scope - Routing Tools...
Net route status summary:
  Clock:         2 (unrouted=2, trialRouted=0, noStatus=0, routed=0, fixed=0, [crossesIlmBoundary=0, tooFewTerms=0, (crossesIlmBoundary AND tooFewTerms=0)])
  Non-clock:   316 (unrouted=2, trialRouted=314, noStatus=0, routed=0, fixed=0, [crossesIlmBoundary=0, tooFewTerms=2, (crossesIlmBoundary AND tooFewTerms=0)])
      Routing using eGR only...
        Early Global Route - eGR->NR step...
(ccopt eGR): There are 2 nets for routing of which 2 have one or more fixed wires.
(ccopt eGR): Start to route 2 all nets
[NR-eGR] Track table information for default rule: 
[NR-eGR] M1 has no routable track
[NR-eGR] M2 has single uniform track structure
[NR-eGR] M3 has single uniform track structure
[NR-eGR] M4 has single uniform track structure
[NR-eGR] M5 has single uniform track structure
[NR-eGR] M6 has single uniform track structure
[NR-eGR] M7 has single uniform track structure
[NR-eGR] M8 has single uniform track structure
[NR-eGR] M9 has single uniform track structure
[NR-eGR] AP has single uniform track structure
[NR-eGR] Started Read PG Shapes ( Curr Mem: 3873.55 MB )
[NR-eGR] Read 170 PG shapes
[NR-eGR] Finished Read PG Shapes ( CPU: 0.00 sec, Real: 0.00 sec, Curr Mem: 3873.55 MB )
[NR-eGR] #Routing Blockages  : 0
[NR-eGR] #Instance Blockages : 0
[NR-eGR] #PG Blockages       : 170
[NR-eGR] #Bump Blockages     : 0
[NR-eGR] #Boundary Blockages : 0
[NR-eGR] Num Prerouted Nets = 0  Num Prerouted Wires = 0
[NR-eGR] Read numTotalNets=316  numIgnoredNets=314
[NR-eGR] Connected 0 must-join pins/ports
[NR-eGR] There are 2 clock nets ( 0 with NDR ).
[NR-eGR] ============ Routing rule table ============
[NR-eGR] Rule id: 0  Nets: 2 
[NR-eGR] ========================================
[NR-eGR] 
[NR-eGR] Layer group 1: route 2 net(s) in layer range [3, 4]
[NR-eGR] earlyGlobalRoute overflow of layer group 1: 0.00% H + 0.00% V. EstWL: 5.090400e+02um
[NR-eGR] 
[NR-eGR] Congestion Analysis By layer: (blocked Gcells are excluded) 
[NR-eGR]                        OverCon            
[NR-eGR]                         #Gcell     %Gcell
[NR-eGR]       Layer                (0)    OverCon 
[NR-eGR] ----------------------------------------------
[NR-eGR]      M1  (1)         0( 0.00%)   ( 0.00%) 
[NR-eGR]      M2  (2)         0( 0.00%)   ( 0.00%) 
[NR-eGR]      M3  (3)         0( 0.00%)   ( 0.00%) 
[NR-eGR]      M4  (4)         0( 0.00%)   ( 0.00%) 
[NR-eGR]      M5  (5)         0( 0.00%)   ( 0.00%) 
[NR-eGR]      M6  (6)         0( 0.00%)   ( 0.00%) 
[NR-eGR]      M7  (7)         0( 0.00%)   ( 0.00%) 
[NR-eGR]      M8  (8)         0( 0.00%)   ( 0.00%) 
[NR-eGR]      M9  (9)         0( 0.00%)   ( 0.00%) 
[NR-eGR]      AP (10)         0( 0.00%)   ( 0.00%) 
[NR-eGR] ----------------------------------------------
[NR-eGR] Total                0( 0.00%)   ( 0.00%) 
[NR-eGR] 
[NR-eGR] Overflow after earlyGlobalRoute (GR compatible) 0.00% H + 0.00% V
[NR-eGR] Overflow after earlyGlobalRoute 0.00% H + 0.00% V
[NR-eGR] --------------------------------------------------------------------------
[NR-eGR]     M1  (1F) length: 0.000000e+00um, number of vias: 960
[NR-eGR]     M2  (2H) length: 3.081790e+03um, number of vias: 1445
[NR-eGR]     M3  (3V) length: 6.899200e+02um, number of vias: 238
[NR-eGR]     M4  (4H) length: 2.417460e+03um, number of vias: 76
[NR-eGR]     M5  (5V) length: 7.896000e+01um, number of vias: 34
[NR-eGR]     M6  (6H) length: 2.121420e+03um, number of vias: 0
[NR-eGR]     M7  (7V) length: 0.000000e+00um, number of vias: 0
[NR-eGR]     M8  (8H) length: 0.000000e+00um, number of vias: 0
[NR-eGR]     M9  (9V) length: 0.000000e+00um, number of vias: 0
[NR-eGR]     AP (10H) length: 0.000000e+00um, number of vias: 0
[NR-eGR] Total length: 8.389550e+03um, number of vias: 2753
[NR-eGR] --------------------------------------------------------------------------
[NR-eGR] Total eGR-routed clock nets wire length: 5.140700e+02um 
[NR-eGR] --------------------------------------------------------------------------
[NR-eGR] Report for selected net(s) only.
[NR-eGR]     M1  (1V) length: 0.000000e+00um, number of vias: 78
[NR-eGR]     M2  (2H) length: 8.400000e+00um, number of vias: 73
[NR-eGR]     M3  (3V) length: 7.238000e+01um, number of vias: 72
[NR-eGR]     M4  (4H) length: 4.332900e+02um, number of vias: 0
[NR-eGR]     M5  (5V) length: 0.000000e+00um, number of vias: 0
[NR-eGR]     M6  (6H) length: 0.000000e+00um, number of vias: 0
[NR-eGR]     M7  (7V) length: 0.000000e+00um, number of vias: 0
[NR-eGR]     M8  (8H) length: 0.000000e+00um, number of vias: 0
[NR-eGR]     M9  (9V) length: 0.000000e+00um, number of vias: 0
[NR-eGR]     AP (10H) length: 0.000000e+00um, number of vias: 0
[NR-eGR] Total length: 5.140700e+02um, number of vias: 223
[NR-eGR] --------------------------------------------------------------------------
[NR-eGR] Total routed clock nets wire length: 5.140700e+02um, number of vias: 223
[NR-eGR] --------------------------------------------------------------------------
[NR-eGR] Finished Early Global Route kernel ( CPU: 0.13 sec, Real: 0.07 sec, Curr Mem: 3794.56 MB )
Generated NR early global route guides for clocks to: /home/yingna/temp/innovus_temp_33331_pdk5_yingna_oEJMWS/.rgf0eWtqA
        Early Global Route - eGR->NR step done. (took cpu=0:00:00.2 real=0:00:00.1)
Set FIXED routing status on 2 net(s)
      Routing using eGR only done.
Net route status summary:
  Clock:         2 (unrouted=0, trialRouted=0, noStatus=0, routed=0, fixed=2, [crossesIlmBoundary=0, tooFewTerms=0, (crossesIlmBoundary AND tooFewTerms=0)])
  Non-clock:   316 (unrouted=2, trialRouted=314, noStatus=0, routed=0, fixed=0, [crossesIlmBoundary=0, tooFewTerms=2, (crossesIlmBoundary AND tooFewTerms=0)])

CCOPT: Done with clock implementation routing.

      Leaving CCOpt scope - Routing Tools done. (took cpu=0:00:00.2 real=0:00:00.1)
    Clock implementation routing done.
    Leaving CCOpt scope - extractRC...
    Updating RC parasitics by calling: "extractRC -noRouteCheck"...
Extraction called for design 'global_ctrl' of instances=303 and nets=318 using extraction engine 'preRoute' .
PreRoute RC Extraction called for design global_ctrl.
RC Extraction called in multi-corner(3) mode.
RCMode: PreRoute
      RC Corner Indexes            0       1       2   
Capacitance Scaling Factor   : 1.00000 1.00000 1.00000 
Resistance Scaling Factor    : 1.00000 1.00000 1.00000 
Clock Cap. Scaling Factor    : 1.00000 1.00000 1.00000 
Clock Res. Scaling Factor    : 1.00000 1.00000 1.00000 
Shrink Factor                : 0.90000
PreRoute extraction is honoring NDR/Shielding/ExtraSpace for clock nets.
Using Quantus QRC technology file ...
Updating RC grid for preRoute extraction ...
Initializing multi-corner resistance tables ...
PreRoute RC Extraction DONE (CPU Time: 0:00:00.0  Real Time: 0:00:00.0  MEM: 3794.559M)
    Updating RC parasitics by calling: "extractRC -noRouteCheck" done.
    Leaving CCOpt scope - extractRC done. (took cpu=0:00:00.0 real=0:00:00.0)
    Calling post conditioning for eGRPC...
      eGRPC...
        eGRPC active optimizations:
         - Move Down
         - Downsizing before DRV sizing
         - DRV fixing with cell sizing
         - Move to fanout
         - Cloning
        
        Currently running CTS, using active skew data
        Reset bufferability constraints...
        Resetting previous bufferability status on all nets so that eGRPC will attempt to fix all clock tree violations.
        Clock tree timing engine global stage delay update for fast_delay:setup.late...
        Clock tree timing engine global stage delay update for fast_delay:setup.late done. (took cpu=0:00:00.0 real=0:00:00.0)
        Reset bufferability constraints done. (took cpu=0:00:00.0 real=0:00:00.0)
        Clock DAG stats eGRPC initial state:
          cell counts      : b=1, i=0, icg=0, nicg=0, l=0, total=1
          cell areas       : b=6.174um^2, i=0.000um^2, icg=0.000um^2, nicg=0.000um^2, l=0.000um^2, total=6.174um^2
          cell capacitance : b=0.004pF, i=0.000pF, icg=0.000pF, nicg=0.000pF, l=0.000pF, total=0.004pF
          sink capacitance : count=76, total=0.035pF, avg=0.000pF, sd=0.000pF, min=0.000pF, max=0.000pF
          wire capacitance : top=0.000pF, trunk=0.017pF, leaf=0.043pF, total=0.060pF
          wire lengths     : top=0.000um, trunk=155.390um, leaf=358.680um, total=514.070um
          hp wire lengths  : top=0.000um, trunk=0.000um, leaf=283.500um, total=283.500um
        Clock DAG net violations eGRPC initial state: none
        Clock DAG primary half-corner transition distribution eGRPC initial state:
          Trunk : target=0.271ns count=1 avg=0.200ns sd=0.000ns min=0.200ns max=0.200ns {0 <= 0.163ns, 1 <= 0.217ns, 0 <= 0.244ns, 0 <= 0.258ns, 0 <= 0.271ns}
          Leaf  : target=0.271ns count=1 avg=0.051ns sd=0.000ns min=0.051ns max=0.051ns {1 <= 0.163ns, 0 <= 0.217ns, 0 <= 0.244ns, 0 <= 0.258ns, 0 <= 0.271ns}
        Clock DAG library cell distribution eGRPC initial state {count}:
           Bufs: BUFFD20BWP: 1 
        Primary reporting skew groups eGRPC initial state:
          skew_group clk/cons_mode: insertion delay [min=0.074, max=0.080, avg=0.078, sd=0.002], skew [0.005 vs 0.100], 100% {0.074, 0.080} (wid=0.010 ws=0.005) (gid=0.070 gs=0.000)
        Skew group summary eGRPC initial state:
          skew_group clk/cons_mode: insertion delay [min=0.074, max=0.080, avg=0.078, sd=0.002], skew [0.005 vs 0.100], 100% {0.074, 0.080} (wid=0.010 ws=0.005) (gid=0.070 gs=0.000)
        Moving buffers...
        Violation analysis...
        Violation analysis done. (took cpu=0:00:00.0 real=0:00:00.0)
        Clock DAG stats eGRPC after moving buffers:
          cell counts      : b=1, i=0, icg=0, nicg=0, l=0, total=1
          cell areas       : b=6.174um^2, i=0.000um^2, icg=0.000um^2, nicg=0.000um^2, l=0.000um^2, total=6.174um^2
          cell capacitance : b=0.004pF, i=0.000pF, icg=0.000pF, nicg=0.000pF, l=0.000pF, total=0.004pF
          sink capacitance : count=76, total=0.035pF, avg=0.000pF, sd=0.000pF, min=0.000pF, max=0.000pF
          wire capacitance : top=0.000pF, trunk=0.017pF, leaf=0.043pF, total=0.060pF
          wire lengths     : top=0.000um, trunk=155.390um, leaf=358.680um, total=514.070um
          hp wire lengths  : top=0.000um, trunk=0.000um, leaf=283.500um, total=283.500um
        Clock DAG net violations eGRPC after moving buffers: none
        Clock DAG primary half-corner transition distribution eGRPC after moving buffers:
          Trunk : target=0.271ns count=1 avg=0.200ns sd=0.000ns min=0.200ns max=0.200ns {0 <= 0.163ns, 1 <= 0.217ns, 0 <= 0.244ns, 0 <= 0.258ns, 0 <= 0.271ns}
          Leaf  : target=0.271ns count=1 avg=0.051ns sd=0.000ns min=0.051ns max=0.051ns {1 <= 0.163ns, 0 <= 0.217ns, 0 <= 0.244ns, 0 <= 0.258ns, 0 <= 0.271ns}
        Clock DAG library cell distribution eGRPC after moving buffers {count}:
           Bufs: BUFFD20BWP: 1 
        Primary reporting skew groups eGRPC after moving buffers:
          skew_group clk/cons_mode: insertion delay [min=0.074, max=0.080, avg=0.078, sd=0.002], skew [0.005 vs 0.100], 100% {0.074, 0.080} (wid=0.010 ws=0.005) (gid=0.070 gs=0.000)
        Skew group summary eGRPC after moving buffers:
          skew_group clk/cons_mode: insertion delay [min=0.074, max=0.080, avg=0.078, sd=0.002], skew [0.005 vs 0.100], 100% {0.074, 0.080} (wid=0.010 ws=0.005) (gid=0.070 gs=0.000)
        Moving buffers done. (took cpu=0:00:00.0 real=0:00:00.0)
        Initial Pass of Downsizing Clock Tree Cells...
        Artificially removing long paths...
          Legalizer API calls during this step: 0 succeeded with high effort: 0 succeeded with medium effort: 0 succeeded with low effort: 0 succeeded with basic effort: 0 succeeded with basic unbounded effort: 0
        Artificially removing long paths done. (took cpu=0:00:00.0 real=0:00:00.0)
        Modifying slew-target multiplier from 1 to 0.9
        Downsizing prefiltering...
        Downsizing prefiltering done.
        Downsizing: ...20% ...40% ...60% ...80% ...100% 
        DoDownSizing Summary : numSized = 0, numUnchanged = 0, numSkippedDueToOther = 0, numSkippedDueToCloseToSlewTarget = 0, numSkippedDueToCloseToSkewTarget = 2
        CCOpt-eGRPC Downsizing: considered: 0, tested: 0, violation detected: 0, violation ignored (due to small violation): 0, cannot run: 0, attempted: 0, unsuccessful: 0, sized: 0
        Reverting slew-target multiplier from 0.9 to 1
        Clock DAG stats eGRPC after downsizing:
          cell counts      : b=1, i=0, icg=0, nicg=0, l=0, total=1
          cell areas       : b=6.174um^2, i=0.000um^2, icg=0.000um^2, nicg=0.000um^2, l=0.000um^2, total=6.174um^2
          cell capacitance : b=0.004pF, i=0.000pF, icg=0.000pF, nicg=0.000pF, l=0.000pF, total=0.004pF
          sink capacitance : count=76, total=0.035pF, avg=0.000pF, sd=0.000pF, min=0.000pF, max=0.000pF
          wire capacitance : top=0.000pF, trunk=0.017pF, leaf=0.043pF, total=0.060pF
          wire lengths     : top=0.000um, trunk=155.390um, leaf=358.680um, total=514.070um
          hp wire lengths  : top=0.000um, trunk=0.000um, leaf=283.500um, total=283.500um
        Clock DAG net violations eGRPC after downsizing: none
        Clock DAG primary half-corner transition distribution eGRPC after downsizing:
          Trunk : target=0.271ns count=1 avg=0.200ns sd=0.000ns min=0.200ns max=0.200ns {0 <= 0.163ns, 1 <= 0.217ns, 0 <= 0.244ns, 0 <= 0.258ns, 0 <= 0.271ns}
          Leaf  : target=0.271ns count=1 avg=0.051ns sd=0.000ns min=0.051ns max=0.051ns {1 <= 0.163ns, 0 <= 0.217ns, 0 <= 0.244ns, 0 <= 0.258ns, 0 <= 0.271ns}
        Clock DAG library cell distribution eGRPC after downsizing {count}:
           Bufs: BUFFD20BWP: 1 
        Primary reporting skew groups eGRPC after downsizing:
          skew_group clk/cons_mode: insertion delay [min=0.074, max=0.080, avg=0.078, sd=0.002], skew [0.005 vs 0.100], 100% {0.074, 0.080} (wid=0.010 ws=0.005) (gid=0.070 gs=0.000)
        Skew group summary eGRPC after downsizing:
          skew_group clk/cons_mode: insertion delay [min=0.074, max=0.080, avg=0.078, sd=0.002], skew [0.005 vs 0.100], 100% {0.074, 0.080} (wid=0.010 ws=0.005) (gid=0.070 gs=0.000)
        Initial Pass of Downsizing Clock Tree Cells done. (took cpu=0:00:00.0 real=0:00:00.0)
        Fixing DRVs...
        Fixing clock tree DRVs: ...20% ...40% ...60% ...80% ...100% 
        CCOpt-eGRPC: considered: 2, tested: 2, violation detected: 0, violation ignored (due to small violation): 0, cannot run: 0, attempted: 0, unsuccessful: 0, sized: 0
        
        PRO Statistics: Fix DRVs (cell sizing):
        =======================================
        
        Cell changes by Net Type:
        
        -------------------------------------------------------------------------------------------------
        Net Type    Attempted    Upsized     Downsized    Swapped Same Size    Total Changed    Not Sized
        -------------------------------------------------------------------------------------------------
        top                0            0           0            0                    0                0
        trunk              0            0           0            0                    0                0
        leaf               0            0           0            0                    0                0
        -------------------------------------------------------------------------------------------------
        Total              0            0           0            0                    0                0
        -------------------------------------------------------------------------------------------------
        
        Upsized: 0, Downsized: 0, Sized but same area: 0, Unchanged: 0, Area change: 0.000um^2 (0.000%)
        Max. move: 0.000um, Min. move: 0.000um, Avg. move: N/A
        
        Clock DAG stats eGRPC after DRV fixing:
          cell counts      : b=1, i=0, icg=0, nicg=0, l=0, total=1
          cell areas       : b=6.174um^2, i=0.000um^2, icg=0.000um^2, nicg=0.000um^2, l=0.000um^2, total=6.174um^2
          cell capacitance : b=0.004pF, i=0.000pF, icg=0.000pF, nicg=0.000pF, l=0.000pF, total=0.004pF
          sink capacitance : count=76, total=0.035pF, avg=0.000pF, sd=0.000pF, min=0.000pF, max=0.000pF
          wire capacitance : top=0.000pF, trunk=0.017pF, leaf=0.043pF, total=0.060pF
          wire lengths     : top=0.000um, trunk=155.390um, leaf=358.680um, total=514.070um
          hp wire lengths  : top=0.000um, trunk=0.000um, leaf=283.500um, total=283.500um
        Clock DAG net violations eGRPC after DRV fixing: none
        Clock DAG primary half-corner transition distribution eGRPC after DRV fixing:
          Trunk : target=0.271ns count=1 avg=0.200ns sd=0.000ns min=0.200ns max=0.200ns {0 <= 0.163ns, 1 <= 0.217ns, 0 <= 0.244ns, 0 <= 0.258ns, 0 <= 0.271ns}
          Leaf  : target=0.271ns count=1 avg=0.051ns sd=0.000ns min=0.051ns max=0.051ns {1 <= 0.163ns, 0 <= 0.217ns, 0 <= 0.244ns, 0 <= 0.258ns, 0 <= 0.271ns}
        Clock DAG library cell distribution eGRPC after DRV fixing {count}:
           Bufs: BUFFD20BWP: 1 
        Primary reporting skew groups eGRPC after DRV fixing:
          skew_group clk/cons_mode: insertion delay [min=0.074, max=0.080, avg=0.078, sd=0.002], skew [0.005 vs 0.100], 100% {0.074, 0.080} (wid=0.010 ws=0.005) (gid=0.070 gs=0.000)
        Skew group summary eGRPC after DRV fixing:
          skew_group clk/cons_mode: insertion delay [min=0.074, max=0.080, avg=0.078, sd=0.002], skew [0.005 vs 0.100], 100% {0.074, 0.080} (wid=0.010 ws=0.005) (gid=0.070 gs=0.000)
        Fixing DRVs done. (took cpu=0:00:00.0 real=0:00:00.0)
        Reconnecting optimized routes...
        Reset timing graph...
Ignoring AAE DB Resetting ...
        Reset timing graph done.
        Reconnecting optimized routes done. (took cpu=0:00:00.0 real=0:00:00.0)
        Violation analysis...
        Violation analysis done. (took cpu=0:00:00.0 real=0:00:00.0)
        Reset timing graph...
Ignoring AAE DB Resetting ...
        Reset timing graph done.
        Set dirty flag on 0 insts, 0 nets
        Clock DAG stats before routing clock trees:
          cell counts      : b=1, i=0, icg=0, nicg=0, l=0, total=1
          cell areas       : b=6.174um^2, i=0.000um^2, icg=0.000um^2, nicg=0.000um^2, l=0.000um^2, total=6.174um^2
          cell capacitance : b=0.004pF, i=0.000pF, icg=0.000pF, nicg=0.000pF, l=0.000pF, total=0.004pF
          sink capacitance : count=76, total=0.035pF, avg=0.000pF, sd=0.000pF, min=0.000pF, max=0.000pF
          wire capacitance : top=0.000pF, trunk=0.017pF, leaf=0.043pF, total=0.060pF
          wire lengths     : top=0.000um, trunk=155.390um, leaf=358.680um, total=514.070um
          hp wire lengths  : top=0.000um, trunk=0.000um, leaf=283.500um, total=283.500um
        Clock DAG net violations before routing clock trees: none
        Clock DAG primary half-corner transition distribution before routing clock trees:
          Trunk : target=0.271ns count=1 avg=0.200ns sd=0.000ns min=0.200ns max=0.200ns {0 <= 0.163ns, 1 <= 0.217ns, 0 <= 0.244ns, 0 <= 0.258ns, 0 <= 0.271ns}
          Leaf  : target=0.271ns count=1 avg=0.051ns sd=0.000ns min=0.051ns max=0.051ns {1 <= 0.163ns, 0 <= 0.217ns, 0 <= 0.244ns, 0 <= 0.258ns, 0 <= 0.271ns}
        Clock DAG library cell distribution before routing clock trees {count}:
           Bufs: BUFFD20BWP: 1 
        Primary reporting skew groups before routing clock trees:
          skew_group clk/cons_mode: insertion delay [min=0.074, max=0.080, avg=0.078, sd=0.002], skew [0.005 vs 0.100], 100% {0.074, 0.080} (wid=0.010 ws=0.005) (gid=0.070 gs=0.000)
        Skew group summary before routing clock trees:
          skew_group clk/cons_mode: insertion delay [min=0.074, max=0.080, avg=0.078, sd=0.002], skew [0.005 vs 0.100], 100% {0.074, 0.080} (wid=0.010 ws=0.005) (gid=0.070 gs=0.000)
      eGRPC done.
    Calling post conditioning for eGRPC done.
  eGR Post Conditioning loop iteration 0 done.
  Refine place not called during Post Conditioning. Calling it now the eGR->PC Loop is complete.
  Leaving CCOpt scope - ClockRefiner...
  Performing Single Pass Refine Place.
*** Starting refinePlace (0:16:02 mem=3588.5M) ***
Total net bbox length = 8.124e+03 (7.572e+03 5.520e+02) (ext = 2.872e+03)
Move report: Detail placement moves 0 insts, mean move: 0.00 um, max move: 0.00 um
	Runtime: CPU: 0:00:00.0 REAL: 0:00:00.0 MEM: 3588.5MB
Summary Report:
Instances move: 0 (out of 279 movable)
Instances flipped: 0
Mean displacement: 0.00 um
Max displacement: 0.00 um 
Total net bbox length = 8.124e+03 (7.572e+03 5.520e+02) (ext = 2.872e+03)
Runtime: CPU: 0:00:00.1 REAL: 0:00:00.0 MEM: 3588.5MB
*** Finished refinePlace (0:16:02 mem=3588.5M) ***
  Moved 0, flipped 0 and cell swapped 0 of 77 clock instance(s) during refinement.
  The largest move was 0 microns for .
  Leaving CCOpt scope - ClockRefiner done. (took cpu=0:00:00.2 real=0:00:00.2)
  CCOpt::Phase::eGRPC done. (took cpu=0:00:00.7 real=0:00:00.5)
  CCOpt::Phase::Routing...
  Clock implementation routing...
    Leaving CCOpt scope - Routing Tools...
Net route status summary:
  Clock:         2 (unrouted=0, trialRouted=0, noStatus=0, routed=0, fixed=2, [crossesIlmBoundary=0, tooFewTerms=0, (crossesIlmBoundary AND tooFewTerms=0)])
  Non-clock:   316 (unrouted=2, trialRouted=314, noStatus=0, routed=0, fixed=0, [crossesIlmBoundary=0, tooFewTerms=2, (crossesIlmBoundary AND tooFewTerms=0)])
    Routing using eGR in eGR->NR Step...
      Early Global Route - eGR->NR step...
(ccopt eGR): There are 2 nets for routing of which 2 have one or more fixed wires.
(ccopt eGR): Start to route 2 all nets
[NR-eGR] Track table information for default rule: 
[NR-eGR] M1 has no routable track
[NR-eGR] M2 has single uniform track structure
[NR-eGR] M3 has single uniform track structure
[NR-eGR] M4 has single uniform track structure
[NR-eGR] M5 has single uniform track structure
[NR-eGR] M6 has single uniform track structure
[NR-eGR] M7 has single uniform track structure
[NR-eGR] M8 has single uniform track structure
[NR-eGR] M9 has single uniform track structure
[NR-eGR] AP has single uniform track structure
[NR-eGR] Started Read PG Shapes ( Curr Mem: 3588.52 MB )
[NR-eGR] Read 170 PG shapes
[NR-eGR] Finished Read PG Shapes ( CPU: 0.00 sec, Real: 0.00 sec, Curr Mem: 3588.52 MB )
[NR-eGR] #Routing Blockages  : 0
[NR-eGR] #Instance Blockages : 0
[NR-eGR] #PG Blockages       : 170
[NR-eGR] #Bump Blockages     : 0
[NR-eGR] #Boundary Blockages : 0
[NR-eGR] Num Prerouted Nets = 0  Num Prerouted Wires = 0
[NR-eGR] Read numTotalNets=316  numIgnoredNets=314
[NR-eGR] Connected 0 must-join pins/ports
[NR-eGR] There are 2 clock nets ( 0 with NDR ).
[NR-eGR] ============ Routing rule table ============
[NR-eGR] Rule id: 0  Nets: 2 
[NR-eGR] ========================================
[NR-eGR] 
[NR-eGR] Layer group 1: route 2 net(s) in layer range [3, 4]
[NR-eGR] earlyGlobalRoute overflow of layer group 1: 0.00% H + 0.00% V. EstWL: 5.090400e+02um
[NR-eGR] 
[NR-eGR] Congestion Analysis By layer: (blocked Gcells are excluded) 
[NR-eGR]                        OverCon            
[NR-eGR]                         #Gcell     %Gcell
[NR-eGR]       Layer                (0)    OverCon 
[NR-eGR] ----------------------------------------------
[NR-eGR]      M1  (1)         0( 0.00%)   ( 0.00%) 
[NR-eGR]      M2  (2)         0( 0.00%)   ( 0.00%) 
[NR-eGR]      M3  (3)         0( 0.00%)   ( 0.00%) 
[NR-eGR]      M4  (4)         0( 0.00%)   ( 0.00%) 
[NR-eGR]      M5  (5)         0( 0.00%)   ( 0.00%) 
[NR-eGR]      M6  (6)         0( 0.00%)   ( 0.00%) 
[NR-eGR]      M7  (7)         0( 0.00%)   ( 0.00%) 
[NR-eGR]      M8  (8)         0( 0.00%)   ( 0.00%) 
[NR-eGR]      M9  (9)         0( 0.00%)   ( 0.00%) 
[NR-eGR]      AP (10)         0( 0.00%)   ( 0.00%) 
[NR-eGR] ----------------------------------------------
[NR-eGR] Total                0( 0.00%)   ( 0.00%) 
[NR-eGR] 
[NR-eGR] Overflow after earlyGlobalRoute (GR compatible) 0.00% H + 0.00% V
[NR-eGR] Overflow after earlyGlobalRoute 0.00% H + 0.00% V
[NR-eGR] --------------------------------------------------------------------------
[NR-eGR]     M1  (1F) length: 0.000000e+00um, number of vias: 960
[NR-eGR]     M2  (2H) length: 3.081790e+03um, number of vias: 1445
[NR-eGR]     M3  (3V) length: 6.899200e+02um, number of vias: 238
[NR-eGR]     M4  (4H) length: 2.417460e+03um, number of vias: 76
[NR-eGR]     M5  (5V) length: 7.896000e+01um, number of vias: 34
[NR-eGR]     M6  (6H) length: 2.121420e+03um, number of vias: 0
[NR-eGR]     M7  (7V) length: 0.000000e+00um, number of vias: 0
[NR-eGR]     M8  (8H) length: 0.000000e+00um, number of vias: 0
[NR-eGR]     M9  (9V) length: 0.000000e+00um, number of vias: 0
[NR-eGR]     AP (10H) length: 0.000000e+00um, number of vias: 0
[NR-eGR] Total length: 8.389550e+03um, number of vias: 2753
[NR-eGR] --------------------------------------------------------------------------
[NR-eGR] Total eGR-routed clock nets wire length: 5.140700e+02um 
[NR-eGR] --------------------------------------------------------------------------
[NR-eGR] Report for selected net(s) only.
[NR-eGR]     M1  (1V) length: 0.000000e+00um, number of vias: 78
[NR-eGR]     M2  (2H) length: 8.400000e+00um, number of vias: 73
[NR-eGR]     M3  (3V) length: 7.238000e+01um, number of vias: 72
[NR-eGR]     M4  (4H) length: 4.332900e+02um, number of vias: 0
[NR-eGR]     M5  (5V) length: 0.000000e+00um, number of vias: 0
[NR-eGR]     M6  (6H) length: 0.000000e+00um, number of vias: 0
[NR-eGR]     M7  (7V) length: 0.000000e+00um, number of vias: 0
[NR-eGR]     M8  (8H) length: 0.000000e+00um, number of vias: 0
[NR-eGR]     M9  (9V) length: 0.000000e+00um, number of vias: 0
[NR-eGR]     AP (10H) length: 0.000000e+00um, number of vias: 0
[NR-eGR] Total length: 5.140700e+02um, number of vias: 223
[NR-eGR] --------------------------------------------------------------------------
[NR-eGR] Total routed clock nets wire length: 5.140700e+02um, number of vias: 223
[NR-eGR] --------------------------------------------------------------------------
[NR-eGR] Finished Early Global Route kernel ( CPU: 0.11 sec, Real: 0.06 sec, Curr Mem: 3550.53 MB )
Generated NR early global route guides for clocks to: /home/yingna/temp/innovus_temp_33331_pdk5_yingna_oEJMWS/.rgfHLaA5m
      Early Global Route - eGR->NR step done. (took cpu=0:00:00.2 real=0:00:00.1)
    Routing using eGR in eGR->NR Step done.
    Routing using NR in eGR->NR Step...

CCOPT: Preparing to route 2 clock nets with NanoRoute.
  All net are default rule.
  Removed pre-existing routes for 2 nets.
  Preferred NanoRoute mode settings: Current
#WARNING (NRIF-82) When droutePostRouteSwapVia is set to 'false', the post route via swapping step will be performed on nets with attribute -multi_cut_via_effort, and to double cut vias.
-droutePostRouteSwapVia false
-routeWithViaOnlyForStandardCellPin false
#WARNING (NRIF-83) When droutePostRouteSwapVia is set to 'none', the post route via swapping step will be skipped in all scenarios.
**WARN: (IMPTCM-77):	Option "-routeExpDeterministicMultiThread" for command setNanoRouteMode is obsolete and will be removed in a future release. The obsolete option still works in this release but to avoid this warning and to ensure compatibility with future releases, remove the obsolete option from your script.
#WARNING (NRIF-47) This option supports a feature that is under development and experimental, use at your own risk.
#WARNING (NRIF-47) This option supports a feature that is under development and experimental, use at your own risk.
      Clock detailed routing...
        NanoRoute...
% Begin globalDetailRoute (date=04/28 16:51:22, mem=2384.7M)

globalDetailRoute

#setNanoRouteMode -drouteAutoStop false
#setNanoRouteMode -drouteEndIteration 20
#setNanoRouteMode -drouteOnGridOnly "none"
#setNanoRouteMode -droutePostRouteSwapVia "none"
#setNanoRouteMode -drouteUseMultiCutViaEffort "low"
#setNanoRouteMode -routeAllowPinAsFeedthrough "false"
#setNanoRouteMode -routeReserveSpaceForMultiCut false
#setNanoRouteMode -routeSelectedNetOnly true
#setNanoRouteMode -routeWithEco true
#setNanoRouteMode -routeWithSiDriven false
#setNanoRouteMode -routeWithTimingDriven false
#setNanoRouteMode -routeWithViaInPin "false"
#setNanoRouteMode -routeWithViaOnlyForStandardCellPin "true"
#Start globalDetailRoute on Tue Apr 28 16:51:23 2026
#
#WARNING (NRIG-1303) Congestion map does not match the GCELL grid, clearing map.
#num needed restored net=0
#need_extraction net=0 (total=318)
#NanoRoute Version 19.12-s087_1 NR191024-1807/19_12-UB
#Skip comparing routing design signature in db-snapshot flow
#Using multithreading with 48 threads.
#Start routing data preparation on Tue Apr 28 16:51:23 2026
#
#Minimum voltage of a net in the design = 0.000.
#Maximum voltage of a net in the design = 1.210.
#Voltage range [0.000 - 1.210] has 316 nets.
#Voltage range [0.990 - 1.210] has 1 net.
#Voltage range [0.000 - 0.000] has 1 net.
# M1           V   Track-Pitch = 0.14000    Line-2-Via Pitch = 0.14000
# M2           H   Track-Pitch = 0.14000    Line-2-Via Pitch = 0.14000
# M3           V   Track-Pitch = 0.14000    Line-2-Via Pitch = 0.14000
# M4           H   Track-Pitch = 0.14000    Line-2-Via Pitch = 0.14000
# M5           V   Track-Pitch = 0.14000    Line-2-Via Pitch = 0.14000
# M6           H   Track-Pitch = 0.14000    Line-2-Via Pitch = 0.14000
# M7           V   Track-Pitch = 0.14000    Line-2-Via Pitch = 0.14000
# M8           H   Track-Pitch = 0.84000    Line-2-Via Pitch = 0.80000
# M9           V   Track-Pitch = 0.84000    Line-2-Via Pitch = 0.80000
# AP           H   Track-Pitch = 5.00000    Line-2-Via Pitch = 5.00000
#Regenerating Ggrids automatically.
#Auto generating G-grids with size=15 tracks, using layer M3's pitch = 0.14000.
#Using automatically generated G-grids.
#Done routing data preparation.
#cpu time = 00:00:18, elapsed time = 00:00:01, memory = 2437.51 (MB), peak = 3494.38 (MB)
#Merging special wires: starts on Tue Apr 28 16:51:24 2026 with memory = 2437.87 (MB), peak = 3494.38 (MB)
#
#Merging special wires: cpu:00:00:00, real:00:00:00, mem:2.4 GB, peak:3.4 GB --1.28 [48]--
#reading routing guides ......
#
#Finished routing data preparation on Tue Apr 28 16:51:24 2026
#
#Cpu time = 00:00:18
#Elapsed time = 00:00:01
#Increased memory = 30.80 (MB)
#Total memory = 2438.25 (MB)
#Peak memory = 3494.38 (MB)
#
#
#Start global routing on Tue Apr 28 16:51:24 2026
#
#
#Start global routing initialization on Tue Apr 28 16:51:24 2026
#
#Number of eco nets is 0
#
#Start global routing data preparation on Tue Apr 28 16:51:24 2026
#
#Start routing resource analysis on Tue Apr 28 16:51:24 2026
#
#Routing resource analysis is done on Tue Apr 28 16:51:24 2026
#
#  Resource Analysis:
#
#               Routing  #Avail      #Track     #Total     %Gcell
#  Layer      Direction   Track     Blocked      Gcell    Blocked
#  --------------------------------------------------------------
#  M1             V        2143           0         572    65.91%
#  M2             H          56           0         572     0.00%
#  M3             V        2131          12         572     0.00%
#  M4             H          50           6         572     0.00%
#  M5             V        2143           0         572     0.00%
#  M6             H          56           0         572     0.00%
#  M7             V        2143           0         572     0.00%
#  M8             H           9           0         572     0.00%
#  M9             V         356           0         572     0.00%
#  AP             H           1           0         572    75.00%
#  --------------------------------------------------------------
#  Total                   9088       1.13%        5720    14.09%
#
#
#
#
#Global routing data preparation is done on Tue Apr 28 16:51:24 2026
#
#cpu time = 00:00:00, elapsed time = 00:00:00, memory = 2444.20 (MB), peak = 3494.38 (MB)
#
#Routing guide is on.
#
#Global routing initialization is done on Tue Apr 28 16:51:24 2026
#
#cpu time = 00:00:00, elapsed time = 00:00:00, memory = 2444.26 (MB), peak = 3494.38 (MB)
#
#start global routing iteration 1...
#cpu time = 00:00:00, elapsed time = 00:00:00, memory = 2448.23 (MB), peak = 3494.38 (MB)
#
#start global routing iteration 2...
#cpu time = 00:00:00, elapsed time = 00:00:00, memory = 2448.33 (MB), peak = 3494.38 (MB)
#
#
#Total number of trivial nets (e.g. < 2 pins) = 2 (skipped).
#Total number of selected nets for routing = 2.
#Total number of unselected nets (but routable) for routing = 314 (skipped).
#Total number of nets in the design = 318.
#
#314 skipped nets do not have any wires.
#2 routable nets have only global wires.
#2 global routed or unrouted (routable) nets have been constrained (e.g. have preferred extra spacing, require shielding etc.)
#
#Routed net constraints summary:
#---------------------------------------------------------
#        Rules   Pref Layer   Avoid Detour   Unconstrained  
#---------------------------------------------------------
#      Default            2              2               0  
#---------------------------------------------------------
#        Total            2              2               0  
#---------------------------------------------------------
#
#Routing constraints summary of the whole design:
#---------------------------------------------------------
#        Rules   Pref Layer   Avoid Detour   Unconstrained  
#---------------------------------------------------------
#      Default            2              2             314  
#---------------------------------------------------------
#        Total            2              2             314  
#---------------------------------------------------------
#
#
#  Congestion Analysis: (blocked Gcells are excluded)
#
#                 OverCon          
#                  #Gcell    %Gcell
#     Layer           (1)   OverCon
#  --------------------------------
#  M1            0(0.00%)   (0.00%)
#  M2            0(0.00%)   (0.00%)
#  M3            0(0.00%)   (0.00%)
#  M4            0(0.00%)   (0.00%)
#  M5            0(0.00%)   (0.00%)
#  M6            0(0.00%)   (0.00%)
#  M7            0(0.00%)   (0.00%)
#  M8            0(0.00%)   (0.00%)
#  M9            0(0.00%)   (0.00%)
#  AP            0(0.00%)   (0.00%)
#  --------------------------------
#     Total      0(0.00%)   (0.00%)
#
#  The worst congested Gcell overcon (routing demand over resource in number of tracks) = 1
#  Overflow after GR: 0.00% H + 0.00% V
#
#Complete Global Routing.
#Total wire length = 496 um.
#Total half perimeter of net bounding box = 440 um.
#Total wire length on LAYER M1 = 0 um.
#Total wire length on LAYER M2 = 4 um.
#Total wire length on LAYER M3 = 59 um.
#Total wire length on LAYER M4 = 433 um.
#Total wire length on LAYER M5 = 0 um.
#Total wire length on LAYER M6 = 0 um.
#Total wire length on LAYER M7 = 0 um.
#Total wire length on LAYER M8 = 0 um.
#Total wire length on LAYER M9 = 0 um.
#Total wire length on LAYER AP = 0 um.
#Total number of vias = 216
#Up-Via Summary (total 216):
#           
#-----------------------
# M1                 78
# M2                 72
# M3                 66
#-----------------------
#                   216 
#
#Total number of involved priority nets 2
#Maximum src to sink distance for priority net 158.1
#Average of max src_to_sink distance for priority net 156.7
#Average of ave src_to_sink distance for priority net 116.7
#Max overcon = 0 track.
#Total overcon = 0.00%.
#Worst layer Gcell overcon rate = 0.00%.
#
#Global routing statistics:
#Cpu time = 00:00:00
#Elapsed time = 00:00:00
#Increased memory = 31.32 (MB)
#Total memory = 2469.57 (MB)
#Peak memory = 3494.38 (MB)
#
#Finished global routing on Tue Apr 28 16:51:24 2026
#
#
#reading routing guides ......
#cpu time = 00:00:00, elapsed time = 00:00:00, memory = 2448.17 (MB), peak = 3494.38 (MB)
#Start Track Assignment.
#Done with 67 horizontal wires in 1 hboxes and 28 vertical wires in 2 hboxes.
#Done with 63 horizontal wires in 1 hboxes and 28 vertical wires in 2 hboxes.
#Complete Track Assignment.
#Total wire length = 508 um.
#Total half perimeter of net bounding box = 440 um.
#Total wire length on LAYER M1 = 18 um.
#Total wire length on LAYER M2 = 2 um.
#Total wire length on LAYER M3 = 53 um.
#Total wire length on LAYER M4 = 435 um.
#Total wire length on LAYER M5 = 0 um.
#Total wire length on LAYER M6 = 0 um.
#Total wire length on LAYER M7 = 0 um.
#Total wire length on LAYER M8 = 0 um.
#Total wire length on LAYER M9 = 0 um.
#Total wire length on LAYER AP = 0 um.
#Total number of vias = 216
#Up-Via Summary (total 216):
#           
#-----------------------
# M1                 78
# M2                 72
# M3                 66
#-----------------------
#                   216 
#
#cpu time = 00:00:00, elapsed time = 00:00:00, memory = 2469.82 (MB), peak = 3494.38 (MB)
#
#Routing data preparation, pin analysis, global routing and track assignment statistics:
#Cpu time = 00:00:19
#Elapsed time = 00:00:02
#Increased memory = 62.44 (MB)
#Total memory = 2469.82 (MB)
#Peak memory = 3494.38 (MB)
#Using multithreading with 48 threads.
#
#Start Detail Routing..
#start initial detail routing ...
# ECO: 4.2% of the total area was rechecked for DRC, and 95.8% required routing.
#   number of violations = 0
#cpu time = 00:00:01, elapsed time = 00:00:00, memory = 2557.63 (MB), peak = 3494.38 (MB)
#Complete Detail Routing.
#Total wire length = 506 um.
#Total half perimeter of net bounding box = 440 um.
#Total wire length on LAYER M1 = 0 um.
#Total wire length on LAYER M2 = 2 um.
#Total wire length on LAYER M3 = 70 um.
#Total wire length on LAYER M4 = 434 um.
#Total wire length on LAYER M5 = 0 um.
#Total wire length on LAYER M6 = 0 um.
#Total wire length on LAYER M7 = 0 um.
#Total wire length on LAYER M8 = 0 um.
#Total wire length on LAYER M9 = 0 um.
#Total wire length on LAYER AP = 0 um.
#Total number of vias = 238
#Total number of multi-cut vias = 1 (  0.4%)
#Total number of single cut vias = 237 ( 99.6%)
#Up-Via Summary (total 238):
#                   single-cut          multi-cut      Total
#-----------------------------------------------------------
# M1                77 ( 98.7%)         1 (  1.3%)         78
# M2                76 (100.0%)         0 (  0.0%)         76
# M3                84 (100.0%)         0 (  0.0%)         84
#-----------------------------------------------------------
#                  237 ( 99.6%)         1 (  0.4%)        238 
#
#Total number of DRC violations = 0
#Cpu time = 00:00:05
#Elapsed time = 00:00:05
#Increased memory = -7.63 (MB)
#Total memory = 2462.20 (MB)
#Peak memory = 3494.38 (MB)
#detailRoute Statistics:
#Cpu time = 00:00:05
#Elapsed time = 00:00:05
#Increased memory = -7.62 (MB)
#Total memory = 2462.21 (MB)
#Peak memory = 3494.38 (MB)
#Skip updating routing design signature in db-snapshot flow
#
#globalDetailRoute statistics:
#Cpu time = 00:00:24
#Elapsed time = 00:00:06
#Increased memory = 76.38 (MB)
#Total memory = 2461.13 (MB)
#Peak memory = 3494.38 (MB)
#Number of warnings = 1
#Total number of warnings = 7
#Number of fails = 0
#Total number of fails = 0
#Complete globalDetailRoute on Tue Apr 28 16:51:29 2026
#
% End globalDetailRoute (date=04/28 16:51:29, total cpu=0:00:24.4, real=0:00:06.0, peak res=3494.4M, current mem=2428.0M)
        NanoRoute done. (took cpu=0:00:24.4 real=0:00:06.6)
      Clock detailed routing done.
#WARNING (NRIF-83) When droutePostRouteSwapVia is set to 'none', the post route via swapping step will be skipped in all scenarios.
Checking guided vs. routed lengths for 2 nets...

      
      Guided max path lengths
      =======================
      
      ---------------------------------------
      From (um)    To (um)    Number of paths
      ---------------------------------------
       140.000     160.000           1
       160.000     180.000           1
      ---------------------------------------
      
      Deviation of routing from guided max path lengths
      =================================================
      
      -------------------------------------
      From (%)    To (%)    Number of paths
      -------------------------------------
      below       0.000            2
       0.000      1.000            0
      -------------------------------------
      

    Top 2 notable deviations of routed length from guided length
    =============================================================

    Net CTS_1 (77 terminals)
    Guided length:  max path =   165.200um, total =   355.180um
    Routed length:  max path =   155.260um, total =   390.535um
    Deviation:      max path =    -6.017%,  total =     9.954%

    Net clk (2 terminals)
    Guided length:  max path =   155.110um, total =   155.110um
    Routed length:  max path =   154.980um, total =   155.340um
    Deviation:      max path =    -0.084%,  total =     0.148%

Set FIXED routing status on 2 net(s)
Set FIXED placed status on 1 instance(s)
      Route Remaining Unrouted Nets...
Running earlyGlobalRoute to complete any remaining unrouted nets.
Updating RC grid for preRoute extraction ...
Initializing multi-corner resistance tables ...
[NR-eGR] Started Early Global Route kernel ( Curr Mem: 3572.30 MB )
[NR-eGR] Track table information for default rule: 
[NR-eGR] M1 has no routable track
[NR-eGR] M2 has single uniform track structure
[NR-eGR] M3 has single uniform track structure
[NR-eGR] M4 has single uniform track structure
[NR-eGR] M5 has single uniform track structure
[NR-eGR] M6 has single uniform track structure
[NR-eGR] M7 has single uniform track structure
[NR-eGR] M8 has single uniform track structure
[NR-eGR] M9 has single uniform track structure
[NR-eGR] AP has single uniform track structure
[NR-eGR] Started Read PG Shapes ( Curr Mem: 3572.30 MB )
[NR-eGR] Read 78 PG shapes
[NR-eGR] Finished Read PG Shapes ( CPU: 0.00 sec, Real: 0.00 sec, Curr Mem: 3572.30 MB )
[NR-eGR] #Routing Blockages  : 0
[NR-eGR] #Instance Blockages : 0
[NR-eGR] #PG Blockages       : 78
[NR-eGR] #Bump Blockages     : 0
[NR-eGR] #Boundary Blockages : 0
[NR-eGR] Num Prerouted Nets = 2  Num Prerouted Wires = 227
[NR-eGR] Read numTotalNets=316  numIgnoredNets=2
[NR-eGR] ============ Routing rule table ============
[NR-eGR] Rule id: 0  Nets: 314 
[NR-eGR] ========================================
[NR-eGR] 
[NR-eGR] Layer group 1: route 314 net(s) in layer range [2, 10]
[NR-eGR] earlyGlobalRoute overflow of layer group 1: 0.00% H + 0.00% V. EstWL: 7.672140e+03um
[NR-eGR] 
[NR-eGR] Congestion Analysis By layer: (blocked Gcells are excluded) 
[NR-eGR]                        OverCon            
[NR-eGR]                         #Gcell     %Gcell
[NR-eGR]       Layer                (0)    OverCon 
[NR-eGR] ----------------------------------------------
[NR-eGR]      M1  (1)         0( 0.00%)   ( 0.00%) 
[NR-eGR]      M2  (2)         0( 0.00%)   ( 0.00%) 
[NR-eGR]      M3  (3)         0( 0.00%)   ( 0.00%) 
[NR-eGR]      M4  (4)         0( 0.00%)   ( 0.00%) 
[NR-eGR]      M5  (5)         0( 0.00%)   ( 0.00%) 
[NR-eGR]      M6  (6)         0( 0.00%)   ( 0.00%) 
[NR-eGR]      M7  (7)         0( 0.00%)   ( 0.00%) 
[NR-eGR]      M8  (8)         0( 0.00%)   ( 0.00%) 
[NR-eGR]      M9  (9)         0( 0.00%)   ( 0.00%) 
[NR-eGR]      AP (10)         0( 0.00%)   ( 0.00%) 
[NR-eGR] ----------------------------------------------
[NR-eGR] Total                0( 0.00%)   ( 0.00%) 
[NR-eGR] 
[NR-eGR] Overflow after earlyGlobalRoute (GR compatible) 0.00% H + 0.00% V
[NR-eGR] Overflow after earlyGlobalRoute 0.00% H + 0.00% V
[NR-eGR] --------------------------------------------------------------------------
[NR-eGR]     M1  (1F) length: 0.000000e+00um, number of vias: 960
[NR-eGR]     M2  (2H) length: 3.068525e+03um, number of vias: 1446
[NR-eGR]     M3  (3V) length: 6.892200e+02um, number of vias: 250
[NR-eGR]     M4  (4H) length: 2.424610e+03um, number of vias: 76
[NR-eGR]     M5  (5V) length: 7.770000e+01um, number of vias: 34
[NR-eGR]     M6  (6H) length: 2.121420e+03um, number of vias: 0
[NR-eGR]     M7  (7V) length: 0.000000e+00um, number of vias: 0
[NR-eGR]     M8  (8H) length: 0.000000e+00um, number of vias: 0
[NR-eGR]     M9  (9V) length: 0.000000e+00um, number of vias: 0
[NR-eGR]     AP (10H) length: 0.000000e+00um, number of vias: 0
[NR-eGR] Total length: 8.381475e+03um, number of vias: 2766
[NR-eGR] --------------------------------------------------------------------------
[NR-eGR] Total eGR-routed clock nets wire length: 0.000000e+00um 
[NR-eGR] --------------------------------------------------------------------------
[NR-eGR] Finished Early Global Route kernel ( CPU: 0.75 sec, Real: 0.09 sec, Curr Mem: 3572.30 MB )
      Route Remaining Unrouted Nets done. (took cpu=0:00:00.8 real=0:00:00.1)
    Routing using NR in eGR->NR Step done.
Net route status summary:
  Clock:         2 (unrouted=0, trialRouted=0, noStatus=0, routed=0, fixed=2, [crossesIlmBoundary=0, tooFewTerms=0, (crossesIlmBoundary AND tooFewTerms=0)])
  Non-clock:   316 (unrouted=2, trialRouted=314, noStatus=0, routed=0, fixed=0, [crossesIlmBoundary=0, tooFewTerms=2, (crossesIlmBoundary AND tooFewTerms=0)])

CCOPT: Done with clock implementation routing.

    Leaving CCOpt scope - Routing Tools done. (took cpu=0:00:25.4 real=0:00:06.8)
  Clock implementation routing done.
  Leaving CCOpt scope - extractRC...
  Updating RC parasitics by calling: "extractRC -noRouteCheck"...
Extraction called for design 'global_ctrl' of instances=303 and nets=318 using extraction engine 'preRoute' .
PreRoute RC Extraction called for design global_ctrl.
RC Extraction called in multi-corner(3) mode.
RCMode: PreRoute
      RC Corner Indexes            0       1       2   
Capacitance Scaling Factor   : 1.00000 1.00000 1.00000 
Resistance Scaling Factor    : 1.00000 1.00000 1.00000 
Clock Cap. Scaling Factor    : 1.00000 1.00000 1.00000 
Clock Res. Scaling Factor    : 1.00000 1.00000 1.00000 
Shrink Factor                : 0.90000
PreRoute extraction is honoring NDR/Shielding/ExtraSpace for clock nets.
Using Quantus QRC technology file ...
Updating RC grid for preRoute extraction ...
Initializing multi-corner resistance tables ...
PreRoute RC Extraction DONE (CPU Time: 0:00:00.0  Real Time: 0:00:00.0  MEM: 3572.301M)
  Updating RC parasitics by calling: "extractRC -noRouteCheck" done.
  Leaving CCOpt scope - extractRC done. (took cpu=0:00:00.0 real=0:00:00.0)
  Clock tree timing engine global stage delay update for fast_delay:setup.late...
  Clock tree timing engine global stage delay update for fast_delay:setup.late done. (took cpu=0:00:00.0 real=0:00:00.0)
  Clock DAG stats after routing clock trees:
    cell counts      : b=1, i=0, icg=0, nicg=0, l=0, total=1
    cell areas       : b=6.174um^2, i=0.000um^2, icg=0.000um^2, nicg=0.000um^2, l=0.000um^2, total=6.174um^2
    cell capacitance : b=0.004pF, i=0.000pF, icg=0.000pF, nicg=0.000pF, l=0.000pF, total=0.004pF
    sink capacitance : count=76, total=0.035pF, avg=0.000pF, sd=0.000pF, min=0.000pF, max=0.000pF
    wire capacitance : top=0.000pF, trunk=0.017pF, leaf=0.042pF, total=0.059pF
    wire lengths     : top=0.000um, trunk=154.980um, leaf=350.980um, total=505.960um
    hp wire lengths  : top=0.000um, trunk=0.000um, leaf=283.500um, total=283.500um
  Clock DAG net violations after routing clock trees: none
  Clock DAG primary half-corner transition distribution after routing clock trees:
    Trunk : target=0.271ns count=1 avg=0.200ns sd=0.000ns min=0.200ns max=0.200ns {0 <= 0.163ns, 1 <= 0.217ns, 0 <= 0.244ns, 0 <= 0.258ns, 0 <= 0.271ns}
    Leaf  : target=0.271ns count=1 avg=0.050ns sd=0.000ns min=0.050ns max=0.050ns {1 <= 0.163ns, 0 <= 0.217ns, 0 <= 0.244ns, 0 <= 0.258ns, 0 <= 0.271ns}
  Clock DAG library cell distribution after routing clock trees {count}:
     Bufs: BUFFD20BWP: 1 
  Primary reporting skew groups after routing clock trees:
    skew_group clk/cons_mode: insertion delay [min=0.074, max=0.079, avg=0.077, sd=0.002], skew [0.005 vs 0.100], 100% {0.074, 0.079} (wid=0.010 ws=0.005) (gid=0.070 gs=0.000)
  Skew group summary after routing clock trees:
    skew_group clk/cons_mode: insertion delay [min=0.074, max=0.079, avg=0.077, sd=0.002], skew [0.005 vs 0.100], 100% {0.074, 0.079} (wid=0.010 ws=0.005) (gid=0.070 gs=0.000)
  CCOpt::Phase::Routing done. (took cpu=0:00:25.4 real=0:00:06.9)
  CCOpt::Phase::PostConditioning...
  Post Conditioning - Blocking space for clock sinks to ensure they remain legal.
  Removing CTS place status from clock tree and sinks.
  Switching to inst based legalization.
  PostConditioning...
    PostConditioning active optimizations:
     - DRV fixing with cell sizing and buffering
     - Skew fixing with cell sizing
    
    Currently running CTS, using active skew data
    Reset bufferability constraints...
    Resetting previous bufferability status on all nets so that PostConditioning will attempt to fix all clock tree violations.
    Reset bufferability constraints done. (took cpu=0:00:00.0 real=0:00:00.0)
    Upsizing to fix DRVs...
    Fixing clock tree DRVs with upsizing: ...20% ...40% ...60% ...80% ...100% 
    CCOpt-PostConditioning: considered: 2, tested: 2, violation detected: 0, violation ignored (due to small violation): 0, cannot run: 0, attempted: 0, unsuccessful: 0, sized: 0
    
    PRO Statistics: Fix DRVs (initial upsizing):
    ============================================
    
    Cell changes by Net Type:
    
    -------------------------------------------------------------------------------------------------
    Net Type    Attempted    Upsized     Downsized    Swapped Same Size    Total Changed    Not Sized
    -------------------------------------------------------------------------------------------------
    top                0            0           0            0                    0                0
    trunk              0            0           0            0                    0                0
    leaf               0            0           0            0                    0                0
    -------------------------------------------------------------------------------------------------
    Total              0            0           0            0                    0                0
    -------------------------------------------------------------------------------------------------
    
    Upsized: 0, Downsized: 0, Sized but same area: 0, Unchanged: 0, Area change: 0.000um^2 (0.000%)
    Max. move: 0.000um, Min. move: 0.000um, Avg. move: N/A
    
    Clock DAG stats PostConditioning after Upsizing to fix DRVs:
      cell counts      : b=1, i=0, icg=0, nicg=0, l=0, total=1
      cell areas       : b=6.174um^2, i=0.000um^2, icg=0.000um^2, nicg=0.000um^2, l=0.000um^2, total=6.174um^2
      cell capacitance : b=0.004pF, i=0.000pF, icg=0.000pF, nicg=0.000pF, l=0.000pF, total=0.004pF
      sink capacitance : count=76, total=0.035pF, avg=0.000pF, sd=0.000pF, min=0.000pF, max=0.000pF
      wire capacitance : top=0.000pF, trunk=0.017pF, leaf=0.042pF, total=0.059pF
      wire lengths     : top=0.000um, trunk=154.980um, leaf=350.980um, total=505.960um
      hp wire lengths  : top=0.000um, trunk=0.000um, leaf=283.500um, total=283.500um
    Clock DAG net violations PostConditioning after Upsizing to fix DRVs: none
    Clock DAG primary half-corner transition distribution PostConditioning after Upsizing to fix DRVs:
      Trunk : target=0.271ns count=1 avg=0.200ns sd=0.000ns min=0.200ns max=0.200ns {0 <= 0.163ns, 1 <= 0.217ns, 0 <= 0.244ns, 0 <= 0.258ns, 0 <= 0.271ns}
      Leaf  : target=0.271ns count=1 avg=0.050ns sd=0.000ns min=0.050ns max=0.050ns {1 <= 0.163ns, 0 <= 0.217ns, 0 <= 0.244ns, 0 <= 0.258ns, 0 <= 0.271ns}
    Clock DAG library cell distribution PostConditioning after Upsizing to fix DRVs {count}:
       Bufs: BUFFD20BWP: 1 
    Primary reporting skew groups PostConditioning after Upsizing to fix DRVs:
      skew_group clk/cons_mode: insertion delay [min=0.074, max=0.079, avg=0.077, sd=0.002], skew [0.005 vs 0.100], 100% {0.074, 0.079} (wid=0.010 ws=0.005) (gid=0.070 gs=0.000)
    Skew group summary PostConditioning after Upsizing to fix DRVs:
      skew_group clk/cons_mode: insertion delay [min=0.074, max=0.079, avg=0.077, sd=0.002], skew [0.005 vs 0.100], 100% {0.074, 0.079} (wid=0.010 ws=0.005) (gid=0.070 gs=0.000)
    Upsizing to fix DRVs done. (took cpu=0:00:00.0 real=0:00:00.0)
    Recomputing CTS skew targets...
    Resolving skew group constraints...
      Solving LP: 1 skew groups; 2 fragments, 2 fraglets and 3 vertices; 25 variables and 66 constraints; tolerance 1
    Resolving skew group constraints done.
    Recomputing CTS skew targets done. (took cpu=0:00:00.0 real=0:00:00.0)
    Fixing DRVs...
    Fixing clock tree DRVs: ...20% ...40% ...60% ...80% ...100% 
    CCOpt-PostConditioning: considered: 2, tested: 2, violation detected: 0, violation ignored (due to small violation): 0, cannot run: 0, attempted: 0, unsuccessful: 0, sized: 0
    
    PRO Statistics: Fix DRVs (cell sizing):
    =======================================
    
    Cell changes by Net Type:
    
    -------------------------------------------------------------------------------------------------
    Net Type    Attempted    Upsized     Downsized    Swapped Same Size    Total Changed    Not Sized
    -------------------------------------------------------------------------------------------------
    top                0            0           0            0                    0                0
    trunk              0            0           0            0                    0                0
    leaf               0            0           0            0                    0                0
    -------------------------------------------------------------------------------------------------
    Total              0            0           0            0                    0                0
    -------------------------------------------------------------------------------------------------
    
    Upsized: 0, Downsized: 0, Sized but same area: 0, Unchanged: 0, Area change: 0.000um^2 (0.000%)
    Max. move: 0.000um, Min. move: 0.000um, Avg. move: N/A
    
    Clock DAG stats PostConditioning after DRV fixing:
      cell counts      : b=1, i=0, icg=0, nicg=0, l=0, total=1
      cell areas       : b=6.174um^2, i=0.000um^2, icg=0.000um^2, nicg=0.000um^2, l=0.000um^2, total=6.174um^2
      cell capacitance : b=0.004pF, i=0.000pF, icg=0.000pF, nicg=0.000pF, l=0.000pF, total=0.004pF
      sink capacitance : count=76, total=0.035pF, avg=0.000pF, sd=0.000pF, min=0.000pF, max=0.000pF
      wire capacitance : top=0.000pF, trunk=0.017pF, leaf=0.042pF, total=0.059pF
      wire lengths     : top=0.000um, trunk=154.980um, leaf=350.980um, total=505.960um
      hp wire lengths  : top=0.000um, trunk=0.000um, leaf=283.500um, total=283.500um
    Clock DAG net violations PostConditioning after DRV fixing: none
    Clock DAG primary half-corner transition distribution PostConditioning after DRV fixing:
      Trunk : target=0.271ns count=1 avg=0.200ns sd=0.000ns min=0.200ns max=0.200ns {0 <= 0.163ns, 1 <= 0.217ns, 0 <= 0.244ns, 0 <= 0.258ns, 0 <= 0.271ns}
      Leaf  : target=0.271ns count=1 avg=0.050ns sd=0.000ns min=0.050ns max=0.050ns {1 <= 0.163ns, 0 <= 0.217ns, 0 <= 0.244ns, 0 <= 0.258ns, 0 <= 0.271ns}
    Clock DAG library cell distribution PostConditioning after DRV fixing {count}:
       Bufs: BUFFD20BWP: 1 
    Primary reporting skew groups PostConditioning after DRV fixing:
      skew_group clk/cons_mode: insertion delay [min=0.074, max=0.079, avg=0.077, sd=0.002], skew [0.005 vs 0.100], 100% {0.074, 0.079} (wid=0.010 ws=0.005) (gid=0.070 gs=0.000)
    Skew group summary PostConditioning after DRV fixing:
      skew_group clk/cons_mode: insertion delay [min=0.074, max=0.079, avg=0.077, sd=0.002], skew [0.005 vs 0.100], 100% {0.074, 0.079} (wid=0.010 ws=0.005) (gid=0.070 gs=0.000)
    Fixing DRVs done. (took cpu=0:00:00.0 real=0:00:00.0)
    Buffering to fix DRVs...
    Fixing DRVs with route buffering pass 1. Quick buffering: enabled
    Rebuffering to fix clock tree DRVs: ...20% ...40% ...60% ...80% ...100% 
    Inserted 0 buffers and inverters.
    success count. Default: 0, QS: 0, QD: 0, FS: 0, MQS: 0
    CCOpt-PostConditioning: nets considered: 2, nets tested: 2, nets violation detected: 0, nets violation ignored (due to small violation): 0, nets cannot run: 0, nets attempted: 0, nets unsuccessful: 0, buffered: 0
    Clock DAG stats PostConditioning after re-buffering DRV fixing:
      cell counts      : b=1, i=0, icg=0, nicg=0, l=0, total=1
      cell areas       : b=6.174um^2, i=0.000um^2, icg=0.000um^2, nicg=0.000um^2, l=0.000um^2, total=6.174um^2
      cell capacitance : b=0.004pF, i=0.000pF, icg=0.000pF, nicg=0.000pF, l=0.000pF, total=0.004pF
      sink capacitance : count=76, total=0.035pF, avg=0.000pF, sd=0.000pF, min=0.000pF, max=0.000pF
      wire capacitance : top=0.000pF, trunk=0.017pF, leaf=0.042pF, total=0.059pF
      wire lengths     : top=0.000um, trunk=154.980um, leaf=350.980um, total=505.960um
      hp wire lengths  : top=0.000um, trunk=0.000um, leaf=283.500um, total=283.500um
    Clock DAG net violations PostConditioning after re-buffering DRV fixing: none
    Clock DAG primary half-corner transition distribution PostConditioning after re-buffering DRV fixing:
      Trunk : target=0.271ns count=1 avg=0.200ns sd=0.000ns min=0.200ns max=0.200ns {0 <= 0.163ns, 1 <= 0.217ns, 0 <= 0.244ns, 0 <= 0.258ns, 0 <= 0.271ns}
      Leaf  : target=0.271ns count=1 avg=0.050ns sd=0.000ns min=0.050ns max=0.050ns {1 <= 0.163ns, 0 <= 0.217ns, 0 <= 0.244ns, 0 <= 0.258ns, 0 <= 0.271ns}
    Clock DAG library cell distribution PostConditioning after re-buffering DRV fixing {count}:
       Bufs: BUFFD20BWP: 1 
    Primary reporting skew groups PostConditioning after re-buffering DRV fixing:
      skew_group clk/cons_mode: insertion delay [min=0.074, max=0.079, avg=0.077, sd=0.002], skew [0.005 vs 0.100], 100% {0.074, 0.079} (wid=0.010 ws=0.005) (gid=0.070 gs=0.000)
    Skew group summary PostConditioning after re-buffering DRV fixing:
      skew_group clk/cons_mode: insertion delay [min=0.074, max=0.079, avg=0.077, sd=0.002], skew [0.005 vs 0.100], 100% {0.074, 0.079} (wid=0.010 ws=0.005) (gid=0.070 gs=0.000)
    Buffering to fix DRVs done. (took cpu=0:00:00.0 real=0:00:00.0)
    Fixing Skew by cell sizing...
    Resized 0 clock insts to decrease delay.
    Resized 0 clock insts to increase delay.
    
    PRO Statistics: Fix Skew (cell sizing):
    =======================================
    
    Cell changes by Net Type:
    
    -------------------------------------------------------------------------------------------------
    Net Type    Attempted    Upsized     Downsized    Swapped Same Size    Total Changed    Not Sized
    -------------------------------------------------------------------------------------------------
    top                0            0           0            0                    0                0
    trunk              0            0           0            0                    0                0
    leaf               0            0           0            0                    0                0
    -------------------------------------------------------------------------------------------------
    Total              0            0           0            0                    0                0
    -------------------------------------------------------------------------------------------------
    
    Upsized: 0, Downsized: 0, Sized but same area: 0, Unchanged: 0, Area change: 0.000um^2 (0.000%)
    Max. move: 0.000um, Min. move: 0.000um, Avg. move: N/A
    
    Clock DAG stats PostConditioning after skew fixing by cell sizing:
      cell counts      : b=1, i=0, icg=0, nicg=0, l=0, total=1
      cell areas       : b=6.174um^2, i=0.000um^2, icg=0.000um^2, nicg=0.000um^2, l=0.000um^2, total=6.174um^2
      cell capacitance : b=0.004pF, i=0.000pF, icg=0.000pF, nicg=0.000pF, l=0.000pF, total=0.004pF
      sink capacitance : count=76, total=0.035pF, avg=0.000pF, sd=0.000pF, min=0.000pF, max=0.000pF
      wire capacitance : top=0.000pF, trunk=0.017pF, leaf=0.042pF, total=0.059pF
      wire lengths     : top=0.000um, trunk=154.980um, leaf=350.980um, total=505.960um
      hp wire lengths  : top=0.000um, trunk=0.000um, leaf=283.500um, total=283.500um
    Clock DAG net violations PostConditioning after skew fixing by cell sizing: none
    Clock DAG primary half-corner transition distribution PostConditioning after skew fixing by cell sizing:
      Trunk : target=0.271ns count=1 avg=0.200ns sd=0.000ns min=0.200ns max=0.200ns {0 <= 0.163ns, 1 <= 0.217ns, 0 <= 0.244ns, 0 <= 0.258ns, 0 <= 0.271ns}
      Leaf  : target=0.271ns count=1 avg=0.050ns sd=0.000ns min=0.050ns max=0.050ns {1 <= 0.163ns, 0 <= 0.217ns, 0 <= 0.244ns, 0 <= 0.258ns, 0 <= 0.271ns}
    Clock DAG library cell distribution PostConditioning after skew fixing by cell sizing {count}:
       Bufs: BUFFD20BWP: 1 
    Primary reporting skew groups PostConditioning after skew fixing by cell sizing:
      skew_group clk/cons_mode: insertion delay [min=0.074, max=0.079, avg=0.077, sd=0.002], skew [0.005 vs 0.100], 100% {0.074, 0.079} (wid=0.010 ws=0.005) (gid=0.070 gs=0.000)
    Skew group summary PostConditioning after skew fixing by cell sizing:
      skew_group clk/cons_mode: insertion delay [min=0.074, max=0.079, avg=0.077, sd=0.002], skew [0.005 vs 0.100], 100% {0.074, 0.079} (wid=0.010 ws=0.005) (gid=0.070 gs=0.000)
    Fixing Skew by cell sizing done. (took cpu=0:00:00.0 real=0:00:00.0)
    Reconnecting optimized routes...
    Reset timing graph...
Ignoring AAE DB Resetting ...
    Reset timing graph done.
    Reconnecting optimized routes done. (took cpu=0:00:00.0 real=0:00:00.0)
Skipping refinePlace: no changes were made during DRV and/or skew fixing steps so it is unneccessary.
    Set dirty flag on 0 insts, 0 nets
  PostConditioning done.
Net route status summary:
  Clock:         2 (unrouted=0, trialRouted=0, noStatus=0, routed=0, fixed=2, [crossesIlmBoundary=0, tooFewTerms=0, (crossesIlmBoundary AND tooFewTerms=0)])
  Non-clock:   316 (unrouted=2, trialRouted=314, noStatus=0, routed=0, fixed=0, [crossesIlmBoundary=0, tooFewTerms=2, (crossesIlmBoundary AND tooFewTerms=0)])
  Update timing and DAG stats after post-conditioning...
  Update timing and DAG stats after post-conditioning done. (took cpu=0:00:00.0 real=0:00:00.0)
  Clock tree timing engine global stage delay update for fast_delay:setup.late...
  Clock tree timing engine global stage delay update for fast_delay:setup.late done. (took cpu=0:00:00.0 real=0:00:00.0)
  Clock DAG stats after post-conditioning:
    cell counts      : b=1, i=0, icg=0, nicg=0, l=0, total=1
    cell areas       : b=6.174um^2, i=0.000um^2, icg=0.000um^2, nicg=0.000um^2, l=0.000um^2, total=6.174um^2
    cell capacitance : b=0.004pF, i=0.000pF, icg=0.000pF, nicg=0.000pF, l=0.000pF, total=0.004pF
    sink capacitance : count=76, total=0.035pF, avg=0.000pF, sd=0.000pF, min=0.000pF, max=0.000pF
    wire capacitance : top=0.000pF, trunk=0.017pF, leaf=0.042pF, total=0.059pF
    wire lengths     : top=0.000um, trunk=154.980um, leaf=350.980um, total=505.960um
    hp wire lengths  : top=0.000um, trunk=0.000um, leaf=283.500um, total=283.500um
  Clock DAG net violations after post-conditioning: none
  Clock DAG primary half-corner transition distribution after post-conditioning:
    Trunk : target=0.271ns count=1 avg=0.200ns sd=0.000ns min=0.200ns max=0.200ns {0 <= 0.163ns, 1 <= 0.217ns, 0 <= 0.244ns, 0 <= 0.258ns, 0 <= 0.271ns}
    Leaf  : target=0.271ns count=1 avg=0.050ns sd=0.000ns min=0.050ns max=0.050ns {1 <= 0.163ns, 0 <= 0.217ns, 0 <= 0.244ns, 0 <= 0.258ns, 0 <= 0.271ns}
  Clock DAG library cell distribution after post-conditioning {count}:
     Bufs: BUFFD20BWP: 1 
  Primary reporting skew groups after post-conditioning:
    skew_group clk/cons_mode: insertion delay [min=0.074, max=0.079, avg=0.077, sd=0.002], skew [0.005 vs 0.100], 100% {0.074, 0.079} (wid=0.010 ws=0.005) (gid=0.070 gs=0.000)
  Skew group summary after post-conditioning:
    skew_group clk/cons_mode: insertion delay [min=0.074, max=0.079, avg=0.077, sd=0.002], skew [0.005 vs 0.100], 100% {0.074, 0.079} (wid=0.010 ws=0.005) (gid=0.070 gs=0.000)
  CCOpt::Phase::PostConditioning done. (took cpu=0:00:00.3 real=0:00:00.2)
  Setting CTS place status to fixed for clock tree and sinks.
  Post-balance tidy up or trial balance steps...
  
  Clock DAG stats at end of CTS:
  ==============================
  
  -----------------------------------------------------------
  Cell type                     Count    Area     Capacitance
  -----------------------------------------------------------
  Buffers                         1      6.174       0.004
  Inverters                       0      0.000       0.000
  Integrated Clock Gates          0      0.000       0.000
  Non-Integrated Clock Gates      0      0.000       0.000
  Clock Logic                     0      0.000       0.000
  All                             1      6.174       0.004
  -----------------------------------------------------------
  
  
  Clock DAG wire lengths at end of CTS:
  =====================================
  
  --------------------
  Type     Wire Length
  --------------------
  Top          0.000
  Trunk      154.980
  Leaf       350.980
  Total      505.960
  --------------------
  
  
  Clock DAG hp wire lengths at end of CTS:
  ========================================
  
  -----------------------
  Type     hp Wire Length
  -----------------------
  Top           0.000
  Trunk         0.000
  Leaf        283.500
  Total       283.500
  -----------------------
  
  
  Clock DAG capacitances at end of CTS:
  =====================================
  
  --------------------------------
  Type     Gate     Wire     Total
  --------------------------------
  Top      0.000    0.000    0.000
  Trunk    0.004    0.017    0.020
  Leaf     0.035    0.042    0.077
  Total    0.039    0.059    0.098
  --------------------------------
  
  
  Clock DAG sink capacitances at end of CTS:
  ==========================================
  
  --------------------------------------------------------
  Count    Total    Average    Std. Dev.    Min      Max
  --------------------------------------------------------
   76      0.035     0.000       0.000      0.000    0.000
  --------------------------------------------------------
  
  
  Clock DAG net violations at end of CTS:
  =======================================
  
  None
  
  
  Clock DAG primary half-corner transition distribution at end of CTS:
  ====================================================================
  
  --------------------------------------------------------------------------------------------------------------------------------------------------------------
  Net Type    Target    Count    Average    Std. Dev.    Min      Max      Distribution                                                              Over Target
  --------------------------------------------------------------------------------------------------------------------------------------------------------------
  Trunk       0.271       1       0.200       0.000      0.200    0.200    {0 <= 0.163ns, 1 <= 0.217ns, 0 <= 0.244ns, 0 <= 0.258ns, 0 <= 0.271ns}         -
  Leaf        0.271       1       0.050       0.000      0.050    0.050    {1 <= 0.163ns, 0 <= 0.217ns, 0 <= 0.244ns, 0 <= 0.258ns, 0 <= 0.271ns}         -
  --------------------------------------------------------------------------------------------------------------------------------------------------------------
  
  
  Clock DAG library cell distribution at end of CTS:
  ==================================================
  
  -------------------------------------------
  Name          Type      Inst     Inst Area 
                          Count    (um^2)
  -------------------------------------------
  BUFFD20BWP    buffer      1        6.174
  -------------------------------------------
  
  
  Primary reporting skew groups summary at end of CTS:
  ====================================================
  
  --------------------------------------------------------------------------------------------------------------------------------------------------------------------
  Half-corner              Skew Group       Min ID    Max ID    Skew     Skew target    Wire skew    Worst sink skew    Average ID    Std.Dev    Skew window occupancy
  --------------------------------------------------------------------------------------------------------------------------------------------------------------------
  fast_delay:setup.late    clk/cons_mode    0.074     0.079     0.005       0.100         0.005           0.005           0.077        0.002     100% {0.074, 0.079}
  --------------------------------------------------------------------------------------------------------------------------------------------------------------------
  
  
  Skew group summary at end of CTS:
  =================================
  
  --------------------------------------------------------------------------------------------------------------------------------------------------------------------
  Half-corner              Skew Group       Min ID    Max ID    Skew     Skew target    Wire skew    Worst sink skew    Average ID    Std.Dev    Skew window occupancy
  --------------------------------------------------------------------------------------------------------------------------------------------------------------------
  fast_delay:setup.late    clk/cons_mode    0.074     0.079     0.005       0.100         0.005           0.005           0.077        0.002     100% {0.074, 0.079}
  --------------------------------------------------------------------------------------------------------------------------------------------------------------------
  
  
  Found a total of 0 clock tree pins with a slew violation.
  
  Post-balance tidy up or trial balance steps done. (took cpu=0:00:00.0 real=0:00:00.0)
Synthesizing clock trees done.
Tidy Up And Update Timing...
External - Set all clocks to propagated mode...
Innovus updating I/O latencies
#################################################################################
# Design Stage: PreRoute
# Design Name: global_ctrl
# Design Mode: 40nm
# Analysis Mode: MMMC Non-OCV 
# Parasitics Mode: No SPEF/RCDB
# Signoff Settings: SI Off 
#################################################################################
Start delay calculation (fullDC) (48 T). (MEM=4000.46)
Total number of fetched objects 316
Total number of fetched objects 316
Total number of fetched objects 316
End delay calculation. (MEM=4921.25 CPU=0:00:00.8 REAL=0:00:00.0)
End delay calculation (fullDC). (MEM=4921.25 CPU=0:00:01.1 REAL=0:00:00.0)
	Clock: clk, View: slow_analysis, Ideal Latency: 0, Propagated Latency: 0.17197
	 Executing: set_clock_latency -source -early -max -rise -0.17197 [get_pins clk]
	Clock: clk, View: slow_analysis, Ideal Latency: 0, Propagated Latency: 0.17197
	 Executing: set_clock_latency -source -late -max -rise -0.17197 [get_pins clk]
	Clock: clk, View: slow_analysis, Ideal Latency: 0, Propagated Latency: 0.177412
	 Executing: set_clock_latency -source -early -max -fall -0.177412 [get_pins clk]
	Clock: clk, View: slow_analysis, Ideal Latency: 0, Propagated Latency: 0.177412
	 Executing: set_clock_latency -source -late -max -fall -0.177412 [get_pins clk]
	Clock: clk, View: typ_analysis, Ideal Latency: 0, Propagated Latency: 0.118899
	 Executing: set_clock_latency -source -early -max -rise -0.118899 [get_pins clk]
	Clock: clk, View: typ_analysis, Ideal Latency: 0, Propagated Latency: 0.118899
	 Executing: set_clock_latency -source -late -max -rise -0.118899 [get_pins clk]
	Clock: clk, View: typ_analysis, Ideal Latency: 0, Propagated Latency: 0.127679
	 Executing: set_clock_latency -source -early -max -fall -0.127679 [get_pins clk]
	Clock: clk, View: typ_analysis, Ideal Latency: 0, Propagated Latency: 0.127679
	 Executing: set_clock_latency -source -late -max -fall -0.127679 [get_pins clk]
	Clock: clk, View: fast_analysis, Ideal Latency: 0, Propagated Latency: 0.0773737
	 Executing: set_clock_latency -source -early -max -rise -0.0773737 [get_pins clk]
	Clock: clk, View: fast_analysis, Ideal Latency: 0, Propagated Latency: 0.0773737
	 Executing: set_clock_latency -source -late -max -rise -0.0773737 [get_pins clk]
	Clock: clk, View: fast_analysis, Ideal Latency: 0, Propagated Latency: 0.0850065
	 Executing: set_clock_latency -source -early -max -fall -0.0850065 [get_pins clk]
	Clock: clk, View: fast_analysis, Ideal Latency: 0, Propagated Latency: 0.0850065
	 Executing: set_clock_latency -source -late -max -fall -0.0850065 [get_pins clk]
Setting all clocks to propagated mode.
External - Set all clocks to propagated mode done. (took cpu=0:00:03.6 real=0:00:00.9)
Clock DAG stats after update timingGraph:
  cell counts      : b=1, i=0, icg=0, nicg=0, l=0, total=1
  cell areas       : b=6.174um^2, i=0.000um^2, icg=0.000um^2, nicg=0.000um^2, l=0.000um^2, total=6.174um^2
  cell capacitance : b=0.004pF, i=0.000pF, icg=0.000pF, nicg=0.000pF, l=0.000pF, total=0.004pF
  sink capacitance : count=76, total=0.035pF, avg=0.000pF, sd=0.000pF, min=0.000pF, max=0.000pF
  wire capacitance : top=0.000pF, trunk=0.017pF, leaf=0.042pF, total=0.059pF
  wire lengths     : top=0.000um, trunk=154.980um, leaf=350.980um, total=505.960um
  hp wire lengths  : top=0.000um, trunk=0.000um, leaf=283.500um, total=283.500um
Clock DAG net violations after update timingGraph: none
Clock DAG primary half-corner transition distribution after update timingGraph:
  Trunk : target=0.271ns count=1 avg=0.200ns sd=0.000ns min=0.200ns max=0.200ns {0 <= 0.163ns, 1 <= 0.217ns, 0 <= 0.244ns, 0 <= 0.258ns, 0 <= 0.271ns}
  Leaf  : target=0.271ns count=1 avg=0.050ns sd=0.000ns min=0.050ns max=0.050ns {1 <= 0.163ns, 0 <= 0.217ns, 0 <= 0.244ns, 0 <= 0.258ns, 0 <= 0.271ns}
Clock DAG library cell distribution after update timingGraph {count}:
   Bufs: BUFFD20BWP: 1 
Primary reporting skew groups after update timingGraph:
  skew_group clk/cons_mode: insertion delay [min=0.074, max=0.079, avg=0.077, sd=0.002], skew [0.005 vs 0.100], 100% {0.074, 0.079} (wid=0.010 ws=0.005) (gid=0.070 gs=0.000)
Skew group summary after update timingGraph:
  skew_group clk/cons_mode: insertion delay [min=0.074, max=0.079, avg=0.077, sd=0.002], skew [0.005 vs 0.100], 100% {0.074, 0.079} (wid=0.010 ws=0.005) (gid=0.070 gs=0.000)
Logging CTS constraint violations...
  No violations found.
Logging CTS constraint violations done.
Tidy Up And Update Timing done. (took cpu=0:00:03.6 real=0:00:01.0)
Runtime done. (took cpu=0:00:40.0 real=0:00:14.6)
Runtime Summary
===============
Clock Runtime:  (36%) Core CTS           5.23 (Init 3.82, Construction 0.53, Implementation 0.36, eGRPC 0.22, PostConditioning 0.23, Other 0.07)
Clock Runtime:  (54%) CTS services       7.89 (RefinePlace 0.68, EarlyGlobalClock 0.59, NanoRoute 6.57, ExtractRC 0.05, TimingAnalysis 0.00)
Clock Runtime:   (9%) Other CTS          1.41 (Init 0.14, CongRepair/EGR-DP 0.32, TimingUpdate 0.94, Other 0.00)
Clock Runtime: (100%) Total             14.53

Synthesizing clock trees with CCOpt done.
**WARN: (IMPSP-9025):	No scan chain specified/traced.
Type 'man IMPSP-9025' for more detail.
Set place::cacheFPlanSiteMark to 0

*** Summary of all messages that are not suppressed in this session:
Severity  ID               Count  Summary                                  
WARNING   IMPSP-9025           1  No scan chain specified/traced.          
WARNING   IMPCCOPT-1041        1  The source_output_max_trans is set for %...
WARNING   IMPCCOPT-1361        3  Routing configuration for %s nets in clo...
WARNING   IMPCCOPT-1184        1  The library has no usable balanced %ss f...
WARNING   IMPTCM-77            1  Option "%s" for command %s is obsolete a...
*** Message Summary: 7 warning(s), 0 error(s)

#% End ccopt_design (date=04/28 16:51:30, total cpu=0:00:40.2, real=0:00:15.0, peak res=3494.4M, current mem=2435.5M)
<CMD_INTERNAL> deleteTrialRoute
<CMD> report_ccopt_clock_trees -filename ./ccopt/global_ctrl/ccopt_report_trees.rpt
Ignoring AAE DB Resetting ...
Updating timing graph...
  
  Leaving CCOpt scope - BuildTimeGraph...
#################################################################################
# Design Stage: PreRoute
# Design Name: global_ctrl
# Design Mode: 40nm
# Analysis Mode: MMMC Non-OCV 
# Parasitics Mode: No SPEF/RCDB
# Signoff Settings: SI Off 
#################################################################################
Calculate delays in Single mode...
Calculate delays in Single mode...
Calculate delays in Single mode...
Start delay calculation (fullDC) (48 T). (MEM=4000.52)
Total number of fetched objects 316
Total number of fetched objects 316
Total number of fetched objects 316
End delay calculation. (MEM=4998.93 CPU=0:00:01.6 REAL=0:00:01.0)
End delay calculation (fullDC). (MEM=4998.93 CPU=0:00:02.2 REAL=0:00:01.0)
  Leaving CCOpt scope - BuildTimeGraph done. (took cpu=0:00:04.2 real=0:00:01.0)
Updating timing graph done.
Updating latch analysis...
  Leaving CCOpt scope - Updating latch analysis...
  Leaving CCOpt scope - Updating latch analysis done. (took cpu=0:00:00.2 real=0:00:00.1)
Updating latch analysis done.
Clock tree timing engine global stage delay update for fast_delay:setup.early...
Clock tree timing engine global stage delay update for fast_delay:setup.early done. (took cpu=0:00:00.3 real=0:00:00.3)
Clock tree timing engine global stage delay update for fast_delay:setup.late...
Clock tree timing engine global stage delay update for fast_delay:setup.late done. (took cpu=0:00:00.0 real=0:00:00.0)
Clock tree timing engine global stage delay update for fast_delay:hold.early...
Clock tree timing engine global stage delay update for fast_delay:hold.early done. (took cpu=0:00:00.0 real=0:00:00.0)
Clock tree timing engine global stage delay update for fast_delay:hold.late...
Clock tree timing engine global stage delay update for fast_delay:hold.late done. (took cpu=0:00:00.0 real=0:00:00.0)
Clock tree timing engine global stage delay update for typ_delay:setup.early...
Clock tree timing engine global stage delay update for typ_delay:setup.early done. (took cpu=0:00:00.0 real=0:00:00.0)
Clock tree timing engine global stage delay update for typ_delay:setup.late...
Clock tree timing engine global stage delay update for typ_delay:setup.late done. (took cpu=0:00:00.0 real=0:00:00.0)
Clock tree timing engine global stage delay update for typ_delay:hold.early...
Clock tree timing engine global stage delay update for typ_delay:hold.early done. (took cpu=0:00:00.0 real=0:00:00.0)
Clock tree timing engine global stage delay update for typ_delay:hold.late...
Clock tree timing engine global stage delay update for typ_delay:hold.late done. (took cpu=0:00:00.0 real=0:00:00.0)
Clock tree timing engine global stage delay update for slow_delay:setup.early...
Clock tree timing engine global stage delay update for slow_delay:setup.early done. (took cpu=0:00:00.0 real=0:00:00.0)
Clock tree timing engine global stage delay update for slow_delay:setup.late...
Clock tree timing engine global stage delay update for slow_delay:setup.late done. (took cpu=0:00:00.0 real=0:00:00.0)
Clock tree timing engine global stage delay update for slow_delay:hold.early...
Clock tree timing engine global stage delay update for slow_delay:hold.early done. (took cpu=0:00:00.0 real=0:00:00.0)
Clock tree timing engine global stage delay update for slow_delay:hold.late...
Clock tree timing engine global stage delay update for slow_delay:hold.late done. (took cpu=0:00:00.0 real=0:00:00.0)
<CMD> optDesign -postCTS
**optDesign ... cpu = 0:00:00, real = 0:00:00, mem = 3034.3M, totSessionCpu=0:16:36 **
**INFO: setDesignMode -flowEffort standard -> setting 'setOptMode -allEndPoints true' for the duration of this command.
Need call spDPlaceInit before registerPrioInstLoc.
GigaOpt running with 48 threads.
**optDesign ... cpu = 0:00:03, real = 0:00:02, mem = 3060.6M, totSessionCpu=0:16:39 **
*** optDesign -postCTS ***
DRC Margin: user margin 0.0; extra margin 0.2
Hold Target Slack: user slack 0
Setup Target Slack: user slack 0; extra slack 0.0
setUsefulSkewMode -ecoRoute false
Multi-VT timing optimization disabled based on library information.
Start to check current routing status for nets...
All nets will be re-routed.
End to check current routing status for nets (mem=4099.9M)
[NR-eGR] Started Early Global Route kernel ( Curr Mem: 4131.96 MB )
[NR-eGR] Track table information for default rule: 
[NR-eGR] M1 has no routable track
[NR-eGR] M2 has single uniform track structure
[NR-eGR] M3 has single uniform track structure
[NR-eGR] M4 has single uniform track structure
[NR-eGR] M5 has single uniform track structure
[NR-eGR] M6 has single uniform track structure
[NR-eGR] M7 has single uniform track structure
[NR-eGR] M8 has single uniform track structure
[NR-eGR] M9 has single uniform track structure
[NR-eGR] AP has single uniform track structure
[NR-eGR] Started Read PG Shapes ( Curr Mem: 4131.96 MB )
[NR-eGR] Read 78 PG shapes
[NR-eGR] Finished Read PG Shapes ( CPU: 0.00 sec, Real: 0.00 sec, Curr Mem: 4131.96 MB )
[NR-eGR] #Routing Blockages  : 0
[NR-eGR] #Instance Blockages : 0
[NR-eGR] #PG Blockages       : 78
[NR-eGR] #Bump Blockages     : 0
[NR-eGR] #Boundary Blockages : 0
[NR-eGR] Num Prerouted Nets = 2  Num Prerouted Wires = 227
[NR-eGR] Read numTotalNets=316  numIgnoredNets=2
[NR-eGR] ============ Routing rule table ============
[NR-eGR] Rule id: 0  Nets: 314 
[NR-eGR] ========================================
[NR-eGR] 
[NR-eGR] Layer group 1: route 314 net(s) in layer range [2, 10]
[NR-eGR] earlyGlobalRoute overflow of layer group 1: 0.00% H + 0.00% V. EstWL: 7.672140e+03um
[NR-eGR] 
[NR-eGR] Congestion Analysis By layer: (blocked Gcells are excluded) 
[NR-eGR]                        OverCon            
[NR-eGR]                         #Gcell     %Gcell
[NR-eGR]       Layer                (0)    OverCon 
[NR-eGR] ----------------------------------------------
[NR-eGR]      M1  (1)         0( 0.00%)   ( 0.00%) 
[NR-eGR]      M2  (2)         0( 0.00%)   ( 0.00%) 
[NR-eGR]      M3  (3)         0( 0.00%)   ( 0.00%) 
[NR-eGR]      M4  (4)         0( 0.00%)   ( 0.00%) 
[NR-eGR]      M5  (5)         0( 0.00%)   ( 0.00%) 
[NR-eGR]      M6  (6)         0( 0.00%)   ( 0.00%) 
[NR-eGR]      M7  (7)         0( 0.00%)   ( 0.00%) 
[NR-eGR]      M8  (8)         0( 0.00%)   ( 0.00%) 
[NR-eGR]      M9  (9)         0( 0.00%)   ( 0.00%) 
[NR-eGR]      AP (10)         0( 0.00%)   ( 0.00%) 
[NR-eGR] ----------------------------------------------
[NR-eGR] Total                0( 0.00%)   ( 0.00%) 
[NR-eGR] 
[NR-eGR] Overflow after earlyGlobalRoute (GR compatible) 0.00% H + 0.00% V
[NR-eGR] Overflow after earlyGlobalRoute 0.00% H + 0.00% V
[NR-eGR] --------------------------------------------------------------------------
[NR-eGR]     M1  (1F) length: 0.000000e+00um, number of vias: 960
[NR-eGR]     M2  (2H) length: 3.068525e+03um, number of vias: 1446
[NR-eGR]     M3  (3V) length: 6.892200e+02um, number of vias: 250
[NR-eGR]     M4  (4H) length: 2.424610e+03um, number of vias: 76
[NR-eGR]     M5  (5V) length: 7.770000e+01um, number of vias: 34
[NR-eGR]     M6  (6H) length: 2.121420e+03um, number of vias: 0
[NR-eGR]     M7  (7V) length: 0.000000e+00um, number of vias: 0
[NR-eGR]     M8  (8H) length: 0.000000e+00um, number of vias: 0
[NR-eGR]     M9  (9V) length: 0.000000e+00um, number of vias: 0
[NR-eGR]     AP (10H) length: 0.000000e+00um, number of vias: 0
[NR-eGR] Total length: 8.381475e+03um, number of vias: 2766
[NR-eGR] --------------------------------------------------------------------------
[NR-eGR] Total eGR-routed clock nets wire length: 0.000000e+00um 
[NR-eGR] --------------------------------------------------------------------------
[NR-eGR] Finished Early Global Route kernel ( CPU: 0.76 sec, Real: 0.15 sec, Curr Mem: 3748.48 MB )
Updating RC grid for preRoute extraction ...
Initializing multi-corner resistance tables ...
Extraction called for design 'global_ctrl' of instances=303 and nets=318 using extraction engine 'preRoute' .
PreRoute RC Extraction called for design global_ctrl.
RC Extraction called in multi-corner(3) mode.
RCMode: PreRoute
      RC Corner Indexes            0       1       2   
Capacitance Scaling Factor   : 1.00000 1.00000 1.00000 
Resistance Scaling Factor    : 1.00000 1.00000 1.00000 
Clock Cap. Scaling Factor    : 1.00000 1.00000 1.00000 
Clock Res. Scaling Factor    : 1.00000 1.00000 1.00000 
Shrink Factor                : 0.90000
PreRoute extraction is honoring NDR/Shielding/ExtraSpace for clock nets.
Using Quantus QRC technology file ...
Updating RC grid for preRoute extraction ...
Initializing multi-corner resistance tables ...
PreRoute RC Extraction DONE (CPU Time: 0:00:00.0  Real Time: 0:00:00.0  MEM: 3748.504M)
Compute RC Scale Done ...
Starting delay calculation for Setup views
#################################################################################
# Design Stage: PreRoute
# Design Name: global_ctrl
# Design Mode: 40nm
# Analysis Mode: MMMC Non-OCV 
# Parasitics Mode: No SPEF/RCDB
# Signoff Settings: SI Off 
#################################################################################
Calculate delays in Single mode...
Calculate delays in Single mode...
Calculate delays in Single mode...
Start delay calculation (fullDC) (48 T). (MEM=4200.66)
Total number of fetched objects 316
Total number of fetched objects 316
Total number of fetched objects 316
End delay calculation. (MEM=5238.54 CPU=0:00:02.5 REAL=0:00:00.0)
End delay calculation (fullDC). (MEM=5238.54 CPU=0:00:03.0 REAL=0:00:00.0)
*** Done Building Timing Graph (cpu=0:00:05.2 real=0:00:00.0 totSessionCpu=0:16:48 mem=5206.5M)

------------------------------------------------------------
             Initial Summary                             
------------------------------------------------------------

Setup views included:
 fast_analysis typ_analysis slow_analysis 

+--------------------+---------+---------+---------+
|     Setup mode     |   all   | reg2reg | default |
+--------------------+---------+---------+---------+
|           WNS (ns):|  3.478  |  6.928  |  3.478  |
|           TNS (ns):|  0.000  |  0.000  |  0.000  |
|    Violating Paths:|    0    |    0    |    0    |
|          All Paths:|   105   |   72    |   37    |
+--------------------+---------+---------+---------+

+----------------+-------------------------------+------------------+
|                |              Real             |       Total      |
|    DRVs        +------------------+------------+------------------|
|                |  Nr nets(terms)  | Worst Vio  |  Nr nets(terms)  |
+----------------+------------------+------------+------------------+
|   max_cap      |      0 (0)       |   0.000    |      0 (0)       |
|   max_tran     |      0 (0)       |   0.000    |      0 (0)       |
|   max_fanout   |      0 (0)       |     0      |      0 (0)       |
|   max_length   |      0 (0)       |     0      |      0 (0)       |
+----------------+------------------+------------+------------------+

Density: 50.416%
------------------------------------------------------------
**optDesign ... cpu = 0:00:12, real = 0:00:06, mem = 3276.6M, totSessionCpu=0:16:48 **
** INFO : this run is activating low effort ccoptDesign flow
*** Starting optimizing excluded clock nets MEM= 4328.1M) ***
*info: No excluded clock nets to be optimized.
*** Finished optimizing excluded clock nets (CPU Time= 0:00:00.0  MEM= 4328.1M) ***
*** Starting optimizing excluded clock nets MEM= 4328.1M) ***
*info: No excluded clock nets to be optimized.
*** Finished optimizing excluded clock nets (CPU Time= 0:00:00.0  MEM= 4328.1M) ***
Info: Done creating the CCOpt slew target map.
Begin: GigaOpt high fanout net optimization
Info: 2 nets with fixed/cover wires excluded.
Info: 2 clock nets excluded from IPO operation.
*** DrvOpt [begin] : cpu/real = 0:00:00.0/0:00:00.0 (0.0), totSession cpu/real = 0:16:48.5/0:02:48.0 (6.0), mem = 4328.1M
*** DrvOpt [finish] : cpu/real = 0:00:03.9/0:00:03.7 (1.0), totSession cpu/real = 0:16:52.4/0:02:51.7 (5.9), mem = 4377.1M
End: GigaOpt high fanout net optimization

Optimization is working on the following views:
  Setup views: slow_analysis 
  Hold  views: slow_analysis 

Active setup views:
 slow_analysis
  Dominating endpoints: 0
  Dominating TNS: -0.000

*** Timing Is met
*** Check timing (0:00:00.0)
Info: 2 nets with fixed/cover wires excluded.
Info: 2 clock nets excluded from IPO operation.
Begin: Area Reclaim Optimization
*** AreaOpt [begin] : cpu/real = 0:00:00.0/0:00:00.0 (0.0), totSession cpu/real = 0:16:54.4/0:02:53.4 (5.8), mem = 5554.7M
Usable buffer cells for single buffer setup transform:
CKBD1BWP CKBD0BWP BUFFD1BWP BUFFD0BWP DEL025D1BWP CKBD2BWP BUFFD2BWP CKBD3BWP BUFFD3BWP CKBD4BWP BUFFD4BWP CKBD6BWP BUFFD6BWP CKBD8BWP CKBD12BWP BUFFD12BWP CKBD16BWP BUFFD16BWP DCCKBD12BWP DCCKBD16BWP 
Number of usable buffer cells above: 20
Reclaim Optimization WNS Slack 0.044  TNS Slack 0.000 Density 50.42
+----------+---------+--------+--------+------------+--------+
| Density  | Commits |  WNS   |  TNS   |    Real    |  Mem   |
+----------+---------+--------+--------+------------+--------+
|    50.42%|        -|   0.044|   0.000|   0:00:00.0| 5567.7M|
|    50.42%|        0|   0.044|   0.000|   0:00:00.0| 6531.5M|
|    50.42%|        0|   0.044|   0.000|   0:00:00.0| 6531.5M|
|    50.42%|        0|   0.044|   0.000|   0:00:00.0| 6541.9M|
|    50.42%|        0|   0.044|   0.000|   0:00:00.0| 6543.9M|
|    50.42%|        0|   0.044|   0.000|   0:00:00.0| 6543.9M|
+----------+---------+--------+--------+------------+--------+
Reclaim Optimization End WNS Slack 0.044  TNS Slack 0.000 Density 50.42
**** Begin NDR-Layer Usage Statistics ****
Layer 3 has 2 constrained nets 
**** End NDR-Layer Usage Statistics ****
End: Core Area Reclaim Optimization (cpu = 0:00:02.2) (real = 0:00:02.0) **
*** Starting refinePlace (0:16:56 mem=6543.9M) ***
Total net bbox length = 8.124e+03 (7.572e+03 5.520e+02) (ext = 2.872e+03)
Move report: Detail placement moves 0 insts, mean move: 0.00 um, max move: 0.00 um
	Runtime: CPU: 0:00:00.0 REAL: 0:00:00.0 MEM: 6543.9MB
Summary Report:
Instances move: 0 (out of 278 movable)
Instances flipped: 0
Mean displacement: 0.00 um
Max displacement: 0.00 um 
Total net bbox length = 8.124e+03 (7.572e+03 5.520e+02) (ext = 2.872e+03)
Runtime: CPU: 0:00:00.0 REAL: 0:00:00.0 MEM: 6543.9MB
*** Finished refinePlace (0:16:56 mem=6543.9M) ***
*** maximum move = 0.00 um ***
*** Finished re-routing un-routed nets (6543.9M) ***

*** Finish Physical Update (cpu=0:00:00.3 real=0:00:00.0 mem=6544.9M) ***
*** AreaOpt [finish] : cpu/real = 0:00:01.3/0:00:01.1 (1.2), totSession cpu/real = 0:16:55.8/0:02:54.5 (5.8), mem = 6544.9M
End: Area Reclaim Optimization (cpu=0:00:03, real=0:00:02, mem=4402.29M, totSessionCpu=0:16:56).
[NR-eGR] Track table information for default rule: 
[NR-eGR] M1 has no routable track
[NR-eGR] M2 has single uniform track structure
[NR-eGR] M3 has single uniform track structure
[NR-eGR] M4 has single uniform track structure
[NR-eGR] M5 has single uniform track structure
[NR-eGR] M6 has single uniform track structure
[NR-eGR] M7 has single uniform track structure
[NR-eGR] M8 has single uniform track structure
[NR-eGR] M9 has single uniform track structure
[NR-eGR] AP has single uniform track structure
[NR-eGR] Started Read PG Shapes ( Curr Mem: 4402.26 MB )
[NR-eGR] Read 78 PG shapes
[NR-eGR] Finished Read PG Shapes ( CPU: 0.00 sec, Real: 0.00 sec, Curr Mem: 4402.26 MB )
[NR-eGR] #Routing Blockages  : 0
[NR-eGR] #Instance Blockages : 0
[NR-eGR] #PG Blockages       : 78
[NR-eGR] #Bump Blockages     : 0
[NR-eGR] #Boundary Blockages : 0
[NR-eGR] Num Prerouted Nets = 2  Num Prerouted Wires = 227
[NR-eGR] Read numTotalNets=316  numIgnoredNets=2
[NR-eGR] ============ Routing rule table ============
[NR-eGR] Rule id: 0  Nets: 314 
[NR-eGR] ========================================
[NR-eGR] 
[NR-eGR] Layer group 1: route 314 net(s) in layer range [2, 10]
[NR-eGR] earlyGlobalRoute overflow of layer group 1: 0.00% H + 0.00% V. EstWL: 7.672140e+03um
[NR-eGR] 
[NR-eGR] Congestion Analysis By layer: (blocked Gcells are excluded) 
[NR-eGR]                        OverCon            
[NR-eGR]                         #Gcell     %Gcell
[NR-eGR]       Layer                (0)    OverCon 
[NR-eGR] ----------------------------------------------
[NR-eGR]      M1  (1)         0( 0.00%)   ( 0.00%) 
[NR-eGR]      M2  (2)         0( 0.00%)   ( 0.00%) 
[NR-eGR]      M3  (3)         0( 0.00%)   ( 0.00%) 
[NR-eGR]      M4  (4)         0( 0.00%)   ( 0.00%) 
[NR-eGR]      M5  (5)         0( 0.00%)   ( 0.00%) 
[NR-eGR]      M6  (6)         0( 0.00%)   ( 0.00%) 
[NR-eGR]      M7  (7)         0( 0.00%)   ( 0.00%) 
[NR-eGR]      M8  (8)         0( 0.00%)   ( 0.00%) 
[NR-eGR]      M9  (9)         0( 0.00%)   ( 0.00%) 
[NR-eGR]      AP (10)         0( 0.00%)   ( 0.00%) 
[NR-eGR] ----------------------------------------------
[NR-eGR] Total                0( 0.00%)   ( 0.00%) 
[NR-eGR] 
[NR-eGR] Overflow after earlyGlobalRoute (GR compatible) 0.00% H + 0.00% V
[NR-eGR] Overflow after earlyGlobalRoute 0.00% H + 0.00% V
[NR-eGR] --------------------------------------------------------------------------
[NR-eGR]     M1  (1F) length: 0.000000e+00um, number of vias: 960
[NR-eGR]     M2  (2H) length: 3.068525e+03um, number of vias: 1446
[NR-eGR]     M3  (3V) length: 6.892200e+02um, number of vias: 250
[NR-eGR]     M4  (4H) length: 2.424610e+03um, number of vias: 76
[NR-eGR]     M5  (5V) length: 7.770000e+01um, number of vias: 34
[NR-eGR]     M6  (6H) length: 2.121420e+03um, number of vias: 0
[NR-eGR]     M7  (7V) length: 0.000000e+00um, number of vias: 0
[NR-eGR]     M8  (8H) length: 0.000000e+00um, number of vias: 0
[NR-eGR]     M9  (9V) length: 0.000000e+00um, number of vias: 0
[NR-eGR]     AP (10H) length: 0.000000e+00um, number of vias: 0
[NR-eGR] Total length: 8.381475e+03um, number of vias: 2766
[NR-eGR] --------------------------------------------------------------------------
[NR-eGR] Total eGR-routed clock nets wire length: 0.000000e+00um 
[NR-eGR] --------------------------------------------------------------------------
[NR-eGR] Finished Early Global Route kernel ( CPU: 0.66 sec, Real: 0.18 sec, Curr Mem: 4034.26 MB )
Extraction called for design 'global_ctrl' of instances=303 and nets=318 using extraction engine 'preRoute' .
PreRoute RC Extraction called for design global_ctrl.
RC Extraction called in multi-corner(3) mode.
RCMode: PreRoute
      RC Corner Indexes            0       1       2   
Capacitance Scaling Factor   : 1.00000 1.00000 1.00000 
Resistance Scaling Factor    : 1.00000 1.00000 1.00000 
Clock Cap. Scaling Factor    : 1.00000 1.00000 1.00000 
Clock Res. Scaling Factor    : 1.00000 1.00000 1.00000 
Shrink Factor                : 0.90000
PreRoute extraction is honoring NDR/Shielding/ExtraSpace for clock nets.
Using Quantus QRC technology file ...
Updating RC grid for preRoute extraction ...
Initializing multi-corner resistance tables ...
PreRoute RC Extraction DONE (CPU Time: 0:00:00.0  Real Time: 0:00:00.0  MEM: 4032.262M)
Compute RC Scale Done ...
[hotspot] +------------+---------------+---------------+
[hotspot] |            |   max hotspot | total hotspot |
[hotspot] +------------+---------------+---------------+
[hotspot] | normalized |          0.00 |          0.00 |
[hotspot] +------------+---------------+---------------+
Local HotSpot Analysis: normalized max congestion hotspot area = 0.00, normalized total congestion hotspot area = 0.00 (area is in unit of 4 std-cell row bins)
#################################################################################
# Design Stage: PreRoute
# Design Name: global_ctrl
# Design Mode: 40nm
# Analysis Mode: MMMC Non-OCV 
# Parasitics Mode: No SPEF/RCDB
# Signoff Settings: SI Off 
#################################################################################
Calculate delays in Single mode...
Start delay calculation (fullDC) (48 T). (MEM=4392)
Total number of fetched objects 316
End delay calculation. (MEM=5326.72 CPU=0:00:00.8 REAL=0:00:00.0)
End delay calculation (fullDC). (MEM=5326.72 CPU=0:00:01.3 REAL=0:00:00.0)
Begin: GigaOpt postEco DRV Optimization
Info: 2 nets with fixed/cover wires excluded.
Info: 2 clock nets excluded from IPO operation.
*** DrvOpt [begin] : cpu/real = 0:00:00.0/0:00:00.0 (0.0), totSession cpu/real = 0:16:59.8/0:02:55.8 (5.8), mem = 5294.7M
+-------------------------------------------------------------------------------------------------------------------------------------------------------+
|        max-tran       |        max-cap        |  max-fanout |  max-length |       setup       |        |        |        |       |          |         |
+-------------------------------------------------------------------------------------------------------------------------------------------------------+
| nets | terms|  wViol  | nets | terms|  wViol  | nets | terms| nets | terms|   WNS   |   TNS   |  #Buf  |  #Inv  | #Resize|Density|   Real   |   Mem   |
+-------------------------------------------------------------------------------------------------------------------------------------------------------+
|     4|    15|    -0.02|     5|     5|    -0.00|     0|     0|     0|     0|     3.48|     0.00|       0|       0|       0|  50.42|          |         |
|     0|     0|     0.00|     0|     0|     0.00|     0|     0|     0|     0|     3.48|     0.00|       0|       0|       5|  50.51| 0:00:00.0|  7431.6M|
|     0|     0|     0.00|     0|     0|     0.00|     0|     0|     0|     0|     3.48|     0.00|       0|       0|       0|  50.51| 0:00:00.0|  7431.6M|
+-------------------------------------------------------------------------------------------------------------------------------------------------------+
**** Begin NDR-Layer Usage Statistics ****
Layer 3 has 2 constrained nets 
**** End NDR-Layer Usage Statistics ****

*** Finish DRV Fixing (cpu=0:00:00.4 real=0:00:00.0 mem=7431.6M) ***

*** Starting refinePlace (0:17:03 mem=7431.6M) ***
Total net bbox length = 8.125e+03 (7.574e+03 5.516e+02) (ext = 2.872e+03)
Move report: Detail placement moves 0 insts, mean move: 0.00 um, max move: 0.00 um
	Runtime: CPU: 0:00:00.0 REAL: 0:00:00.0 MEM: 7431.6MB
Summary Report:
Instances move: 0 (out of 278 movable)
Instances flipped: 0
Mean displacement: 0.00 um
Max displacement: 0.00 um 
Total net bbox length = 8.125e+03 (7.574e+03 5.516e+02) (ext = 2.872e+03)
Runtime: CPU: 0:00:00.0 REAL: 0:00:00.0 MEM: 7431.6MB
*** Finished refinePlace (0:17:03 mem=7431.6M) ***
*** maximum move = 0.00 um ***
*** Finished re-routing un-routed nets (7431.6M) ***

*** Finish Physical Update (cpu=0:00:00.3 real=0:00:00.0 mem=7431.6M) ***
*** DrvOpt [finish] : cpu/real = 0:00:03.3/0:00:02.9 (1.1), totSession cpu/real = 0:17:03.0/0:02:58.7 (5.7), mem = 4944.9M
End: GigaOpt postEco DRV Optimization
*** Steiner Routed Nets: 0.000%; Threshold: 100; Threshold for Hold: 100
Re-routed 0 nets

Active setup views:
 slow_analysis
  Dominating endpoints: 0
  Dominating TNS: -0.000

*** Enable all active views. ***
Extraction called for design 'global_ctrl' of instances=303 and nets=318 using extraction engine 'preRoute' .
PreRoute RC Extraction called for design global_ctrl.
RC Extraction called in multi-corner(3) mode.
RCMode: PreRoute
      RC Corner Indexes            0       1       2   
Capacitance Scaling Factor   : 1.00000 1.00000 1.00000 
Resistance Scaling Factor    : 1.00000 1.00000 1.00000 
Clock Cap. Scaling Factor    : 1.00000 1.00000 1.00000 
Clock Res. Scaling Factor    : 1.00000 1.00000 1.00000 
Shrink Factor                : 0.90000
PreRoute extraction is honoring NDR/Shielding/ExtraSpace for clock nets.
Using Quantus QRC technology file ...
Skipped RC grid update for preRoute extraction.
Initializing multi-corner resistance tables ...
PreRoute RC Extraction DONE (CPU Time: 0:00:00.1  Real Time: 0:00:00.0  MEM: 4100.945M)
[NR-eGR] Track table information for default rule: 
[NR-eGR] M1 has no routable track
[NR-eGR] M2 has single uniform track structure
[NR-eGR] M3 has single uniform track structure
[NR-eGR] M4 has single uniform track structure
[NR-eGR] M5 has single uniform track structure
[NR-eGR] M6 has single uniform track structure
[NR-eGR] M7 has single uniform track structure
[NR-eGR] M8 has single uniform track structure
[NR-eGR] M9 has single uniform track structure
[NR-eGR] AP has single uniform track structure
[NR-eGR] Started Read PG Shapes ( Curr Mem: 4100.95 MB )
[NR-eGR] Read 78 PG shapes
[NR-eGR] Finished Read PG Shapes ( CPU: 0.00 sec, Real: 0.00 sec, Curr Mem: 4100.95 MB )
[NR-eGR] #Routing Blockages  : 0
[NR-eGR] #Instance Blockages : 0
[NR-eGR] #PG Blockages       : 78
[NR-eGR] #Bump Blockages     : 0
[NR-eGR] #Boundary Blockages : 0
[NR-eGR] Num Prerouted Nets = 2  Num Prerouted Wires = 227
[NR-eGR] Read numTotalNets=316  numIgnoredNets=2
[NR-eGR] ============ Routing rule table ============
[NR-eGR] Rule id: 0  Nets: 314 
[NR-eGR] ========================================
[NR-eGR] 
[NR-eGR] Layer group 1: route 314 net(s) in layer range [2, 10]
[NR-eGR] earlyGlobalRoute overflow of layer group 1: 0.00% H + 0.00% V. EstWL: 7.675920e+03um
[NR-eGR] 
[NR-eGR] Congestion Analysis By layer: (blocked Gcells are excluded) 
[NR-eGR]                        OverCon            
[NR-eGR]                         #Gcell     %Gcell
[NR-eGR]       Layer                (0)    OverCon 
[NR-eGR] ----------------------------------------------
[NR-eGR]      M1  (1)         0( 0.00%)   ( 0.00%) 
[NR-eGR]      M2  (2)         0( 0.00%)   ( 0.00%) 
[NR-eGR]      M3  (3)         0( 0.00%)   ( 0.00%) 
[NR-eGR]      M4  (4)         0( 0.00%)   ( 0.00%) 
[NR-eGR]      M5  (5)         0( 0.00%)   ( 0.00%) 
[NR-eGR]      M6  (6)         0( 0.00%)   ( 0.00%) 
[NR-eGR]      M7  (7)         0( 0.00%)   ( 0.00%) 
[NR-eGR]      M8  (8)         0( 0.00%)   ( 0.00%) 
[NR-eGR]      M9  (9)         0( 0.00%)   ( 0.00%) 
[NR-eGR]      AP (10)         0( 0.00%)   ( 0.00%) 
[NR-eGR] ----------------------------------------------
[NR-eGR] Total                0( 0.00%)   ( 0.00%) 
[NR-eGR] 
[NR-eGR] Overflow after earlyGlobalRoute (GR compatible) 0.00% H + 0.00% V
[NR-eGR] Overflow after earlyGlobalRoute 0.00% H + 0.00% V
[NR-eGR] Finished Early Global Route kernel ( CPU: 0.44 sec, Real: 0.06 sec, Curr Mem: 4100.95 MB )
[hotspot] +------------+---------------+---------------+
[hotspot] |            |   max hotspot | total hotspot |
[hotspot] +------------+---------------+---------------+
[hotspot] | normalized |          0.00 |          0.00 |
[hotspot] +------------+---------------+---------------+
Local HotSpot Analysis: normalized max congestion hotspot area = 0.00, normalized total congestion hotspot area = 0.00 (area is in unit of 4 std-cell row bins)
Reported timing to dir ./timingReports
**optDesign ... cpu = 0:00:28, real = 0:00:18, mem = 2840.1M, totSessionCpu=0:17:04 **
Starting delay calculation for Setup views
#################################################################################
# Design Stage: PreRoute
# Design Name: global_ctrl
# Design Mode: 40nm
# Analysis Mode: MMMC Non-OCV 
# Parasitics Mode: No SPEF/RCDB
# Signoff Settings: SI Off 
#################################################################################
Calculate delays in Single mode...
Calculate delays in Single mode...
Start delay calculation (fullDC) (48 T). (MEM=4436.11)
Total number of fetched objects 316
Total number of fetched objects 316
End delay calculation. (MEM=5381.78 CPU=0:00:01.2 REAL=0:00:01.0)
End delay calculation (fullDC). (MEM=5381.78 CPU=0:00:01.8 REAL=0:00:01.0)
*** Done Building Timing Graph (cpu=0:00:03.4 real=0:00:01.0 totSessionCpu=0:17:07 mem=5349.8M)

------------------------------------------------------------
     optDesign Final Summary                             
------------------------------------------------------------

Setup views included:
 fast_analysis slow_analysis 

+--------------------+---------+---------+---------+
|     Setup mode     |   all   | reg2reg | default |
+--------------------+---------+---------+---------+
|           WNS (ns):|  3.478  |  6.928  |  3.478  |
|           TNS (ns):|  0.000  |  0.000  |  0.000  |
|    Violating Paths:|    0    |    0    |    0    |
|          All Paths:|   105   |   72    |   37    |
+--------------------+---------+---------+---------+

+----------------+-------------------------------+------------------+
|                |              Real             |       Total      |
|    DRVs        +------------------+------------+------------------|
|                |  Nr nets(terms)  | Worst Vio  |  Nr nets(terms)  |
+----------------+------------------+------------+------------------+
|   max_cap      |      0 (0)       |   0.000    |      0 (0)       |
|   max_tran     |      0 (0)       |   0.000    |      0 (0)       |
|   max_fanout   |      0 (0)       |     0      |      0 (0)       |
|   max_length   |      0 (0)       |     0      |      0 (0)       |
+----------------+------------------+------------+------------------+

Density: 50.512%
Routing Overflow: 0.00% H and 0.00% V
------------------------------------------------------------
**optDesign ... cpu = 0:00:32, real = 0:00:20, mem = 3423.3M, totSessionCpu=0:17:08 **
*** Finished optDesign ***
Info: Destroy the CCOpt slew target map.
<CMD> setOptMode -fixFanoutLoad true
<CMD> optDesign -postCTS -drv
**optDesign ... cpu = 0:00:00, real = 0:00:00, mem = 3310.2M, totSessionCpu=0:17:08 **
**INFO: setDesignMode -flowEffort standard -> setting 'setOptMode -allEndPoints true' for the duration of this command.
**INFO: Enabling NR-eGR flow for DRV Fixing.
Need call spDPlaceInit before registerPrioInstLoc.
GigaOpt running with 48 threads.
**optDesign ... cpu = 0:00:02, real = 0:00:01, mem = 3325.6M, totSessionCpu=0:17:10 **
*** optDesign -postCTS ***
DRC Margin: user margin 0.0; extra margin 0.2
Hold Target Slack: user slack 0
Setup Target Slack: user slack 0; extra slack 0.0
setUsefulSkewMode -ecoRoute false
Multi-VT timing optimization disabled based on library information.
Start to check current routing status for nets...
All nets are already routed correctly.
End to check current routing status for nets (mem=4392.8M)
*** Enable all active views. ***
Starting delay calculation for Setup views
#################################################################################
# Design Stage: PreRoute
# Design Name: global_ctrl
# Design Mode: 40nm
# Analysis Mode: MMMC Non-OCV 
# Parasitics Mode: No SPEF/RCDB
# Signoff Settings: SI Off 
#################################################################################
Calculate delays in Single mode...
Calculate delays in Single mode...
Calculate delays in Single mode...
Start delay calculation (fullDC) (48 T). (MEM=4424.8)
Total number of fetched objects 316
Total number of fetched objects 316
Total number of fetched objects 316
End delay calculation. (MEM=5378.28 CPU=0:00:01.6 REAL=0:00:01.0)
End delay calculation (fullDC). (MEM=5378.28 CPU=0:00:02.1 REAL=0:00:01.0)
*** Done Building Timing Graph (cpu=0:00:03.3 real=0:00:01.0 totSessionCpu=0:17:14 mem=5346.3M)

------------------------------------------------------------
             Initial Summary                             
------------------------------------------------------------

Setup views included:
 fast_analysis typ_analysis slow_analysis 

+--------------------+---------+---------+---------+
|     Setup mode     |   all   | reg2reg | default |
+--------------------+---------+---------+---------+
|           WNS (ns):|  3.478  |  6.928  |  3.478  |
|           TNS (ns):|  0.000  |  0.000  |  0.000  |
|    Violating Paths:|    0    |    0    |    0    |
|          All Paths:|   105   |   72    |   37    |
+--------------------+---------+---------+---------+

+----------------+-------------------------------+------------------+
|                |              Real             |       Total      |
|    DRVs        +------------------+------------+------------------|
|                |  Nr nets(terms)  | Worst Vio  |  Nr nets(terms)  |
+----------------+------------------+------------+------------------+
|   max_cap      |      0 (0)       |   0.000    |      0 (0)       |
|   max_tran     |      0 (0)       |   0.000    |      0 (0)       |
|   max_fanout   |      0 (0)       |     0      |      0 (0)       |
|   max_length   |      0 (0)       |     0      |      0 (0)       |
+----------------+------------------+------------+------------------+

Density: 50.512%
------------------------------------------------------------
**optDesign ... cpu = 0:00:06, real = 0:00:03, mem = 3406.5M, totSessionCpu=0:17:14 **
*** Starting optimizing excluded clock nets MEM= 4467.8M) ***
*info: No excluded clock nets to be optimized.
*** Finished optimizing excluded clock nets (CPU Time= 0:00:00.0  MEM= 4467.8M) ***
*** Starting optimizing excluded clock nets MEM= 4467.8M) ***
*info: No excluded clock nets to be optimized.
*** Finished optimizing excluded clock nets (CPU Time= 0:00:00.0  MEM= 4467.8M) ***
Info: Done creating the CCOpt slew target map.
Reported timing to dir ./timingReports
**optDesign ... cpu = 0:00:06, real = 0:00:03, mem = 3406.8M, totSessionCpu=0:17:14 **

------------------------------------------------------------
     optDesign Final Summary                             
------------------------------------------------------------

Setup views included:
 fast_analysis typ_analysis slow_analysis 

+--------------------+---------+---------+---------+
|     Setup mode     |   all   | reg2reg | default |
+--------------------+---------+---------+---------+
|           WNS (ns):|  3.478  |  6.928  |  3.478  |
|           TNS (ns):|  0.000  |  0.000  |  0.000  |
|    Violating Paths:|    0    |    0    |    0    |
|          All Paths:|   105   |   72    |   37    |
+--------------------+---------+---------+---------+

+----------------+-------------------------------+------------------+
|                |              Real             |       Total      |
|    DRVs        +------------------+------------+------------------|
|                |  Nr nets(terms)  | Worst Vio  |  Nr nets(terms)  |
+----------------+------------------+------------+------------------+
|   max_cap      |      0 (0)       |   0.000    |      0 (0)       |
|   max_tran     |      0 (0)       |   0.000    |      0 (0)       |
|   max_fanout   |      0 (0)       |     0      |      0 (0)       |
|   max_length   |      0 (0)       |     0      |      0 (0)       |
+----------------+------------------+------------+------------------+

Density: 50.512%
Routing Overflow: 0.00% H and 0.00% V
------------------------------------------------------------
**optDesign ... cpu = 0:00:07, real = 0:00:05, mem = 3407.0M, totSessionCpu=0:17:14 **
*** Finished optDesign ***
Info: Destroy the CCOpt slew target map.
<CMD> optDesign -postCTS -hold
**optDesign ... cpu = 0:00:00, real = 0:00:00, mem = 3399.3M, totSessionCpu=0:17:15 **
**INFO: setDesignMode -flowEffort standard -> setting 'setOptMode -allEndPoints true' for the duration of this command.
GigaOpt running with 48 threads.
Need call spDPlaceInit before registerPrioInstLoc.
**optDesign ... cpu = 0:00:02, real = 0:00:02, mem = 3406.9M, totSessionCpu=0:17:17 **
*** optDesign -postCTS ***
DRC Margin: user margin 0.0
Hold Target Slack: user slack 0
Setup Target Slack: user slack 0;
setUsefulSkewMode -ecoRoute false
Start to check current routing status for nets...
All nets are already routed correctly.
End to check current routing status for nets (mem=4476.7M)
Compute RC Scale Done ...
GigaOpt Hold Optimizer is used
Starting initialization (fixHold) cpu=0:00:00.0 real=0:00:00.0 totSessionCpu=0:17:19 mem=4634.5M ***
**INFO: Starting Blocking QThread with 48 CPU
   ____________________________________________________________________
__/ message from Blocking QThread
Multi-CPU acceleration using 48 CPU(s).
*** QThread HoldInit [begin] : cpu/real = 0:00:00.0/0:00:00.0 (0.0), mem = 0.5M
Multithreaded Timing Analysis is initialized with 48 threads

Starting delay calculation for Hold views
#################################################################################
# Design Stage: PreRoute
# Design Name: global_ctrl
# Design Mode: 40nm
# Analysis Mode: MMMC Non-OCV 
# Parasitics Mode: No SPEF/RCDB
# Signoff Settings: SI Off 
#################################################################################
Calculate delays in Single mode...
Calculate delays in Single mode...
Calculate delays in Single mode...
Start delay calculation (fullDC) (48 T). (MEM=0)
Total number of fetched objects 316
Total number of fetched objects 316
Total number of fetched objects 316
End delay calculation. (MEM=571.414 CPU=0:00:02.4 REAL=0:00:01.0)
End delay calculation (fullDC). (MEM=571.414 CPU=0:00:02.8 REAL=0:00:01.0)
*** Done Building Timing Graph (cpu=0:00:03.3 real=0:00:01.0 totSessionCpu=0:00:17.1 mem=539.4M)

Active hold views:
 fast_analysis
  Dominating endpoints: 102
  Dominating TNS: -1.924

 slow_analysis
  Dominating endpoints: 3
  Dominating TNS: -0.000

Done building cte hold timing graph (fixHold) cpu=0:00:12.3 real=0:00:01.0 totSessionCpu=0:00:17.4 mem=569.9M ***
Done building hold timer [926 node(s), 1339 edge(s), 2 view(s)] (fixHold) cpu=0:00:12.7 real=0:00:01.0 totSessionCpu=0:00:17.8 mem=569.9M ***
*** QThread HoldInit [finish] : cpu/real = 0:00:12.8/0:00:01.5 (8.8), mem = 569.9M

_______________________________________________________________________

Active setup views:
 slow_analysis
  Dominating endpoints: 37
  Dominating TNS: -0.000

 typ_analysis
  Dominating endpoints: 0
  Dominating TNS: -0.000

 fast_analysis
  Dominating endpoints: 0
  Dominating TNS: -0.000

Done building cte setup timing graph (fixHold) cpu=0:00:02.9 real=0:00:02.0 totSessionCpu=0:17:22 mem=4633.1M ***
Restoring Auto Hold Views:  fast_analysis slow_analysis
Restoring Hold Target Slack: 0

*Info: minBufDelay = 18.8 ps, libStdDelay = 21.9 ps, minBufSize = 2822400 (4.0)
*Info: worst delay setup view: slow_analysis typ_analysis fast_analysis

------------------------------------------------------------
             Initial Summary                             
------------------------------------------------------------

Setup views included:
 fast_analysis typ_analysis slow_analysis
Hold  views included:
 fast_analysis typ_analysis slow_analysis

+--------------------+---------+---------+---------+
|     Setup mode     |   all   | reg2reg | default |
+--------------------+---------+---------+---------+
|           WNS (ns):|  3.478  |  6.928  |  3.478  |
|           TNS (ns):|  0.000  |  0.000  |  0.000  |
|    Violating Paths:|    0    |    0    |    0    |
|          All Paths:|   105   |   72    |   37    |
+--------------------+---------+---------+---------+

+--------------------+---------+---------+---------+
|     Hold mode      |   all   | reg2reg | default |
+--------------------+---------+---------+---------+
|           WNS (ns):| -0.086  | -0.086  |  0.271  |
|           TNS (ns):| -1.924  | -1.924  |  0.000  |
|    Violating Paths:|   42    |   42    |    0    |
|          All Paths:|   105   |   72    |   37    |
+--------------------+---------+---------+---------+

+----------------+-------------------------------+------------------+
|                |              Real             |       Total      |
|    DRVs        +------------------+------------+------------------|
|                |  Nr nets(terms)  | Worst Vio  |  Nr nets(terms)  |
+----------------+------------------+------------+------------------+
|   max_cap      |      0 (0)       |   0.000    |      0 (0)       |
|   max_tran     |      0 (0)       |   0.000    |      0 (0)       |
|   max_fanout   |      0 (0)       |     0      |      0 (0)       |
|   max_length   |      0 (0)       |     0      |      0 (0)       |
+----------------+------------------+------------+------------------+

Density: 50.512%
Routing Overflow: 0.00% H and 0.00% V
------------------------------------------------------------
**optDesign ... cpu = 0:00:10, real = 0:00:09, mem = 3499.2M, totSessionCpu=0:17:25 **
*** HoldOpt [begin] : cpu/real = 0:00:00.0/0:00:00.0 (0.0), totSession cpu/real = 0:17:24.7/0:03:15.8 (5.3), mem = 4563.5M
*info: Run optDesign holdfix with 48 threads.
Info: 2 nets with fixed/cover wires excluded.
Info: 2 clock nets excluded from IPO operation.
Info: Done creating the CCOpt slew target map.

*** Starting Core Fixing (fixHold) cpu=0:00:05.7 real=0:00:05.0 totSessionCpu=0:17:25 mem=5765.2M density=50.512% ***

Phase I ......
Executing transform: ECO Safe Resize
+----+--------+---------+--------+-----------+----------------+----------+------------+---------+
|Iter|  WNS   |  TNS    |  #VP   |  #Buffer  |  #Resize(F/F)  | Density  |    Real    |   Mem   |
+----+--------+---------+--------+-----------+----------------+----------+------------+---------+
|   0|  -0.086|    -1.92|      42|          0|       0(     0)|    50.51%|   0:00:00.0|  5904.6M|
|   1|  -0.086|    -1.92|      42|          0|       0(     0)|    50.51%|   0:00:00.0|  6801.3M|
+----+--------+---------+--------+-----------+----------------+----------+------------+---------+
Executing transform: AddBuffer + LegalResize
+----+--------+---------+--------+-----------+----------------+----------+------------+---------+
|Iter|  WNS   |  TNS    |  #VP   |  #Buffer  |  #Resize(F/F)  | Density  |    Real    |   Mem   |
+----+--------+---------+--------+-----------+----------------+----------+------------+---------+
|   0|  -0.086|    -1.92|      42|          0|       0(     0)|    50.51%|   0:00:00.0|  6801.3M|
|   1|  -0.000|    -0.00|       1|         38|       0(     0)|    55.00%|   0:00:00.0|  8069.3M|
|   2|   0.000|     0.00|       0|          1|       0(     0)|    55.06%|   0:00:00.0|  8069.3M|
+----+--------+---------+--------+-----------+----------------+----------+------------+---------+

*info:    Total 39 cells added for Phase I

*** Finished Core Fixing (fixHold) cpu=0:00:09.6 real=0:00:05.0 totSessionCpu=0:17:29 mem=8214.7M density=55.059% ***

*info:
*info: Added a total of 39 cells to fix/reduce hold violation
*info:
*info: Summary: 
*info:            2 cells of type 'BUFFD1BWP' used
*info:            2 cells of type 'CKBD0BWP' used
*info:            3 cells of type 'CKBD1BWP' used
*info:           18 cells of type 'DEL050D1BWP' used
*info:            6 cells of type 'DEL100D1BWP' used
*info:            7 cells of type 'DEL125D1BWP' used
*info:            1 cell  of type 'DEL175D1BWP' used

*** Starting refinePlace (0:17:29 mem=8214.7M) ***
Total net bbox length = 8.416e+03 (7.841e+03 5.751e+02) (ext = 2.872e+03)
Move report: Detail placement moves 0 insts, mean move: 0.00 um, max move: 0.00 um
	Runtime: CPU: 0:00:00.0 REAL: 0:00:00.0 MEM: 8214.7MB
Summary Report:
Instances move: 0 (out of 317 movable)
Instances flipped: 0
Mean displacement: 0.00 um
Max displacement: 0.00 um 
Total net bbox length = 8.416e+03 (7.841e+03 5.751e+02) (ext = 2.872e+03)
Runtime: CPU: 0:00:00.1 REAL: 0:00:00.0 MEM: 8214.7MB
*** Finished refinePlace (0:17:29 mem=8214.7M) ***
*** maximum move = 0.00 um ***
*** Finished re-routing un-routed nets (8214.7M) ***

*** Finish Physical Update (cpu=0:00:00.4 real=0:00:01.0 mem=8214.7M) ***
*** Finish Post CTS Hold Fixing (cpu=0:00:10.0 real=0:00:06.0 totSessionCpu=0:17:29 mem=8214.7M density=55.059%) ***
*** HoldOpt [finish] : cpu/real = 0:00:04.7/0:00:01.3 (3.8), totSession cpu/real = 0:17:29.4/0:03:17.1 (5.3), mem = 5657.6M
**INFO: total 39 insts, 0 nets marked don't touch
**INFO: total 39 insts, 0 nets marked don't touch DB property
**INFO: total 39 insts, 0 nets unmarked don't touch

*** Steiner Routed Nets: 21.690%; Threshold: 100; Threshold for Hold: 100
Re-routed 0 nets
GigaOpt_HOLD: Recover setup timing after hold fixing
GigaOpt: WNS changes after routing: 0.000 -> 0.000 (bump = 0.0)
GigaOpt: WNS bump threshold: 0.01095
GigaOpt: Skipping postEco optimization
GigaOpt: WNS changes after postEco optimization: 0.000 -> 0.000 (bump = 0.0)
GigaOpt: Skipping nonLegal postEco optimization
*** Steiner Routed Nets: 21.690%; Threshold: 100; Threshold for Hold: 100
Re-routed 0 nets
GigaOpt: WNS changes after postEco optimization: 0.000 -> 0.000 (bump = 0.0, threshold = 0.01095)
GigaOpt: Skipping post-eco TNS optimization

Active setup views:
 slow_analysis
  Dominating endpoints: 37
  Dominating TNS: -0.000

[NR-eGR] Track table information for default rule: 
[NR-eGR] M1 has no routable track
[NR-eGR] M2 has single uniform track structure
[NR-eGR] M3 has single uniform track structure
[NR-eGR] M4 has single uniform track structure
[NR-eGR] M5 has single uniform track structure
[NR-eGR] M6 has single uniform track structure
[NR-eGR] M7 has single uniform track structure
[NR-eGR] M8 has single uniform track structure
[NR-eGR] M9 has single uniform track structure
[NR-eGR] AP has single uniform track structure
[NR-eGR] Started Read PG Shapes ( Curr Mem: 4861.57 MB )
[NR-eGR] Read 78 PG shapes
[NR-eGR] Finished Read PG Shapes ( CPU: 0.00 sec, Real: 0.00 sec, Curr Mem: 4861.57 MB )
[NR-eGR] #Routing Blockages  : 0
[NR-eGR] #Instance Blockages : 0
[NR-eGR] #PG Blockages       : 78
[NR-eGR] #Bump Blockages     : 0
[NR-eGR] #Boundary Blockages : 0
[NR-eGR] Num Prerouted Nets = 2  Num Prerouted Wires = 227
[NR-eGR] Read numTotalNets=355  numIgnoredNets=2
[NR-eGR] ============ Routing rule table ============
[NR-eGR] Rule id: 0  Nets: 353 
[NR-eGR] ========================================
[NR-eGR] 
[NR-eGR] Layer group 1: route 353 net(s) in layer range [2, 10]
[NR-eGR] earlyGlobalRoute overflow of layer group 1: 0.00% H + 0.00% V. EstWL: 7.948080e+03um
[NR-eGR] 
[NR-eGR] Congestion Analysis By layer: (blocked Gcells are excluded) 
[NR-eGR]                        OverCon            
[NR-eGR]                         #Gcell     %Gcell
[NR-eGR]       Layer                (0)    OverCon 
[NR-eGR] ----------------------------------------------
[NR-eGR]      M1  (1)         0( 0.00%)   ( 0.00%) 
[NR-eGR]      M2  (2)         0( 0.00%)   ( 0.00%) 
[NR-eGR]      M3  (3)         0( 0.00%)   ( 0.00%) 
[NR-eGR]      M4  (4)         0( 0.00%)   ( 0.00%) 
[NR-eGR]      M5  (5)         0( 0.00%)   ( 0.00%) 
[NR-eGR]      M6  (6)         0( 0.00%)   ( 0.00%) 
[NR-eGR]      M7  (7)         0( 0.00%)   ( 0.00%) 
[NR-eGR]      M8  (8)         0( 0.00%)   ( 0.00%) 
[NR-eGR]      M9  (9)         0( 0.00%)   ( 0.00%) 
[NR-eGR]      AP (10)         0( 0.00%)   ( 0.00%) 
[NR-eGR] ----------------------------------------------
[NR-eGR] Total                0( 0.00%)   ( 0.00%) 
[NR-eGR] 
[NR-eGR] Overflow after earlyGlobalRoute (GR compatible) 0.00% H + 0.00% V
[NR-eGR] Overflow after earlyGlobalRoute 0.00% H + 0.00% V
[NR-eGR] Finished Early Global Route kernel ( CPU: 0.80 sec, Real: 0.08 sec, Curr Mem: 4863.05 MB )
[hotspot] +------------+---------------+---------------+
[hotspot] |            |   max hotspot | total hotspot |
[hotspot] +------------+---------------+---------------+
[hotspot] | normalized |          0.00 |          0.00 |
[hotspot] +------------+---------------+---------------+
Local HotSpot Analysis: normalized max congestion hotspot area = 0.00, normalized total congestion hotspot area = 0.00 (area is in unit of 4 std-cell row bins)
Reported timing to dir ./timingReports
**optDesign ... cpu = 0:00:16, real = 0:00:10, mem = 3065.6M, totSessionCpu=0:17:31 **
**INFO: Starting Non-Blocking QThread
**INFO: Distributing 48 CPU to Master 24 CPU and QThread 24 CPU
Multi-CPU acceleration using 2 CPU(s).
Starting delay calculation for Setup views
#################################################################################
# Design Stage: PreRoute
# Design Name: global_ctrl
# Design Mode: 40nm
# Analysis Mode: MMMC Non-OCV 
# Parasitics Mode: No SPEF/RCDB
# Signoff Settings: SI Off 
#################################################################################
Calculate delays in Single mode...
Calculate delays in Single mode...
Calculate delays in Single mode...
Start delay calculation (fullDC) (24 T). (MEM=4422.69)
Total number of fetched objects 355
Total number of fetched objects 355
Total number of fetched objects 355
End delay calculation. (MEM=5460.05 CPU=0:00:01.0 REAL=0:00:00.0)
End delay calculation (fullDC). (MEM=5460.05 CPU=0:00:01.3 REAL=0:00:00.0)
*** Done Building Timing Graph (cpu=0:00:02.4 real=0:00:00.0 totSessionCpu=0:17:33 mem=5428.0M)
   ____________________________________________________________________
__/ message from Non-Blocking QThread

*** QThread HoldRpt [begin] : cpu/real = 0:00:00.0/0:00:00.0 (0.0), mem = 0.6M
Multithreaded Timing Analysis is initialized with 24 threads

Starting delay calculation for Hold views
#################################################################################
# Design Stage: PreRoute
# Design Name: global_ctrl
# Design Mode: 40nm
# Analysis Mode: MMMC Non-OCV 
# Parasitics Mode: No SPEF/RCDB
# Signoff Settings: SI Off 
#################################################################################
Calculate delays in Single mode...
Calculate delays in Single mode...
Start delay calculation (fullDC) (24 T). (MEM=0)
Total number of fetched objects 355
Total number of fetched objects 355
End delay calculation. (MEM=443.328 CPU=0:00:00.6 REAL=0:00:00.0)
End delay calculation (fullDC). (MEM=443.328 CPU=0:00:00.8 REAL=0:00:00.0)
*** Done Building Timing Graph (cpu=0:00:01.1 real=0:00:00.0 totSessionCpu=0:00:08.9 mem=411.3M)
*** QThread HoldRpt [finish] : cpu/real = 0:00:02.1/0:00:00.8 (2.7), mem = 0.0M
_______________________________________________________________________

------------------------------------------------------------
     optDesign Final Summary                             
------------------------------------------------------------

Setup views included:
 fast_analysis typ_analysis slow_analysis 
Hold  views included:
 fast_analysis slow_analysis

+--------------------+---------+---------+---------+
|     Setup mode     |   all   | reg2reg | default |
+--------------------+---------+---------+---------+
|           WNS (ns):|  3.478  |  6.677  |  3.478  |
|           TNS (ns):|  0.000  |  0.000  |  0.000  |
|    Violating Paths:|    0    |    0    |    0    |
|          All Paths:|   105   |   72    |   37    |
+--------------------+---------+---------+---------+

+--------------------+---------+---------+---------+
|     Hold mode      |   all   | reg2reg | default |
+--------------------+---------+---------+---------+
|           WNS (ns):|  0.000  |  0.000  |  0.271  |
|           TNS (ns):|  0.000  |  0.000  |  0.000  |
|    Violating Paths:|    0    |    0    |    0    |
|          All Paths:|   105   |   72    |   37    |
+--------------------+---------+---------+---------+

+----------------+-------------------------------+------------------+
|                |              Real             |       Total      |
|    DRVs        +------------------+------------+------------------|
|                |  Nr nets(terms)  | Worst Vio  |  Nr nets(terms)  |
+----------------+------------------+------------+------------------+
|   max_cap      |      0 (0)       |   0.000    |      0 (0)       |
|   max_tran     |      0 (0)       |   0.000    |      0 (0)       |
|   max_fanout   |      0 (0)       |     0      |      0 (0)       |
|   max_length   |      0 (0)       |     0      |      0 (0)       |
+----------------+------------------+------------+------------------+

Density: 55.059%
Routing Overflow: 0.00% H and 0.00% V
------------------------------------------------------------
**optDesign ... cpu = 0:00:20, real = 0:00:13, mem = 3391.1M, totSessionCpu=0:17:35 **
*** Finished optDesign ***
Info: Destroy the CCOpt slew target map.
<CMD> timeDesign -postCTS
Start to check current routing status for nets...
All nets are already routed correctly.
End to check current routing status for nets (mem=4544.2M)

------------------------------------------------------------
          timeDesign Summary                             
------------------------------------------------------------

Setup views included:
 fast_analysis typ_analysis slow_analysis 

+--------------------+---------+---------+---------+
|     Setup mode     |   all   | reg2reg | default |
+--------------------+---------+---------+---------+
|           WNS (ns):|  3.478  |  6.677  |  3.478  |
|           TNS (ns):|  0.000  |  0.000  |  0.000  |
|    Violating Paths:|    0    |    0    |    0    |
|          All Paths:|   105   |   72    |   37    |
+--------------------+---------+---------+---------+

+----------------+-------------------------------+------------------+
|                |              Real             |       Total      |
|    DRVs        +------------------+------------+------------------|
|                |  Nr nets(terms)  | Worst Vio  |  Nr nets(terms)  |
+----------------+------------------+------------+------------------+
|   max_cap      |      0 (0)       |   0.000    |      0 (0)       |
|   max_tran     |      0 (0)       |   0.000    |      0 (0)       |
|   max_fanout   |      0 (0)       |     0      |      0 (0)       |
|   max_length   |      0 (0)       |     0      |      0 (0)       |
+----------------+------------------+------------+------------------+

Density: 55.059%
Routing Overflow: 0.00% H and 0.00% V
------------------------------------------------------------
Reported timing to dir ./timingReports
Total CPU time: 1.06 sec
Total Real time: 2.0 sec
Total Memory Usage: 4576.113281 Mbytes
<CMD> timeDesign -postCTS -hold
Start to check current routing status for nets...
All nets are already routed correctly.
End to check current routing status for nets (mem=4442.6M)

Optimization is working on the following views:
  Setup views:  slow_analysis typ_analysis fast_analysis
  Hold  views: fast_analysis slow_analysis 
Starting delay calculation for Hold views
#################################################################################
# Design Stage: PreRoute
# Design Name: global_ctrl
# Design Mode: 40nm
# Analysis Mode: MMMC Non-OCV 
# Parasitics Mode: No SPEF/RCDB
# Signoff Settings: SI Off 
#################################################################################
Calculate delays in Single mode...
Calculate delays in Single mode...
Start delay calculation (fullDC) (48 T). (MEM=4660.93)
Total number of fetched objects 355
Total number of fetched objects 355
End delay calculation. (MEM=5605.61 CPU=0:00:01.4 REAL=0:00:00.0)
End delay calculation (fullDC). (MEM=5605.61 CPU=0:00:02.0 REAL=0:00:00.0)
*** Done Building Timing Graph (cpu=0:00:02.4 real=0:00:00.0 totSessionCpu=0:17:40 mem=5573.6M)

------------------------------------------------------------
          timeDesign Summary                             
------------------------------------------------------------

Hold  views included:
 fast_analysis slow_analysis 

+--------------------+---------+---------+---------+
|     Hold mode      |   all   | reg2reg | default |
+--------------------+---------+---------+---------+
|           WNS (ns):|  0.000  |  0.000  |  0.271  |
|           TNS (ns):|  0.000  |  0.000  |  0.000  |
|    Violating Paths:|    0    |    0    |    0    |
|          All Paths:|   105   |   72    |   37    |
+--------------------+---------+---------+---------+

Density: 55.059%
Routing Overflow: 0.00% H and 0.00% V
------------------------------------------------------------
*** Enable all active views. ***
Reported timing to dir ./timingReports
Total CPU time: 4.39 sec
Total Real time: 2.0 sec
Total Memory Usage: 4457.125 Mbytes
<CMD> setNanoRouteMode -routeTopRoutingLayer 4
<CMD> setNanoRouteMode -routeBottomRoutingLayer 2
<CMD> setNanoRouteMode -routeWithTimingDriven false
<CMD> setNanoRouteMode -droutePostRouteSwapVia none
#WARNING (NRIF-83) When droutePostRouteSwapVia is set to 'none', the post route via swapping step will be skipped in all scenarios.
<CMD> setNanoRouteMode -drouteUseMultiCutViaEffort medium
<CMD> setNanoRouteMode -routeReserveSpaceForMultiCut false
<CMD> setNanoRouteMode -routeWithViaOnlyForStandardCellPin true
<CMD> setNanoRouteMode -routeWithViaInPin true
<CMD> setNanoRouteMode -routeConcurrentMinimizeViaCountEffort low
<CMD> setNanoRouteMode -drouteStartIteration default
**WARN: (IMPTCM-77):	Option "-drouteStartIteration" for command setNanoRouteMode is obsolete and will be removed in a future release. The obsolete option still works in this release but to avoid this warning and to ensure compatibility with future releases, remove the obsolete option from your script.
<CMD> setNanoRouteMode -drouteEndIteration default
<CMD> setNanoRouteMode -drouteFixAntenna true
<CMD> setNanoRouteMode -drouteOnGridOnly none
<CMD> globalDetailRoute
#% Begin globalDetailRoute (date=04/28 16:52:15, mem=3138.3M)

globalDetailRoute

#setNanoRouteMode -drouteFixAntenna true
#setNanoRouteMode -drouteOnGridOnly "none"
#setNanoRouteMode -droutePostRouteSwapVia "none"
#setNanoRouteMode -drouteUseMultiCutViaEffort "medium"
#setNanoRouteMode -routeBottomRoutingLayer 2
#setNanoRouteMode -routeConcurrentMinimizeViaCountEffort "low"
#setNanoRouteMode -routeReserveSpaceForMultiCut false
#setNanoRouteMode -routeTopRoutingLayer 4
#setNanoRouteMode -routeWithTimingDriven false
#setNanoRouteMode -routeWithViaInPin "true"
#setNanoRouteMode -routeWithViaOnlyForStandardCellPin "true"
#Start globalDetailRoute on Tue Apr 28 16:52:15 2026
#
#WARNING (NRIG-1303) Congestion map does not match the GCELL grid, clearing map.
#num needed restored net=0
#need_extraction net=0 (total=357)
#NanoRoute Version 19.12-s087_1 NR191024-1807/19_12-UB
#Using multithreading with 48 threads.
#Start routing data preparation on Tue Apr 28 16:52:15 2026
#
#Minimum voltage of a net in the design = 0.000.
#Maximum voltage of a net in the design = 1.210.
#Voltage range [0.000 - 1.210] has 355 nets.
#Voltage range [0.990 - 1.210] has 1 net.
#Voltage range [0.000 - 0.000] has 1 net.
# M1           V   Track-Pitch = 0.14000    Line-2-Via Pitch = 0.14000
# M2           H   Track-Pitch = 0.14000    Line-2-Via Pitch = 0.14000
# M3           V   Track-Pitch = 0.14000    Line-2-Via Pitch = 0.14000
# M4           H   Track-Pitch = 0.14000    Line-2-Via Pitch = 0.14000
# M5           V   Track-Pitch = 0.14000    Line-2-Via Pitch = 0.14000
# M6           H   Track-Pitch = 0.14000    Line-2-Via Pitch = 0.14000
# M7           V   Track-Pitch = 0.14000    Line-2-Via Pitch = 0.14000
# M8           H   Track-Pitch = 0.84000    Line-2-Via Pitch = 0.80000
# M9           V   Track-Pitch = 0.84000    Line-2-Via Pitch = 0.80000
# AP           H   Track-Pitch = 5.00000    Line-2-Via Pitch = 5.00000
#Regenerating Ggrids automatically.
#Auto generating G-grids with size=20 tracks, using layer M2's pitch = 0.14000.
#Using automatically generated G-grids.
#Done routing data preparation.
#cpu time = 00:00:08, elapsed time = 00:00:01, memory = 3177.86 (MB), peak = 4249.48 (MB)
#Merging special wires: starts on Tue Apr 28 16:52:16 2026 with memory = 3177.90 (MB), peak = 4249.48 (MB)
#
#Merging special wires: cpu:00:00:00, real:00:00:00, mem:3.1 GB, peak:4.1 GB --1.20 [48]--
#
#Finished routing data preparation on Tue Apr 28 16:52:16 2026
#
#Cpu time = 00:00:08
#Elapsed time = 00:00:01
#Increased memory = 15.83 (MB)
#Total memory = 3177.94 (MB)
#Peak memory = 4249.48 (MB)
#
#
#Start global routing on Tue Apr 28 16:52:16 2026
#
#
#Start global routing initialization on Tue Apr 28 16:52:16 2026
#
#Number of eco nets is 0
#
#Start global routing data preparation on Tue Apr 28 16:52:16 2026
#
#Start routing resource analysis on Tue Apr 28 16:52:16 2026
#
#Routing resource analysis is done on Tue Apr 28 16:52:16 2026
#
#  Resource Analysis:
#
#               Routing  #Avail      #Track     #Total     %Gcell
#  Layer      Direction   Track     Blocked      Gcell    Blocked
#  --------------------------------------------------------------
#  M1             V        2143           0         321    98.13%
#  M2             H          56           0         321     0.00%
#  M3             V        2131          12         321     0.00%
#  M4             H          50           6         321     0.00%
#  --------------------------------------------------------------
#  Total                   4380       2.82%        1284    24.53%
#
#
#
#
#Global routing data preparation is done on Tue Apr 28 16:52:16 2026
#
#cpu time = 00:00:00, elapsed time = 00:00:00, memory = 3182.70 (MB), peak = 4249.48 (MB)
#
#
#Global routing initialization is done on Tue Apr 28 16:52:16 2026
#
#cpu time = 00:00:00, elapsed time = 00:00:00, memory = 3182.70 (MB), peak = 4249.48 (MB)
#
#start global routing iteration 1...
#cpu time = 00:00:00, elapsed time = 00:00:00, memory = 3185.94 (MB), peak = 4249.48 (MB)
#
#start global routing iteration 2...
#cpu time = 00:00:00, elapsed time = 00:00:00, memory = 3185.94 (MB), peak = 4249.48 (MB)
#
#start global routing iteration 3...
#cpu time = 00:00:00, elapsed time = 00:00:00, memory = 3185.94 (MB), peak = 4249.48 (MB)
#
#
#Total number of trivial nets (e.g. < 2 pins) = 2 (skipped).
#Total number of routable nets = 355.
#Total number of nets in the design = 357.
#
#353 routable nets have only global wires.
#2 routable nets have only detail routed wires.
#2 detail routed (routable) nets have been constrained (e.g. have preferred extra spacing, require shielding etc.)
#
#Routed nets constraints summary:
#-----------------------------
#        Rules   Unconstrained  
#-----------------------------
#      Default             353  
#-----------------------------
#        Total             353  
#-----------------------------
#
#Routing constraints summary of the whole design:
#------------------------------------------
#        Rules   Pref Layer   Unconstrained  
#------------------------------------------
#      Default            2             353  
#------------------------------------------
#        Total            2             353  
#------------------------------------------
#
#
#  Congestion Analysis: (blocked Gcells are excluded)
#
#                 OverCon          
#                  #Gcell    %Gcell
#     Layer           (1)   OverCon
#  --------------------------------
#  M2            0(0.00%)   (0.00%)
#  M3            0(0.00%)   (0.00%)
#  M4            0(0.00%)   (0.00%)
#  --------------------------------
#     Total      0(0.00%)   (0.00%)
#
#  The worst congested Gcell overcon (routing demand over resource in number of tracks) = 1
#  Overflow after GR: 0.00% H + 0.00% V
#
#Complete Global Routing.
#Total wire length = 8365 um.
#Total half perimeter of net bounding box = 8688 um.
#Total wire length on LAYER M1 = 0 um.
#Total wire length on LAYER M2 = 5398 um.
#Total wire length on LAYER M3 = 529 um.
#Total wire length on LAYER M4 = 2439 um.
#Total wire length on LAYER M5 = 0 um.
#Total wire length on LAYER M6 = 0 um.
#Total wire length on LAYER M7 = 0 um.
#Total wire length on LAYER M8 = 0 um.
#Total wire length on LAYER M9 = 0 um.
#Total wire length on LAYER AP = 0 um.
#Total number of vias = 1633
#Total number of multi-cut vias = 1 (  0.1%)
#Total number of single cut vias = 1632 ( 99.9%)
#Up-Via Summary (total 1633):
#                   single-cut          multi-cut      Total
#-----------------------------------------------------------
# M1              1000 ( 99.9%)         1 (  0.1%)       1001
# M2               431 (100.0%)         0 (  0.0%)        431
# M3               201 (100.0%)         0 (  0.0%)        201
#-----------------------------------------------------------
#                 1632 ( 99.9%)         1 (  0.1%)       1633 
#
#Max overcon = 0 track.
#Total overcon = 0.00%.
#Worst layer Gcell overcon rate = 0.00%.
#
#Global routing statistics:
#Cpu time = 00:00:00
#Elapsed time = 00:00:00
#Increased memory = 29.61 (MB)
#Total memory = 3207.55 (MB)
#Peak memory = 4249.48 (MB)
#
#Finished global routing on Tue Apr 28 16:52:16 2026
#
#
#cpu time = 00:00:00, elapsed time = 00:00:00, memory = 3185.57 (MB), peak = 4249.48 (MB)
#Start Track Assignment.
#Done with 532 horizontal wires in 1 hboxes and 166 vertical wires in 1 hboxes.
#Done with 114 horizontal wires in 1 hboxes and 7 vertical wires in 1 hboxes.
#Done with 1 horizontal wires in 1 hboxes and 1 vertical wires in 1 hboxes.
#
#Track assignment summary:
# layer   (wire length)   (overlap)     (long ovlp)	(with obs/pg/clk)  
#------------------------------------------------------------------------
# M2          5409.70 	  0.05%  	  0.00% 	  0.00%
# M3           423.82 	  0.00%  	  0.00% 	  0.00%
# M4          2006.19 	  0.00%  	  0.00% 	  0.00%
#------------------------------------------------------------------------
# All        7839.71  	  0.03% 	  0.00% 	  0.00%
#Complete Track Assignment.
#Total wire length = 8544 um.
#Total half perimeter of net bounding box = 8688 um.
#Total wire length on LAYER M1 = 0 um.
#Total wire length on LAYER M2 = 5585 um.
#Total wire length on LAYER M3 = 499 um.
#Total wire length on LAYER M4 = 2460 um.
#Total wire length on LAYER M5 = 0 um.
#Total wire length on LAYER M6 = 0 um.
#Total wire length on LAYER M7 = 0 um.
#Total wire length on LAYER M8 = 0 um.
#Total wire length on LAYER M9 = 0 um.
#Total wire length on LAYER AP = 0 um.
#Total number of vias = 1633
#Total number of multi-cut vias = 1 (  0.1%)
#Total number of single cut vias = 1632 ( 99.9%)
#Up-Via Summary (total 1633):
#                   single-cut          multi-cut      Total
#-----------------------------------------------------------
# M1              1000 ( 99.9%)         1 (  0.1%)       1001
# M2               431 (100.0%)         0 (  0.0%)        431
# M3               201 (100.0%)         0 (  0.0%)        201
#-----------------------------------------------------------
#                 1632 ( 99.9%)         1 (  0.1%)       1633 
#
#cpu time = 00:00:00, elapsed time = 00:00:00, memory = 3207.62 (MB), peak = 4249.48 (MB)
#
#number of short segments in preferred routing layers
#	
#	
#
#Routing data preparation, pin analysis, global routing and track assignment statistics:
#Cpu time = 00:00:09
#Elapsed time = 00:00:02
#Increased memory = 45.51 (MB)
#Total memory = 3207.62 (MB)
#Peak memory = 4249.48 (MB)
#Using multithreading with 48 threads.
#
#Start Detail Routing..
#start initial detail routing ...
#   number of violations = 7
#
#    By Layer and Type :
#	         MetSpc   EOLSpc    Short      Mar   Totals
#	M1            0        0        0        0        0
#	M2            2        1        3        1        7
#	Totals        2        1        3        1        7
#44 out of 342 instances (12.9%) need to be verified(marked ipoed), dirty area = 2.7%.
#86.0% of the total area is being checked for drcs
#86.0% of the total area was checked
#   number of violations = 7
#
#    By Layer and Type :
#	         MetSpc   EOLSpc    Short      Mar   Totals
#	M1            0        0        0        0        0
#	M2            2        1        3        1        7
#	Totals        2        1        3        1        7
#cpu time = 00:00:03, elapsed time = 00:00:01, memory = 3385.35 (MB), peak = 4249.48 (MB)
#start 1st optimization iteration ...
#   number of violations = 0
#cpu time = 00:00:00, elapsed time = 00:00:00, memory = 3389.72 (MB), peak = 4249.48 (MB)
#Complete Detail Routing.
#Total wire length = 8793 um.
#Total half perimeter of net bounding box = 8688 um.
#Total wire length on LAYER M1 = 0 um.
#Total wire length on LAYER M2 = 4829 um.
#Total wire length on LAYER M3 = 848 um.
#Total wire length on LAYER M4 = 3116 um.
#Total wire length on LAYER M5 = 0 um.
#Total wire length on LAYER M6 = 0 um.
#Total wire length on LAYER M7 = 0 um.
#Total wire length on LAYER M8 = 0 um.
#Total wire length on LAYER M9 = 0 um.
#Total wire length on LAYER AP = 0 um.
#Total number of vias = 2627
#Total number of multi-cut vias = 1169 ( 44.5%)
#Total number of single cut vias = 1458 ( 55.5%)
#Up-Via Summary (total 2627):
#                   single-cut          multi-cut      Total
#-----------------------------------------------------------
# M1               713 ( 68.4%)       330 ( 31.6%)       1043
# M2               536 ( 46.7%)       611 ( 53.3%)       1147
# M3               209 ( 47.8%)       228 ( 52.2%)        437
#-----------------------------------------------------------
#                 1458 ( 55.5%)      1169 ( 44.5%)       2627 
#
#Total number of DRC violations = 0
#Cpu time = 00:00:06
#Elapsed time = 00:00:03
#Increased memory = -8.94 (MB)
#Total memory = 3198.68 (MB)
#Peak memory = 4249.48 (MB)
#
#start routing for process antenna violation fix ...
#cpu time = 00:00:02, elapsed time = 00:00:02, memory = 3199.91 (MB), peak = 4249.48 (MB)
#
#Total wire length = 8793 um.
#Total half perimeter of net bounding box = 8688 um.
#Total wire length on LAYER M1 = 0 um.
#Total wire length on LAYER M2 = 4829 um.
#Total wire length on LAYER M3 = 848 um.
#Total wire length on LAYER M4 = 3116 um.
#Total wire length on LAYER M5 = 0 um.
#Total wire length on LAYER M6 = 0 um.
#Total wire length on LAYER M7 = 0 um.
#Total wire length on LAYER M8 = 0 um.
#Total wire length on LAYER M9 = 0 um.
#Total wire length on LAYER AP = 0 um.
#Total number of vias = 2627
#Total number of multi-cut vias = 1169 ( 44.5%)
#Total number of single cut vias = 1458 ( 55.5%)
#Up-Via Summary (total 2627):
#                   single-cut          multi-cut      Total
#-----------------------------------------------------------
# M1               713 ( 68.4%)       330 ( 31.6%)       1043
# M2               536 ( 46.7%)       611 ( 53.3%)       1147
# M3               209 ( 47.8%)       228 ( 52.2%)        437
#-----------------------------------------------------------
#                 1458 ( 55.5%)      1169 ( 44.5%)       2627 
#
#Total number of DRC violations = 0
#Total number of net violated process antenna rule = 0
#
#
#Total wire length = 8793 um.
#Total half perimeter of net bounding box = 8688 um.
#Total wire length on LAYER M1 = 0 um.
#Total wire length on LAYER M2 = 4829 um.
#Total wire length on LAYER M3 = 848 um.
#Total wire length on LAYER M4 = 3116 um.
#Total wire length on LAYER M5 = 0 um.
#Total wire length on LAYER M6 = 0 um.
#Total wire length on LAYER M7 = 0 um.
#Total wire length on LAYER M8 = 0 um.
#Total wire length on LAYER M9 = 0 um.
#Total wire length on LAYER AP = 0 um.
#Total number of vias = 2627
#Total number of multi-cut vias = 1169 ( 44.5%)
#Total number of single cut vias = 1458 ( 55.5%)
#Up-Via Summary (total 2627):
#                   single-cut          multi-cut      Total
#-----------------------------------------------------------
# M1               713 ( 68.4%)       330 ( 31.6%)       1043
# M2               536 ( 46.7%)       611 ( 53.3%)       1147
# M3               209 ( 47.8%)       228 ( 52.2%)        437
#-----------------------------------------------------------
#                 1458 ( 55.5%)      1169 ( 44.5%)       2627 
#
#Total number of DRC violations = 0
#Total number of net violated process antenna rule = 0
#
#detailRoute Statistics:
#Cpu time = 00:00:08
#Elapsed time = 00:00:05
#Increased memory = 13.14 (MB)
#Total memory = 3220.76 (MB)
#Peak memory = 4249.48 (MB)
#
#globalDetailRoute statistics:
#Cpu time = 00:00:17
#Elapsed time = 00:00:07
#Increased memory = 45.09 (MB)
#Total memory = 3183.43 (MB)
#Peak memory = 4249.48 (MB)
#Number of warnings = 1
#Total number of warnings = 13
#Number of fails = 0
#Total number of fails = 0
#Complete globalDetailRoute on Tue Apr 28 16:52:21 2026
#
#% End globalDetailRoute (date=04/28 16:52:22, total cpu=0:00:17.4, real=0:00:07.0, peak res=4249.5M, current mem=3150.7M)
<CMD> ccopt_pro
Running CCOpt-PRO on entire clock network
Net route status summary:
  Clock:         2 (unrouted=0, trialRouted=0, noStatus=0, routed=0, fixed=2, [crossesIlmBoundary=0, tooFewTerms=0, (crossesIlmBoundary AND tooFewTerms=0)])
  Non-clock:   355 (unrouted=2, trialRouted=0, noStatus=0, routed=353, fixed=0, [crossesIlmBoundary=0, tooFewTerms=2, (crossesIlmBoundary AND tooFewTerms=0)])
Clock tree cells fixed by user: 0 out of 1 (0%)
PRO...
Relaxing adjacent_rows_legal and cell_density for the duration of PRO. To stop this set pro_respect_cell_density_and_adjacent_row_legal to true.
Initializing clock structures...
  Creating own balancer
  Permitting the movement of (non-FIXED) datapath insts as required for sized/new clock tree insts
  Removing CTS place status from clock tree and sinks.
  Initializing legalizer
  Using cell based legalization.
  Reconstructing clock tree datastructures...
    Validating CTS configuration...
    Checking module port directions...
    Checking module port directions done. (took cpu=0:00:00.0 real=0:00:00.0)
    Non-default CCOpt properties:
    adjacent_rows_legal: true (default: false)
    allow_non_fterm_identical_swaps: 0 (default: true)
    buffer_cells is set for at least one key
    cell_density is set for at least one key
    cell_halo_rows: 0 (default: 1)
    cell_halo_sites: 0 (default: 4)
    clock_nets_detailed_routed: 1 (default: false)
    route_type is set for at least one key
    source_output_max_trans is set for at least one key
    target_insertion_delay is set for at least one key
    target_max_trans is set for at least one key
    target_max_trans_sdc is set for at least one key
    target_skew is set for at least one key
    target_skew_wire is set for at least one key
    use_inverters is set for at least one key
    Route type trimming info:
      No route type modifications were made.
Updating RC grid for preRoute extraction ...
Initializing multi-corner resistance tables ...
**WARN: (IMPCCOPT-1184):	The library has no usable balanced inverters for power domain auto-default, while balancing clock_tree clk. If this is not intended behavior, you can specify a list of lib_cells to use with the inverter_cells property.
**WARN: (IMPCCOPT-1041):	The source_output_max_trans is set for clock_tree clk, but source_max_capacitance is not. Innovus will assume a maximum driven capacitance of 0.030.
Type 'man IMPCCOPT-1041' for more detail.
    Clock tree balancer configuration for clock_tree clk:
    Non-default CCOpt properties:
      cell_density: 1 (default: 0.75)
      route_type (leaf): rule_leaf (default: default)
      route_type (trunk): rule_trunk (default: default)
      route_type (top): rule_top (default: default)
      use_inverters: false (default: auto)
    For power domain auto-default:
      Buffers:     BUFFD24BWP BUFFD20BWP BUFFD16BWP BUFFD12BWP BUFFD8BWP BUFFD6BWP BUFFD4BWP BUFFD3BWP BUFFD2BWP BUFFD1BWP BUFFD0BWP 
      Inverters:   
      Clock gates: CKLNQD16BWP CKLNQD12BWP CKLNQD8BWP CKLNQD6BWP CKLNQD4BWP CKLNQD3BWP CKLNQD2BWP CKLNQD1BWP 
      Unblocked area available for placement of any clock cells in power_domain auto-default: 1118.729um^2
    Top Routing info:
      Route-type name: rule_top; Top/bottom preferred layer name: M4/M3; 
      Unshielded; Mask Constraint: 0; Source: route_type.
    Trunk Routing info:
      Route-type name: rule_trunk; Top/bottom preferred layer name: M4/M3; 
      Unshielded; Mask Constraint: 0; Source: route_type.
    Leaf Routing info:
      Route-type name: rule_leaf; Top/bottom preferred layer name: M4/M3; 
      Unshielded; Mask Constraint: 0; Source: route_type.
    For timing_corner fast_delay:setup, late and power domain auto-default:
      Slew time target (leaf):    0.400ns
      Slew time target (trunk):   0.400ns
      Slew time target (top):     0.400ns (Note: no nets are considered top nets in this clock tree)
      Buffer unit delay: 0.060ns
      Buffer max distance: 809.811um
    Fastest wire driving cells and distances:
      Buffer    : {lib_cell:BUFFD24BWP, fastest_considered_half_corner=fast_delay:setup.late, optimalDrivingDistance=367.762um, saturatedSlew=0.085ns, speed=4217.460um per ns, cellArea=20.146um^2 per 1000um}
      Clock gate: {lib_cell:CKLNQD16BWP, fastest_considered_half_corner=fast_delay:setup.late, optimalDrivingDistance=531.562um, saturatedSlew=0.162ns, speed=3094.077um per ns, cellArea=14.933um^2 per 1000um}
    
    
    Logic Sizing Table:
    
    ----------------------------------------------------------
    Cell    Instance count    Source    Eligible library cells
    ----------------------------------------------------------
      (empty table)
    ----------------------------------------------------------
    
    
    Clock tree balancer configuration for skew_group clk/cons_mode:
      Sources:                     pin clk
      Total number of sinks:       76
      Delay constrained sinks:     76
      Non-leaf sinks:              0
      Ignore pins:                 0
     Timing corner fast_delay:setup.late:
      Skew target:                 0.100ns
    Primary reporting skew groups are:
    skew_group clk/cons_mode with 76 clock sinks
    
    Via Selection for Estimated Routes (rule default):
    
    ----------------------------------------------------------------
    Layer    Via Cell        Res.     Cap.     RC       Top of Stack
    Range                    (Ohm)    (fF)     (fs)     Only
    ----------------------------------------------------------------
    M1-M2    VIA12_1cut      3.687    0.012    0.044    false
    M2-M3    VIA23_1cut      3.687    0.012    0.046    false
    M3-M4    VIA34_1cut      3.687    0.012    0.046    false
    M4-M5    VIA45_1cut      3.687    0.012    0.046    false
    M5-M6    VIA56_1cut      3.687    0.012    0.046    false
    M6-M7    VIA67_1cut      3.687    0.011    0.042    false
    M7-M8    VIA78_1cut_H    0.126    0.082    0.010    false
    M8-M9    VIA89_1cut      0.126    0.059    0.007    false
    M9-AP    VIA9AP_1cutA    0.025    1.260    0.032    false
    ----------------------------------------------------------------
    
    Have 48 CPUs available for CTS. Selected algorithms will run multithreaded.
    No ideal or dont_touch nets found in the clock tree
    No dont_touch hnets found in the clock tree
    Validating CTS configuration done. (took cpu=0:00:02.6 real=0:00:02.6)
    CCOpt configuration status: all checks passed.
  Reconstructing clock tree datastructures done.
Initializing clock structures done.
**WARN: (IMPCCOPT-2235):	PRO has detected a routed data path and is changing extract RC mode from preRoute to postRoute.
Leaving CCOpt scope - extractRC...
Updating RC parasitics by calling: "extractRC -noRouteCheck"...
#num needed restored net=0
#need_extraction net=0 (total=357)
#Start routing data preparation on Tue Apr 28 16:52:24 2026
#
#Minimum voltage of a net in the design = 0.000.
#Maximum voltage of a net in the design = 1.210.
#Voltage range [0.000 - 1.210] has 355 nets.
#Voltage range [0.990 - 1.210] has 1 net.
#Voltage range [0.000 - 0.000] has 1 net.
# M1           V   Track-Pitch = 0.14000    Line-2-Via Pitch = 0.14000
# M2           H   Track-Pitch = 0.14000    Line-2-Via Pitch = 0.14000
# M3           V   Track-Pitch = 0.14000    Line-2-Via Pitch = 0.14000
# M4           H   Track-Pitch = 0.14000    Line-2-Via Pitch = 0.14000
# M5           V   Track-Pitch = 0.14000    Line-2-Via Pitch = 0.14000
# M6           H   Track-Pitch = 0.14000    Line-2-Via Pitch = 0.14000
# M7           V   Track-Pitch = 0.14000    Line-2-Via Pitch = 0.14000
# M8           H   Track-Pitch = 0.84000    Line-2-Via Pitch = 0.80000
# M9           V   Track-Pitch = 0.84000    Line-2-Via Pitch = 0.80000
# AP           H   Track-Pitch = 5.00000    Line-2-Via Pitch = 5.00000
#Regenerating Ggrids automatically.
#Auto generating G-grids with size=20 tracks, using layer M2's pitch = 0.14000.
#Using automatically generated G-grids.
#Done routing data preparation.
#cpu time = 00:00:00, elapsed time = 00:00:00, memory = 3191.95 (MB), peak = 4249.48 (MB)
#Extract in post route mode
#
#Start tQuantus RC extraction...
#Start building rc corner(s)...
#Number of RC Corner = 3
#Corner slow_rc /home/jchen/tsmcN40_1p9m/2ndtry/pdk_install_finished/util/tn40clsp004v1_2_0b/T-N40-CL-SP-004-V1_v2.0b/RC_QRC_cln40lp_1p9m_6x2z_alrdl_5corners_2.0a1/RC_QRC_cln40lp_1p09m+alrdl_6x2z_rcworst/qrcTechFile 125.000000 (real) 
#Corner fast_rc /home/jchen/tsmcN40_1p9m/2ndtry/pdk_install_finished/util/tn40clsp004v1_2_0b/T-N40-CL-SP-004-V1_v2.0b/RC_QRC_cln40lp_1p9m_6x2z_alrdl_5corners_2.0a1/RC_QRC_cln40lp_1p09m+alrdl_6x2z_rcbest/qrcTechFile 0.000000 (real) 
#Corner typ_rc /home/jchen/tsmcN40_1p9m/2ndtry/pdk_install_finished/util/tn40clsp004v1_2_0b/T-N40-CL-SP-004-V1_v2.0b/RC_QRC_cln40lp_1p9m_6x2z_alrdl_5corners_2.0a1/RC_QRC_cln40lp_1p09m+alrdl_6x2z_typical/qrcTechFile 25.000000 (real) 
#metal1 -> M1 (1)
#metal2 -> M2 (2)
#metal3 -> M3 (3)
#metal4 -> M4 (4)
#metal5 -> M5 (5)
#metal6 -> M6 (6)
#metal7 -> M7 (7)
#metal8 -> M8 (8)
#metal9 -> M9 (9)
#metal10 -> AP (10)
#SADV_On
# Corner(s) : 
#slow_rc [125.00] 
#fast_rc [ 0.00] 
#typ_rc [25.00]
# Corner id: 0
# Layout Scale: 0.900000
# Has Metal Fill model: yes
# Temperature was set
# Temperature : 125.000000
# Ref. Temp   : 25.000000
# Corner id: 1
# Layout Scale: 0.900000
# Has Metal Fill model: yes
# Temperature was set
# Temperature : 0.000000
# Ref. Temp   : 25.000000
# Corner id: 2
# Layout Scale: 0.900000
# Has Metal Fill model: yes
# Temperature was set
# Temperature : 25.000000
# Ref. Temp   : 25.000000
#SADV_Off
#total pattern=220 [30, 1815]
#Reading previously stored rc_model file ( rc_model.bin ) ...
#found CAPMODEL /home/jchen/tsmcN40_1p9m/2ndtry/pdk_install_finished/util/tn40clsp004v1_2_0b/T-N40-CL-SP-004-V1_v2.0b/RC_QRC_cln40lp_1p9m_6x2z_alrdl_5corners_2.0a1/RC_QRC_cln40lp_1p09m+alrdl_6x2z_rcworst/qrcTechFile
#found CAPMODEL /home/jchen/tsmcN40_1p9m/2ndtry/pdk_install_finished/util/tn40clsp004v1_2_0b/T-N40-CL-SP-004-V1_v2.0b/RC_QRC_cln40lp_1p9m_6x2z_alrdl_5corners_2.0a1/RC_QRC_cln40lp_1p09m+alrdl_6x2z_rcbest/qrcTechFile
#found CAPMODEL /home/jchen/tsmcN40_1p9m/2ndtry/pdk_install_finished/util/tn40clsp004v1_2_0b/T-N40-CL-SP-004-V1_v2.0b/RC_QRC_cln40lp_1p9m_6x2z_alrdl_5corners_2.0a1/RC_QRC_cln40lp_1p09m+alrdl_6x2z_typical/qrcTechFile
#found RESMODEL /home/jchen/tsmcN40_1p9m/2ndtry/pdk_install_finished/util/tn40clsp004v1_2_0b/T-N40-CL-SP-004-V1_v2.0b/RC_QRC_cln40lp_1p9m_6x2z_alrdl_5corners_2.0a1/RC_QRC_cln40lp_1p09m+alrdl_6x2z_rcworst/qrcTechFile 125.000000 
#found RESMODEL /home/jchen/tsmcN40_1p9m/2ndtry/pdk_install_finished/util/tn40clsp004v1_2_0b/T-N40-CL-SP-004-V1_v2.0b/RC_QRC_cln40lp_1p9m_6x2z_alrdl_5corners_2.0a1/RC_QRC_cln40lp_1p09m+alrdl_6x2z_rcbest/qrcTechFile 0.000000 
#found RESMODEL /home/jchen/tsmcN40_1p9m/2ndtry/pdk_install_finished/util/tn40clsp004v1_2_0b/T-N40-CL-SP-004-V1_v2.0b/RC_QRC_cln40lp_1p9m_6x2z_alrdl_5corners_2.0a1/RC_QRC_cln40lp_1p09m+alrdl_6x2z_typical/qrcTechFile 25.000000 
#number model r/c [3,3] [30,1815] read
#0 rcmodel(s) requires rebuild
#Build RC corners: cpu time = 00:00:03, elapsed time = 00:00:04, memory = 3260.65 (MB), peak = 4249.48 (MB)
#Start building rc corner(s)...
#Number of RC Corner = 3
#Corner slow_rc /home/jchen/tsmcN40_1p9m/2ndtry/pdk_install_finished/util/tn40clsp004v1_2_0b/T-N40-CL-SP-004-V1_v2.0b/RC_QRC_cln40lp_1p9m_6x2z_alrdl_5corners_2.0a1/RC_QRC_cln40lp_1p09m+alrdl_6x2z_rcworst/qrcTechFile 125.000000 (real) 
#Corner fast_rc /home/jchen/tsmcN40_1p9m/2ndtry/pdk_install_finished/util/tn40clsp004v1_2_0b/T-N40-CL-SP-004-V1_v2.0b/RC_QRC_cln40lp_1p9m_6x2z_alrdl_5corners_2.0a1/RC_QRC_cln40lp_1p09m+alrdl_6x2z_rcbest/qrcTechFile 0.000000 (real) 
#Corner typ_rc /home/jchen/tsmcN40_1p9m/2ndtry/pdk_install_finished/util/tn40clsp004v1_2_0b/T-N40-CL-SP-004-V1_v2.0b/RC_QRC_cln40lp_1p9m_6x2z_alrdl_5corners_2.0a1/RC_QRC_cln40lp_1p09m+alrdl_6x2z_typical/qrcTechFile 25.000000 (real) 
#metal1 -> M1 (1)
#metal2 -> M2 (2)
#metal3 -> M3 (3)
#metal4 -> M4 (4)
#metal5 -> M5 (5)
#metal6 -> M6 (6)
#metal7 -> M7 (7)
#metal8 -> M8 (8)
#metal9 -> M9 (9)
#metal10 -> AP (10)
#SADV_On
# Corner(s) : 
#slow_rc [125.00] 
#fast_rc [ 0.00] 
#typ_rc [25.00]
# Corner id: 0
# Layout Scale: 0.900000
# Has Metal Fill model: yes
# Temperature was set
# Temperature : 125.000000
# Ref. Temp   : 25.000000
# Corner id: 1
# Layout Scale: 0.900000
# Has Metal Fill model: yes
# Temperature was set
# Temperature : 0.000000
# Ref. Temp   : 25.000000
# Corner id: 2
# Layout Scale: 0.900000
# Has Metal Fill model: yes
# Temperature was set
# Temperature : 25.000000
# Ref. Temp   : 25.000000
#SADV_Off
#total pattern=220 [30, 1815]
#Reading previously stored rc_model file ( rc_model.bin ) ...
#found CAPMODEL /home/jchen/tsmcN40_1p9m/2ndtry/pdk_install_finished/util/tn40clsp004v1_2_0b/T-N40-CL-SP-004-V1_v2.0b/RC_QRC_cln40lp_1p9m_6x2z_alrdl_5corners_2.0a1/RC_QRC_cln40lp_1p09m+alrdl_6x2z_rcworst/qrcTechFile
#found CAPMODEL /home/jchen/tsmcN40_1p9m/2ndtry/pdk_install_finished/util/tn40clsp004v1_2_0b/T-N40-CL-SP-004-V1_v2.0b/RC_QRC_cln40lp_1p9m_6x2z_alrdl_5corners_2.0a1/RC_QRC_cln40lp_1p09m+alrdl_6x2z_rcbest/qrcTechFile
#found CAPMODEL /home/jchen/tsmcN40_1p9m/2ndtry/pdk_install_finished/util/tn40clsp004v1_2_0b/T-N40-CL-SP-004-V1_v2.0b/RC_QRC_cln40lp_1p9m_6x2z_alrdl_5corners_2.0a1/RC_QRC_cln40lp_1p09m+alrdl_6x2z_typical/qrcTechFile
#found RESMODEL /home/jchen/tsmcN40_1p9m/2ndtry/pdk_install_finished/util/tn40clsp004v1_2_0b/T-N40-CL-SP-004-V1_v2.0b/RC_QRC_cln40lp_1p9m_6x2z_alrdl_5corners_2.0a1/RC_QRC_cln40lp_1p09m+alrdl_6x2z_rcworst/qrcTechFile 125.000000 
#found RESMODEL /home/jchen/tsmcN40_1p9m/2ndtry/pdk_install_finished/util/tn40clsp004v1_2_0b/T-N40-CL-SP-004-V1_v2.0b/RC_QRC_cln40lp_1p9m_6x2z_alrdl_5corners_2.0a1/RC_QRC_cln40lp_1p09m+alrdl_6x2z_rcbest/qrcTechFile 0.000000 
#found RESMODEL /home/jchen/tsmcN40_1p9m/2ndtry/pdk_install_finished/util/tn40clsp004v1_2_0b/T-N40-CL-SP-004-V1_v2.0b/RC_QRC_cln40lp_1p9m_6x2z_alrdl_5corners_2.0a1/RC_QRC_cln40lp_1p09m+alrdl_6x2z_typical/qrcTechFile 25.000000 
#number model r/c [3,3] [30,1815] read
#0 rcmodel(s) requires rebuild
#Build RC corners: cpu time = 00:00:03, elapsed time = 00:00:04, memory = 3276.55 (MB), peak = 4249.48 (MB)
#Using multithreading with 48 threads.
#Length limit = 200 pitches
#opt mode = 2
#Start routing data preparation on Tue Apr 28 16:52:38 2026
#
#Minimum voltage of a net in the design = 0.000.
#Maximum voltage of a net in the design = 1.210.
#Voltage range [0.000 - 1.210] has 355 nets.
#Voltage range [0.990 - 1.210] has 1 net.
#Voltage range [0.000 - 0.000] has 1 net.
#Regenerating Ggrids automatically.
#Auto generating G-grids with size=20 tracks, using layer M2's pitch = 0.14000.
#Using automatically generated G-grids.
#Done routing data preparation.
#cpu time = 00:00:00, elapsed time = 00:00:00, memory = 3228.51 (MB), peak = 4249.48 (MB)
#Start routing data preparation on Tue Apr 28 16:52:38 2026
#
#Minimum voltage of a net in the design = 0.000.
#Maximum voltage of a net in the design = 1.210.
#Voltage range [0.000 - 1.210] has 355 nets.
#Voltage range [0.990 - 1.210] has 1 net.
#Voltage range [0.000 - 0.000] has 1 net.
#Regenerating Ggrids automatically.
#Auto generating G-grids with size=20 tracks, using layer M2's pitch = 0.14000.
#Using automatically generated G-grids.
#Done routing data preparation.
#cpu time = 00:00:00, elapsed time = 00:00:00, memory = 3228.55 (MB), peak = 4249.48 (MB)
#Init Design Signature = -1092975586
#Start generate extraction boxes.
#
#Extract using 30 x 30 Hboxes
#6x2 initial hboxes
#Use area based hbox pruning.
#0/0 hboxes pruned.
#Complete generating extraction boxes.
#Extract 5 hboxes with 48 threads on machine with  Xeon 2.60GHz 35840KB Cache 56CPU...
#Process 0 special clock nets for rc extraction
#0 temporary NDR added
#Total 355 nets were built. 131 nodes added to break long wires. 0 net(s) have incomplete routes.
#Run Statistics for Extraction:
#   Cpu time = 00:00:01, elapsed time = 00:00:00 .
#   Increased memory =    15.82 (MB), total memory =  3246.49 (MB), peak memory =  4249.48 (MB)
#Simplify RC tree: cpu time = 00:00:00, elapsed time = 00:00:00, memory = 3231.54 (MB), peak = 4249.48 (MB)
#RC Statistics: 1989 Res, 1239 Ground Cap, 1170 XCap (Edge to Edge)
#RC V/H edge ratio: 0.84, Avg V/H Edge Length: 9748.34 (1416), Avg L-Edge Length: 6009.10 (444)
#Start writing rcdb into /home/yingna/temp/innovus_temp_33331_pdk5_yingna_oEJMWS/nr33331_0pX3DN.rcdb.d
#Finish writing rcdb with 2344 nodes, 1989 edges, and 2526 xcaps
#cpu time = 00:00:00, elapsed time = 00:00:00, memory = 3239.35 (MB), peak = 4249.48 (MB)
Restoring parasitic data from file '/home/yingna/temp/innovus_temp_33331_pdk5_yingna_oEJMWS/nr33331_0pX3DN.rcdb.d' ...
Reading RCDB with compressed RC data.
Reading RCDB with compressed RC data.
Begin read_parasitics... (cpu: 0:00:00.0 real: 0:00:00.0 mem: 5008.867M)
Following multi-corner parasitics specified:
	/home/yingna/temp/innovus_temp_33331_pdk5_yingna_oEJMWS/nr33331_0pX3DN.rcdb.d (rcdb)
Reading RCDB with compressed RC data.
		Cell global_ctrl has rcdb /home/yingna/temp/innovus_temp_33331_pdk5_yingna_oEJMWS/nr33331_0pX3DN.rcdb.d specified
Cell global_ctrl, hinst 
Reading RCDB with compressed RC data.
Done read_parasitics... (cpu: 0:00:00.5 real: 0:00:01.0 mem: 4928.867M)
#
#Restore RCDB.
#
#Complete tQuantus RC extraction.
#Cpu time = 00:00:13
#Elapsed time = 00:00:15
#Increased memory = 40.77 (MB)
#Total memory = 3232.73 (MB)
#Peak memory = 4249.48 (MB)
#
#131 inserted nodes are removed
#Final Design Signature = -1092975586
Updating RC parasitics by calling: "extractRC -noRouteCheck" done.
Leaving CCOpt scope - extractRC done. (took cpu=0:00:16.7 real=0:00:15.4)
PRO...
  PRO active optimizations:
   - DRV fixing with cell sizing
  
  Detected clock skew data from CTS
Reading RCDB with compressed RC data.
  Clock tree timing engine global stage delay update for fast_delay:setup.late...
  Clock tree timing engine global stage delay update for fast_delay:setup.late done. (took cpu=0:00:00.0 real=0:00:00.0)
  Clock DAG stats PRO initial state:
    cell counts      : b=1, i=0, icg=0, nicg=0, l=0, total=1
    cell areas       : b=6.174um^2, i=0.000um^2, icg=0.000um^2, nicg=0.000um^2, l=0.000um^2, total=6.174um^2
    cell capacitance : b=0.004pF, i=0.000pF, icg=0.000pF, nicg=0.000pF, l=0.000pF, total=0.004pF
    sink capacitance : count=76, total=0.035pF, avg=0.000pF, sd=0.000pF, min=0.000pF, max=0.000pF
    wire capacitance : top=0.000pF, trunk=0.020pF, leaf=0.061pF, total=0.081pF
    wire lengths     : top=0.000um, trunk=154.980um, leaf=350.980um, total=505.960um
    hp wire lengths  : top=0.000um, trunk=0.000um, leaf=283.500um, total=283.500um
  Clock DAG net violations PRO initial state: none
  Clock DAG primary half-corner transition distribution PRO initial state:
    Trunk : target=0.271ns count=1 avg=0.200ns sd=0.000ns min=0.200ns max=0.200ns {0 <= 0.163ns, 1 <= 0.217ns, 0 <= 0.244ns, 0 <= 0.258ns, 0 <= 0.271ns}
    Leaf  : target=0.271ns count=1 avg=0.059ns sd=0.000ns min=0.059ns max=0.059ns {1 <= 0.163ns, 0 <= 0.217ns, 0 <= 0.244ns, 0 <= 0.258ns, 0 <= 0.271ns}
  Clock DAG library cell distribution PRO initial state {count}:
     Bufs: BUFFD20BWP: 1 
  Primary reporting skew groups PRO initial state:
    skew_group default.clk/cons_mode: unconstrained
  Skew group summary PRO initial state:
    skew_group clk/cons_mode: insertion delay [min=0.079, max=0.085, avg=0.082, sd=0.002], skew [0.006 vs 0.100], 100% {0.079, 0.085} (wid=0.012 ws=0.006) (gid=0.073 gs=0.000)
  Recomputing CTS skew targets...
  Resolving skew group constraints...
    Solving LP: 1 skew groups; 2 fragments, 2 fraglets and 3 vertices; 25 variables and 66 constraints; tolerance 1
  Resolving skew group constraints done.
  Recomputing CTS skew targets done. (took cpu=0:00:00.0 real=0:00:00.0)
  Fixing DRVs...
  Fixing clock tree DRVs: ...20% ...40% ...60% ...80% ...100% 
  CCOpt-PRO: considered: 2, tested: 2, violation detected: 0, violation ignored (due to small violation): 0, cannot run: 0, attempted: 0, unsuccessful: 0, sized: 0
  
  PRO Statistics: Fix DRVs (cell sizing):
  =======================================
  
  Cell changes by Net Type:
  
  -------------------------------------------------------------------------------------------------
  Net Type    Attempted    Upsized     Downsized    Swapped Same Size    Total Changed    Not Sized
  -------------------------------------------------------------------------------------------------
  top                0            0           0            0                    0                0
  trunk              0            0           0            0                    0                0
  leaf               0            0           0            0                    0                0
  -------------------------------------------------------------------------------------------------
  Total              0            0           0            0                    0                0
  -------------------------------------------------------------------------------------------------
  
  Upsized: 0, Downsized: 0, Sized but same area: 0, Unchanged: 0, Area change: 0.000um^2 (0.000%)
  Max. move: 0.000um, Min. move: 0.000um, Avg. move: N/A
  
  Clock DAG stats PRO after DRV fixing:
    cell counts      : b=1, i=0, icg=0, nicg=0, l=0, total=1
    cell areas       : b=6.174um^2, i=0.000um^2, icg=0.000um^2, nicg=0.000um^2, l=0.000um^2, total=6.174um^2
    cell capacitance : b=0.004pF, i=0.000pF, icg=0.000pF, nicg=0.000pF, l=0.000pF, total=0.004pF
    sink capacitance : count=76, total=0.035pF, avg=0.000pF, sd=0.000pF, min=0.000pF, max=0.000pF
    wire capacitance : top=0.000pF, trunk=0.020pF, leaf=0.061pF, total=0.081pF
    wire lengths     : top=0.000um, trunk=154.980um, leaf=350.980um, total=505.960um
    hp wire lengths  : top=0.000um, trunk=0.000um, leaf=283.500um, total=283.500um
  Clock DAG net violations PRO after DRV fixing: none
  Clock DAG primary half-corner transition distribution PRO after DRV fixing:
    Trunk : target=0.271ns count=1 avg=0.200ns sd=0.000ns min=0.200ns max=0.200ns {0 <= 0.163ns, 1 <= 0.217ns, 0 <= 0.244ns, 0 <= 0.258ns, 0 <= 0.271ns}
    Leaf  : target=0.271ns count=1 avg=0.059ns sd=0.000ns min=0.059ns max=0.059ns {1 <= 0.163ns, 0 <= 0.217ns, 0 <= 0.244ns, 0 <= 0.258ns, 0 <= 0.271ns}
  Clock DAG library cell distribution PRO after DRV fixing {count}:
     Bufs: BUFFD20BWP: 1 
  Primary reporting skew groups PRO after DRV fixing:
    skew_group default.clk/cons_mode: unconstrained
  Skew group summary PRO after DRV fixing:
    skew_group clk/cons_mode: insertion delay [min=0.079, max=0.085, avg=0.082, sd=0.002], skew [0.006 vs 0.100], 100% {0.079, 0.085} (wid=0.012 ws=0.006) (gid=0.073 gs=0.000)
  Fixing DRVs done. (took cpu=0:00:00.0 real=0:00:00.0)
  Reconnecting optimized routes...
  Reset timing graph...
Ignoring AAE DB Resetting ...
  Reset timing graph done.
  Reconnecting optimized routes done. (took cpu=0:00:00.0 real=0:00:00.0)
  Leaving CCOpt scope - ClockRefiner...
  Performing Single Pass Refine Place.
*** Starting refinePlace (0:18:15 mem=4537.1M) ***
Total net bbox length = 8.416e+03 (7.841e+03 5.751e+02) (ext = 2.872e+03)
Move report: Detail placement moves 0 insts, mean move: 0.00 um, max move: 0.00 um
	Runtime: CPU: 0:00:00.1 REAL: 0:00:00.0 MEM: 4537.1MB
Summary Report:
Instances move: 0 (out of 318 movable)
Instances flipped: 0
Mean displacement: 0.00 um
Max displacement: 0.00 um 
Total net bbox length = 8.416e+03 (7.841e+03 5.751e+02) (ext = 2.872e+03)
Runtime: CPU: 0:00:00.1 REAL: 0:00:00.0 MEM: 4537.1MB
*** Finished refinePlace (0:18:15 mem=4537.1M) ***
  Moved 0, flipped 0 and cell swapped 0 of 77 clock instance(s) during refinement.
  The largest move was 0 microns for .
  Leaving CCOpt scope - ClockRefiner done. (took cpu=0:00:00.8 real=0:00:00.5)
  Set dirty flag on 0 insts, 0 nets
Skipping ECO: no changes were made during DRV and/or skew fixing steps so it is unneccessary.
  Leaving CCOpt scope - extractRC...
  Updating RC parasitics by calling: "extractRC -noRouteCheck"...
The design is extracted. Skipping TQuantus.
  Updating RC parasitics by calling: "extractRC -noRouteCheck" done.
  Leaving CCOpt scope - extractRC done. (took cpu=0:00:00.0 real=0:00:00.0)
Reading RCDB with compressed RC data.
  Clock tree timing engine global stage delay update for fast_delay:setup.late...
  Clock tree timing engine global stage delay update for fast_delay:setup.late done. (took cpu=0:00:00.0 real=0:00:00.0)
  Clock DAG stats PRO final:
    cell counts      : b=1, i=0, icg=0, nicg=0, l=0, total=1
    cell areas       : b=6.174um^2, i=0.000um^2, icg=0.000um^2, nicg=0.000um^2, l=0.000um^2, total=6.174um^2
    cell capacitance : b=0.004pF, i=0.000pF, icg=0.000pF, nicg=0.000pF, l=0.000pF, total=0.004pF
    sink capacitance : count=76, total=0.035pF, avg=0.000pF, sd=0.000pF, min=0.000pF, max=0.000pF
    wire capacitance : top=0.000pF, trunk=0.020pF, leaf=0.061pF, total=0.081pF
    wire lengths     : top=0.000um, trunk=154.980um, leaf=350.980um, total=505.960um
    hp wire lengths  : top=0.000um, trunk=0.000um, leaf=283.500um, total=283.500um
  Clock DAG net violations PRO final: none
  Clock DAG primary half-corner transition distribution PRO final:
    Trunk : target=0.271ns count=1 avg=0.200ns sd=0.000ns min=0.200ns max=0.200ns {0 <= 0.163ns, 1 <= 0.217ns, 0 <= 0.244ns, 0 <= 0.258ns, 0 <= 0.271ns}
    Leaf  : target=0.271ns count=1 avg=0.059ns sd=0.000ns min=0.059ns max=0.059ns {1 <= 0.163ns, 0 <= 0.217ns, 0 <= 0.244ns, 0 <= 0.258ns, 0 <= 0.271ns}
  Clock DAG library cell distribution PRO final {count}:
     Bufs: BUFFD20BWP: 1 
  Primary reporting skew groups PRO final:
    skew_group default.clk/cons_mode: unconstrained
  Skew group summary PRO final:
    skew_group clk/cons_mode: insertion delay [min=0.079, max=0.085, avg=0.082, sd=0.002], skew [0.006 vs 0.100], 100% {0.079, 0.085} (wid=0.012 ws=0.006) (gid=0.073 gs=0.000)
PRO done.
Setting CTS place status to fixed for clock tree and sinks.
Net route status summary:
  Clock:         2 (unrouted=0, trialRouted=0, noStatus=0, routed=0, fixed=2, [crossesIlmBoundary=0, tooFewTerms=0, (crossesIlmBoundary AND tooFewTerms=0)])
  Non-clock:   355 (unrouted=2, trialRouted=0, noStatus=0, routed=353, fixed=0, [crossesIlmBoundary=0, tooFewTerms=2, (crossesIlmBoundary AND tooFewTerms=0)])
Updating timing...
Ignoring AAE DB Resetting ...
  Updating timing graph...
    
    Leaving CCOpt scope - BuildTimeGraph...
#################################################################################
# Design Stage: PostRoute
# Design Name: global_ctrl
# Design Mode: 40nm
# Analysis Mode: MMMC Non-OCV 
# Parasitics Mode: SPEF/RCDB
# Signoff Settings: SI Off 
#################################################################################
Calculate delays in Single mode...
Calculate delays in Single mode...
Calculate delays in Single mode...
Start delay calculation (fullDC) (48 T). (MEM=4869.22)
Total number of fetched objects 355
Total number of fetched objects 355
Total number of fetched objects 355
End delay calculation. (MEM=5878.86 CPU=0:00:02.4 REAL=0:00:00.0)
End delay calculation (fullDC). (MEM=5878.86 CPU=0:00:02.8 REAL=0:00:00.0)
    Leaving CCOpt scope - BuildTimeGraph done. (took cpu=0:00:05.1 real=0:00:01.0)
  Updating timing graph done.
  Updating latch analysis...
    Leaving CCOpt scope - Updating latch analysis...
    Leaving CCOpt scope - Updating latch analysis done. (took cpu=0:00:00.2 real=0:00:00.1)
  Updating latch analysis done.
Updating timing done.
PRO done. (took cpu=0:00:25.6 real=0:00:19.7)
<CMD> setAnalysisMode -analysisType onChipVariation -cppr both
Deleting AAE DB due to SOCV option changes -------------------------------
<CMD> set_analysis_view -setup {fast_analysis typ_analysis slow_analysis} -hold {fast_analysis typ_analysis slow_analysis}
Extraction setup Started 
Initializing multi-corner RC extraction with 3 active RC Corners ...
Captable file(s) not specified in multi-corner setup. PreRoute extraction will use technology file. For postRoute extraction, default value for effort level would be 'medium' and effort level 'low' would not be allowed.
Completed (cpu: 0:00:00.0 real: 0:00:00.0)
Set Shrink Factor to 0.90000 (from technology file)
Summary of Active RC-Corners : 
 
 Analysis View: fast_analysis
    RC-Corner Name        : fast_rc
    RC-Corner Index       : 0
    RC-Corner Temperature : 0 Celsius
    RC-Corner Cap Table   : ''
    RC-Corner PreRoute Res Factor         : 1
    RC-Corner PreRoute Cap Factor         : 1
    RC-Corner PostRoute Res Factor        : 1 {1 1 1}
    RC-Corner PostRoute Cap Factor        : 1 {1 1 1}
    RC-Corner PostRoute XCap Factor       : 1 {1 1 1}
    RC-Corner PreRoute Clock Res Factor   : 1	[Derived from postRoute_res (effortLevel low)]
    RC-Corner PreRoute Clock Cap Factor   : 1	[Derived from postRoute_cap (effortLevel low)]
    RC-Corner PostRoute Clock Cap Factor  : 1 {1 1 1} 	[Derived from postRoute_cap (effortLevel medium)]
    RC-Corner PostRoute Clock Res Factor  : 1 {1 1 1} 	[Derived from postRoute_res (effortLevel medium)]
    RC-Corner Technology file: '/home_pdk5/jchen/tsmcN40_1p9m/2ndtry/pdk_install_finished/util/tn40clsp004v1_2_0b/T-N40-CL-SP-004-V1_v2.0b/RC_QRC_cln40lp_1p9m_6x2z_alrdl_5corners_2.0a1/RC_QRC_cln40lp_1p09m+alrdl_6x2z_rcbest/qrcTechFile'
 
 Analysis View: typ_analysis
    RC-Corner Name        : typ_rc
    RC-Corner Index       : 1
    RC-Corner Temperature : 25 Celsius
    RC-Corner Cap Table   : ''
    RC-Corner PreRoute Res Factor         : 1
    RC-Corner PreRoute Cap Factor         : 1
    RC-Corner PostRoute Res Factor        : 1 {1 1 1}
    RC-Corner PostRoute Cap Factor        : 1 {1 1 1}
    RC-Corner PostRoute XCap Factor       : 1 {1 1 1}
    RC-Corner PreRoute Clock Res Factor   : 1	[Derived from postRoute_res (effortLevel low)]
    RC-Corner PreRoute Clock Cap Factor   : 1	[Derived from postRoute_cap (effortLevel low)]
    RC-Corner PostRoute Clock Cap Factor  : 1 {1 1 1} 	[Derived from postRoute_cap (effortLevel medium)]
    RC-Corner PostRoute Clock Res Factor  : 1 {1 1 1} 	[Derived from postRoute_res (effortLevel medium)]
    RC-Corner Technology file: '/home_pdk5/jchen/tsmcN40_1p9m/2ndtry/pdk_install_finished/util/tn40clsp004v1_2_0b/T-N40-CL-SP-004-V1_v2.0b/RC_QRC_cln40lp_1p9m_6x2z_alrdl_5corners_2.0a1/RC_QRC_cln40lp_1p09m+alrdl_6x2z_typical/qrcTechFile'
 
 Analysis View: slow_analysis
    RC-Corner Name        : slow_rc
    RC-Corner Index       : 2
    RC-Corner Temperature : 125 Celsius
    RC-Corner Cap Table   : ''
    RC-Corner PreRoute Res Factor         : 1
    RC-Corner PreRoute Cap Factor         : 1
    RC-Corner PostRoute Res Factor        : 1 {1 1 1}
    RC-Corner PostRoute Cap Factor        : 1 {1 1 1}
    RC-Corner PostRoute XCap Factor       : 1 {1 1 1}
    RC-Corner PreRoute Clock Res Factor   : 1	[Derived from postRoute_res (effortLevel low)]
    RC-Corner PreRoute Clock Cap Factor   : 1	[Derived from postRoute_cap (effortLevel low)]
    RC-Corner PostRoute Clock Cap Factor  : 1 {1 1 1} 	[Derived from postRoute_cap (effortLevel medium)]
    RC-Corner PostRoute Clock Res Factor  : 1 {1 1 1} 	[Derived from postRoute_res (effortLevel medium)]
    RC-Corner Technology file: '/home_pdk5/jchen/tsmcN40_1p9m/2ndtry/pdk_install_finished/util/tn40clsp004v1_2_0b/T-N40-CL-SP-004-V1_v2.0b/RC_QRC_cln40lp_1p9m_6x2z_alrdl_5corners_2.0a1/RC_QRC_cln40lp_1p09m+alrdl_6x2z_rcworst/qrcTechFile'
set_analysis_view/update_rc_corner called to change MMMC setup. RC Corner setup information has remained the same. Therefore, parasitic data in the tool brought as per the previous MMMC setup is being maintained.
Initializing multi-corner resistance tables ...
Reading timing constraints file '/home/yingna/temp/innovus_temp_33331_pdk5_yingna_oEJMWS/.mmmcZT88fv/modes/cons_mode/cons_mode.sdc' ...
Current (total cpu=0:18:23, real=0:03:54, peak res=4249.5M, current mem=2793.3M)
global_ctrl
INFO (CTE): Constraints read successfully.
Ending "Constraint file reading stats" (total cpu=0:00:00.1, real=0:00:00.0, peak res=2808.3M, current mem=2808.3M)
Current (total cpu=0:18:23, real=0:03:54, peak res=4249.5M, current mem=2808.3M)
Reading latency file '/home/yingna/temp/innovus_temp_33331_pdk5_yingna_oEJMWS/.mmmcZT88fv/views/fast_analysis/latency.sdc' ...
Reading latency file '/home/yingna/temp/innovus_temp_33331_pdk5_yingna_oEJMWS/.mmmcZT88fv/views/typ_analysis/latency.sdc' ...
Reading latency file '/home/yingna/temp/innovus_temp_33331_pdk5_yingna_oEJMWS/.mmmcZT88fv/views/slow_analysis/latency.sdc' ...
Total number of combinational cells: 522
Total number of sequential cells: 303
Total number of tristate cells: 11
Total number of level shifter cells: 0
Total number of power gating cells: 0
Total number of isolation cells: 0
Total number of power switch cells: 0
Total number of pulse generator cells: 0
Total number of always on buffers: 0
Total number of retention cells: 0
List of usable buffers: BUFFD1BWP BUFFD0BWP BUFFD12BWP BUFFD16BWP BUFFD2BWP BUFFD3BWP BUFFD4BWP BUFFD6BWP BUFFD8BWP CKBD1BWP CKBD0BWP CKBD12BWP CKBD16BWP CKBD2BWP CKBD3BWP CKBD4BWP CKBD6BWP CKBD8BWP DCCKBD12BWP DCCKBD16BWP DCCKBD4BWP DCCKBD8BWP DEL025D1BWP
Total number of usable buffers: 23
List of unusable buffers: BUFFD20BWP BUFFD24BWP CKBD20BWP CKBD24BWP DCCKBD20BWP GBUFFD1BWP GBUFFD3BWP GBUFFD2BWP GBUFFD4BWP GBUFFD8BWP
Total number of unusable buffers: 10
List of usable inverters: CKND1BWP CKND0BWP CKND12BWP CKND16BWP CKND2BWP CKND3BWP CKND4BWP CKND6BWP CKND8BWP DCCKND12BWP DCCKND16BWP DCCKND4BWP DCCKND8BWP INVD1BWP INVD0BWP INVD12BWP INVD16BWP INVD2BWP INVD3BWP INVD4BWP INVD6BWP INVD8BWP
Total number of usable inverters: 22
List of unusable inverters: CKND20BWP CKND24BWP DCCKND20BWP GINVD2BWP GINVD1BWP GINVD4BWP GINVD3BWP GINVD8BWP INVD20BWP INVD24BWP
Total number of unusable inverters: 10
List of identified usable delay cells: DEL050D1BWP DEL075D1BWP DEL100D1BWP DEL125D1BWP DEL175D1BWP DEL150D1BWP DEL1D1BWP DEL1P5D1BWP DEL225D1BWP DEL200D1BWP DEL250D1BWP DEL2D1BWP DEL500D1BWP
Total number of identified usable delay cells: 13
List of identified unusable delay cells:
Total number of identified unusable delay cells: 0
<CMD> optDesign -postRoute
**optDesign ... cpu = 0:00:00, real = 0:00:00, mem = 2815.2M, totSessionCpu=0:18:23 **
**INFO: setDesignMode -flowEffort standard -> setting 'setOptMode -allEndPoints true' for the duration of this command.
Disable merging buffers from different footprints for postRoute code for non-MSV designs
Need call spDPlaceInit before registerPrioInstLoc.
Switching SI Aware to true by default in postroute mode   
GigaOpt running with 48 threads.
**WARN: (IMPOPT-7077):	Some of the LEF equivalent cells have different ANTENNAGATEAREA/ANTENNADIFFAREA/PINS etc... attributes. They will not be swapped for fixed instances and for lefsafe operations like optLeakagePower in postroute mode. To find out what cells are LEF equivalent use the findLefEquivalentCells command.
Type 'man IMPOPT-7077' for more detail.
**optDesign ... cpu = 0:00:02, real = 0:00:02, mem = 2872.5M, totSessionCpu=0:18:25 **
Existing Dirty Nets : 0
New Signature Flow (optDesignCheckOptions) ....
#Taking db snapshot
#Taking db snapshot ... done
Begin checking placement ... (start mem=4167.8M, init mem=4167.8M)
*info: Placed = 342            (Fixed = 25)
*info: Unplaced = 0           
Placement Density:55.06%(607/1102)
Placement Density (including fixed std cells):55.74%(624/1119)
Finished checkPlace (total: cpu=0:00:00.1, real=0:00:00.0; vio checks: cpu=0:00:00.0, real=0:00:00.0; mem=4167.8M)
 Initial DC engine is -> aae
 
 AAE-Opt:: Current number of nets in RC Memory -> 100 K
 
 
 AAE-Opt:: New number of nets in RC Memory -> 100 K
 
Reset EOS DB
Ignoring AAE DB Resetting ...
 Set Options for AAE Based Opt flow 
*** optDesign -postRoute ***
DRC Margin: user margin 0.0; extra margin 0
Setup Target Slack: user slack 0
Hold Target Slack: user slack 0
Reading RCDB with compressed RC data.
Multi-VT timing optimization disabled based on library information.
** INFO : this run is activating 'postRoute' automaton
The design is extracted. Skipping TQuantus.
Reading RCDB with compressed RC data.
Reading RCDB with compressed RC data.
AAE DB initialization (MEM=4188.88 CPU=0:00:00.3 REAL=0:00:01.0) 
**INFO: Starting Blocking QThread with 48 CPU
   ____________________________________________________________________
__/ message from Blocking QThread
Multi-CPU acceleration using 48 CPU(s).
*** QThread HoldInit [begin] : cpu/real = 0:00:00.0/0:00:00.0 (0.0), mem = 1.0M
Multithreaded Timing Analysis is initialized with 48 threads

Starting delay calculation for Hold views
#################################################################################
# Design Stage: PostRoute
# Design Name: global_ctrl
# Design Mode: 40nm
# Analysis Mode: MMMC OCV 
# Parasitics Mode: SPEF/RCDB
# Signoff Settings: SI Off 
#################################################################################
Calculate late delays in OCV mode...
Calculate early delays in OCV mode...
Calculate late delays in OCV mode...
Calculate early delays in OCV mode...
Start delay calculation (fullDC) (48 T). (MEM=0)
Total number of fetched objects 355
Total number of fetched objects 355
End delay calculation. (MEM=1008.85 CPU=0:00:02.5 REAL=0:00:00.0)
End delay calculation (fullDC). (MEM=788.23 CPU=0:00:03.2 REAL=0:00:00.0)
*** Done Building Timing Graph (cpu=0:00:05.6 real=0:00:02.0 totSessionCpu=0:00:15.0 mem=756.2M)
Done building cte hold timing graph (HoldAware) cpu=0:00:06.9 real=0:00:02.0 totSessionCpu=0:00:15.0 mem=756.2M ***
*** QThread HoldInit [finish] : cpu/real = 0:00:07.1/0:00:01.6 (4.4), mem = 786.8M

_______________________________________________________________________
Starting delay calculation for Setup views
Starting SI iteration 1 using Infinite Timing Windows
Begin IPO call back ...
End IPO call back ...
#################################################################################
# Design Stage: PostRoute
# Design Name: global_ctrl
# Design Mode: 40nm
# Analysis Mode: MMMC OCV 
# Parasitics Mode: SPEF/RCDB
# Signoff Settings: SI On 
#################################################################################
Calculate early delays in OCV mode...
Calculate late delays in OCV mode...
Calculate early delays in OCV mode...
Calculate late delays in OCV mode...
Calculate early delays in OCV mode...
Calculate late delays in OCV mode...
Start delay calculation (fullDC) (48 T). (MEM=4607.19)
Total number of fetched objects 355
AAE_INFO-618: Total number of nets in the design is 357,  100.0 percent of the nets selected for SI analysis
Total number of fetched objects 355
AAE_INFO-618: Total number of nets in the design is 357,  100.0 percent of the nets selected for SI analysis
Total number of fetched objects 355
AAE_INFO-618: Total number of nets in the design is 357,  100.0 percent of the nets selected for SI analysis
End delay calculation. (MEM=5677.21 CPU=0:00:04.9 REAL=0:00:01.0)
End delay calculation (fullDC). (MEM=5480.59 CPU=0:00:06.7 REAL=0:00:02.0)
Loading CTE timing window with TwFlowType 0...(CPU = 0:00:00.0, REAL = 0:00:00.0, MEM = 5448.6M)
Add other clocks and setupCteToAAEClockMapping during iter 1
Loading CTE timing window is completed (CPU = 0:00:00.0, REAL = 0:00:00.0, MEM = 5480.6M)

Executing IPO callback for view pruning ..

Optimization is working on the following views:
  Setup views: slow_analysis 
  Hold  views: slow_analysis 
Starting SI iteration 2
Calculate early delays in OCV mode...
Calculate late delays in OCV mode...
Start delay calculation (fullDC) (48 T). (MEM=4625.99)
Glitch Analysis: View slow_analysis -- Total Number of Nets Skipped = 0. 
Glitch Analysis: View slow_analysis -- Total Number of Nets Analyzed = 355. 
Total number of fetched objects 355
AAE_INFO-618: Total number of nets in the design is 357,  2.2 percent of the nets selected for SI analysis
End delay calculation. (MEM=6438.49 CPU=0:00:00.1 REAL=0:00:00.0)
End delay calculation (fullDC). (MEM=6438.49 CPU=0:00:00.2 REAL=0:00:00.0)
*** Done Building Timing Graph (cpu=0:00:10.7 real=0:00:05.0 totSessionCpu=0:18:42 mem=4626.5M)

------------------------------------------------------------
     Initial SI Timing Summary                             
------------------------------------------------------------

Setup views included:
 slow_analysis 

+--------------------+---------+---------+---------+
|     Setup mode     |   all   | reg2reg | default |
+--------------------+---------+---------+---------+
|           WNS (ns):|  3.133  |  5.912  |  3.133  |
|           TNS (ns):|  0.000  |  0.000  |  0.000  |
|    Violating Paths:|    0    |    0    |    0    |
|          All Paths:|   105   |   72    |   37    |
+--------------------+---------+---------+---------+

+----------------+-------------------------------+------------------+
|                |              Real             |       Total      |
|    DRVs        +------------------+------------+------------------|
|                |  Nr nets(terms)  | Worst Vio  |  Nr nets(terms)  |
+----------------+------------------+------------+------------------+
|   max_cap      |      5 (5)       |   -0.001   |      5 (5)       |
|   max_tran     |      2 (6)       |   -0.020   |      2 (6)       |
|   max_fanout   |      0 (0)       |     0      |      0 (0)       |
|   max_length   |      0 (0)       |     0      |      0 (0)       |
+----------------+------------------+------------+------------------+

Density: 55.059%
Total number of glitch violations: 0
------------------------------------------------------------
**optDesign ... cpu = 0:00:19, real = 0:00:11, mem = 3446.2M, totSessionCpu=0:18:42 **
Setting latch borrow mode to budget during optimization.
Info: Done creating the CCOpt slew target map.
Glitch fixing enabled
Running CCOpt-PRO on entire clock network
Net route status summary:
  Clock:         2 (unrouted=0, trialRouted=0, noStatus=0, routed=0, fixed=2, [crossesIlmBoundary=0, tooFewTerms=0, (crossesIlmBoundary AND tooFewTerms=0)])
  Non-clock:   355 (unrouted=2, trialRouted=0, noStatus=0, routed=353, fixed=0, [crossesIlmBoundary=0, tooFewTerms=2, (crossesIlmBoundary AND tooFewTerms=0)])
Clock tree cells fixed by user: 0 out of 1 (0%)
PRO...
Relaxing adjacent_rows_legal and cell_density for the duration of PRO. To stop this set pro_respect_cell_density_and_adjacent_row_legal to true.
Initializing clock structures...
  Creating own balancer
  Permitting the movement of (non-FIXED) datapath insts as required for sized/new clock tree insts
  Removing CTS place status from clock tree and sinks.
  Initializing legalizer
  Using cell based legalization.
  Reconstructing clock tree datastructures...
    Validating CTS configuration...
    Checking module port directions...
    Checking module port directions done. (took cpu=0:00:00.0 real=0:00:00.0)
    Non-default CCOpt properties:
    adjacent_rows_legal: true (default: false)
    allow_non_fterm_identical_swaps: 0 (default: true)
    buffer_cells is set for at least one key
    cell_density is set for at least one key
    cell_halo_rows: 0 (default: 1)
    cell_halo_sites: 0 (default: 4)
    clock_nets_detailed_routed: 1 (default: false)
    force_design_routing_status: 1 (default: auto)
    route_type is set for at least one key
    source_output_max_trans is set for at least one key
    target_insertion_delay is set for at least one key
    target_max_trans is set for at least one key
    target_max_trans_sdc is set for at least one key
    target_skew is set for at least one key
    target_skew_wire is set for at least one key
    use_inverters is set for at least one key
    Route type trimming info:
      No route type modifications were made.
**WARN: (IMPCCOPT-1184):	The library has no usable balanced inverters for power domain auto-default, while balancing clock_tree clk. If this is not intended behavior, you can specify a list of lib_cells to use with the inverter_cells property.
**WARN: (IMPCCOPT-1041):	The source_output_max_trans is set for clock_tree clk, but source_max_capacitance is not. Innovus will assume a maximum driven capacitance of 0.029.
Type 'man IMPCCOPT-1041' for more detail.
    Clock tree balancer configuration for clock_tree clk:
    Non-default CCOpt properties:
      cell_density: 1 (default: 0.75)
      route_type (leaf): rule_leaf (default: default)
      route_type (trunk): rule_trunk (default: default)
      route_type (top): rule_top (default: default)
      use_inverters: false (default: auto)
    For power domain auto-default:
      Buffers:     BUFFD24BWP BUFFD20BWP BUFFD16BWP BUFFD12BWP BUFFD8BWP BUFFD6BWP BUFFD4BWP BUFFD3BWP BUFFD2BWP BUFFD1BWP BUFFD0BWP 
      Inverters:   
      Clock gates: CKLNQD16BWP CKLNQD12BWP CKLNQD8BWP CKLNQD6BWP CKLNQD4BWP CKLNQD3BWP CKLNQD2BWP CKLNQD1BWP 
      Unblocked area available for placement of any clock cells in power_domain auto-default: 1118.729um^2
    Top Routing info:
      Route-type name: rule_top; Top/bottom preferred layer name: M4/M3; 
      Unshielded; Mask Constraint: 0; Source: route_type.
    Trunk Routing info:
      Route-type name: rule_trunk; Top/bottom preferred layer name: M4/M3; 
      Unshielded; Mask Constraint: 0; Source: route_type.
    Leaf Routing info:
      Route-type name: rule_leaf; Top/bottom preferred layer name: M4/M3; 
      Unshielded; Mask Constraint: 0; Source: route_type.
    For timing_corner slow_delay:setup, late and power domain auto-default:
      Slew time target (leaf):    0.400ns
      Slew time target (trunk):   0.400ns
      Slew time target (top):     0.400ns (Note: no nets are considered top nets in this clock tree)
      Buffer unit delay: 0.154ns
      Buffer max distance: 620.211um
    Fastest wire driving cells and distances:
      Buffer    : {lib_cell:BUFFD20BWP, fastest_considered_half_corner=slow_delay:setup.late, optimalDrivingDistance=399.262um, saturatedSlew=0.174ns, speed=1873.592um per ns, cellArea=15.464um^2 per 1000um}
      Clock gate: {lib_cell:CKLNQD16BWP, fastest_considered_half_corner=slow_delay:setup.late, optimalDrivingDistance=607.759um, saturatedSlew=0.365ns, speed=1295.033um per ns, cellArea=13.061um^2 per 1000um}
    For timing_corner fast_delay:setup, late and power domain auto-default:
      Slew time target (leaf):    0.400ns
      Slew time target (trunk):   0.400ns
      Slew time target (top):     0.400ns (Note: no nets are considered top nets in this clock tree)
      Buffer unit delay: 0.060ns
      Buffer max distance: 620.211um
    Fastest wire driving cells and distances:
      Buffer    : {lib_cell:BUFFD20BWP, fastest_considered_half_corner=slow_delay:setup.late, optimalDrivingDistance=399.262um, saturatedSlew=0.174ns, speed=1873.592um per ns, cellArea=15.464um^2 per 1000um}
      Clock gate: {lib_cell:CKLNQD16BWP, fastest_considered_half_corner=slow_delay:setup.late, optimalDrivingDistance=607.759um, saturatedSlew=0.365ns, speed=1295.033um per ns, cellArea=13.061um^2 per 1000um}
    
    
    Logic Sizing Table:
    
    ----------------------------------------------------------
    Cell    Instance count    Source    Eligible library cells
    ----------------------------------------------------------
      (empty table)
    ----------------------------------------------------------
    
    
    Clock tree balancer configuration for skew_group clk/cons_mode:
      Sources:                     pin clk
      Total number of sinks:       76
      Delay constrained sinks:     76
      Non-leaf sinks:              0
      Ignore pins:                 0
     Timing corner fast_delay:setup.late:
      Skew target:                 0.100ns
     Timing corner slow_delay:setup.late:
      Skew target:                 0.154ns
    Primary reporting skew groups are:
    skew_group clk/cons_mode with 76 clock sinks
    
    Via Selection for Estimated Routes (rule default):
    
    -----------------------------------------------------------------
    Layer    Via Cell        Res.      Cap.     RC       Top of Stack
    Range                    (Ohm)     (fF)     (fs)     Only
    -----------------------------------------------------------------
    M1-M2    VIA12_1cut      23.658    0.012    0.273    false
    M2-M3    VIA23_1cut      23.658    0.012    0.285    false
    M3-M4    VIA34_1cut      23.658    0.012    0.284    false
    M4-M5    VIA45_1cut      23.658    0.012    0.286    false
    M5-M6    VIA56_1cut      23.658    0.012    0.284    false
    M6-M7    VIA67_1cut      23.658    0.011    0.258    false
    M7-M8    VIA78_1cut_H     0.490    0.077    0.038    false
    M8-M9    VIA89_1cut       0.490    0.055    0.027    false
    M9-AP    VIA9AP_1cutA     0.094    1.194    0.112    false
    -----------------------------------------------------------------
    
    Have 48 CPUs available for CTS. Selected algorithms will run multithreaded.
    No ideal or dont_touch nets found in the clock tree
    No dont_touch hnets found in the clock tree
    Validating CTS configuration done. (took cpu=0:00:02.7 real=0:00:02.7)
    CCOpt configuration status: all checks passed.
  Reconstructing clock tree datastructures done.
Initializing clock structures done.
PRO...
  PRO active optimizations:
   - DRV fixing with cell sizing
  
  Detected clock skew data from CTS
  Clock tree timing engine global stage delay update for slow_delay:setup.late...
  Clock tree timing engine global stage delay update for slow_delay:setup.late done. (took cpu=0:00:00.0 real=0:00:00.0)
  Clock tree timing engine global stage delay update for fast_delay:setup.late...
  Clock tree timing engine global stage delay update for fast_delay:setup.late done. (took cpu=0:00:00.0 real=0:00:00.0)
  Clock DAG stats PRO initial state:
    cell counts      : b=1, i=0, icg=0, nicg=0, l=0, total=1
    cell areas       : b=6.174um^2, i=0.000um^2, icg=0.000um^2, nicg=0.000um^2, l=0.000um^2, total=6.174um^2
    cell capacitance : b=0.003pF, i=0.000pF, icg=0.000pF, nicg=0.000pF, l=0.000pF, total=0.003pF
    sink capacitance : count=76, total=0.033pF, avg=0.000pF, sd=0.000pF, min=0.000pF, max=0.000pF
    wire capacitance : top=0.000pF, trunk=0.018pF, leaf=0.054pF, total=0.072pF
    wire lengths     : top=0.000um, trunk=154.980um, leaf=350.980um, total=505.960um
    hp wire lengths  : top=0.000um, trunk=0.000um, leaf=283.500um, total=283.500um
  Clock DAG net violations PRO initial state: none
  Clock DAG primary half-corner transition distribution PRO initial state:
    Trunk : target=0.400ns count=1 avg=0.200ns sd=0.000ns min=0.200ns max=0.200ns {1 <= 0.240ns, 0 <= 0.320ns, 0 <= 0.360ns, 0 <= 0.380ns, 0 <= 0.400ns}
    Leaf  : target=0.400ns count=1 avg=0.112ns sd=0.000ns min=0.112ns max=0.112ns {1 <= 0.240ns, 0 <= 0.320ns, 0 <= 0.360ns, 0 <= 0.380ns, 0 <= 0.400ns}
  Clock DAG library cell distribution PRO initial state {count}:
     Bufs: BUFFD20BWP: 1 
  Primary reporting skew groups PRO initial state:
    skew_group default.clk/cons_mode: unconstrained
  Skew group summary PRO initial state:
    skew_group clk/cons_mode:
      Half-corner fast_delay:setup.late: insertion delay [min=0.079, max=0.085, avg=0.082, sd=0.002], skew [0.006 vs 0.100], 100% {0.079, 0.085} (wid=0.012 ws=0.006) (gid=0.073 gs=0.000)
      Half-corner slow_delay:setup.late: insertion delay [min=0.173, max=0.185, avg=0.181, sd=0.004], skew [0.012 vs 0.258], 100% {0.173, 0.185} (wid=0.027 ws=0.012) (gid=0.158 gs=0.000)
  Recomputing CTS skew targets...
  Resolving skew group constraints...
    Solving LP: 1 skew groups; 2 fragments, 2 fraglets and 3 vertices; 25 variables and 66 constraints; tolerance 1
  Resolving skew group constraints done.
  Recomputing CTS skew targets done. (took cpu=0:00:00.0 real=0:00:00.0)
  Fixing DRVs...
  Fixing clock tree DRVs: ...20% ...40% ...60% ...80% ...100% 
  CCOpt-PRO: considered: 2, tested: 2, violation detected: 0, violation ignored (due to small violation): 0, cannot run: 0, attempted: 0, unsuccessful: 0, sized: 0
  
  PRO Statistics: Fix DRVs (cell sizing):
  =======================================
  
  Cell changes by Net Type:
  
  -------------------------------------------------------------------------------------------------
  Net Type    Attempted    Upsized     Downsized    Swapped Same Size    Total Changed    Not Sized
  -------------------------------------------------------------------------------------------------
  top                0            0           0            0                    0                0
  trunk              0            0           0            0                    0                0
  leaf               0            0           0            0                    0                0
  -------------------------------------------------------------------------------------------------
  Total              0            0           0            0                    0                0
  -------------------------------------------------------------------------------------------------
  
  Upsized: 0, Downsized: 0, Sized but same area: 0, Unchanged: 0, Area change: 0.000um^2 (0.000%)
  Max. move: 0.000um, Min. move: 0.000um, Avg. move: N/A
  
  Clock DAG stats PRO after DRV fixing:
    cell counts      : b=1, i=0, icg=0, nicg=0, l=0, total=1
    cell areas       : b=6.174um^2, i=0.000um^2, icg=0.000um^2, nicg=0.000um^2, l=0.000um^2, total=6.174um^2
    cell capacitance : b=0.003pF, i=0.000pF, icg=0.000pF, nicg=0.000pF, l=0.000pF, total=0.003pF
    sink capacitance : count=76, total=0.033pF, avg=0.000pF, sd=0.000pF, min=0.000pF, max=0.000pF
    wire capacitance : top=0.000pF, trunk=0.018pF, leaf=0.054pF, total=0.072pF
    wire lengths     : top=0.000um, trunk=154.980um, leaf=350.980um, total=505.960um
    hp wire lengths  : top=0.000um, trunk=0.000um, leaf=283.500um, total=283.500um
  Clock DAG net violations PRO after DRV fixing: none
  Clock DAG primary half-corner transition distribution PRO after DRV fixing:
    Trunk : target=0.400ns count=1 avg=0.200ns sd=0.000ns min=0.200ns max=0.200ns {1 <= 0.240ns, 0 <= 0.320ns, 0 <= 0.360ns, 0 <= 0.380ns, 0 <= 0.400ns}
    Leaf  : target=0.400ns count=1 avg=0.112ns sd=0.000ns min=0.112ns max=0.112ns {1 <= 0.240ns, 0 <= 0.320ns, 0 <= 0.360ns, 0 <= 0.380ns, 0 <= 0.400ns}
  Clock DAG library cell distribution PRO after DRV fixing {count}:
     Bufs: BUFFD20BWP: 1 
  Primary reporting skew groups PRO after DRV fixing:
    skew_group default.clk/cons_mode: unconstrained
  Skew group summary PRO after DRV fixing:
    skew_group clk/cons_mode:
      Half-corner fast_delay:setup.late: insertion delay [min=0.079, max=0.085, avg=0.082, sd=0.002], skew [0.006 vs 0.100], 100% {0.079, 0.085} (wid=0.012 ws=0.006) (gid=0.073 gs=0.000)
      Half-corner slow_delay:setup.late: insertion delay [min=0.173, max=0.185, avg=0.181, sd=0.004], skew [0.012 vs 0.154], 100% {0.173, 0.185} (wid=0.027 ws=0.012) (gid=0.158 gs=0.000)
  Fixing DRVs done. (took cpu=0:00:00.0 real=0:00:00.0)
  Reconnecting optimized routes...
  Reconnecting optimized routes done. (took cpu=0:00:00.0 real=0:00:00.0)
  Set dirty flag on 0 insts, 0 nets
  Clock tree timing engine global stage delay update for slow_delay:setup.late...
  Clock tree timing engine global stage delay update for slow_delay:setup.late done. (took cpu=0:00:00.0 real=0:00:00.0)
  Clock tree timing engine global stage delay update for fast_delay:setup.late...
  Clock tree timing engine global stage delay update for fast_delay:setup.late done. (took cpu=0:00:00.0 real=0:00:00.0)
  Clock DAG stats PRO final:
    cell counts      : b=1, i=0, icg=0, nicg=0, l=0, total=1
    cell areas       : b=6.174um^2, i=0.000um^2, icg=0.000um^2, nicg=0.000um^2, l=0.000um^2, total=6.174um^2
    cell capacitance : b=0.003pF, i=0.000pF, icg=0.000pF, nicg=0.000pF, l=0.000pF, total=0.003pF
    sink capacitance : count=76, total=0.033pF, avg=0.000pF, sd=0.000pF, min=0.000pF, max=0.000pF
    wire capacitance : top=0.000pF, trunk=0.018pF, leaf=0.054pF, total=0.072pF
    wire lengths     : top=0.000um, trunk=154.980um, leaf=350.980um, total=505.960um
    hp wire lengths  : top=0.000um, trunk=0.000um, leaf=283.500um, total=283.500um
  Clock DAG net violations PRO final: none
  Clock DAG primary half-corner transition distribution PRO final:
    Trunk : target=0.400ns count=1 avg=0.200ns sd=0.000ns min=0.200ns max=0.200ns {1 <= 0.240ns, 0 <= 0.320ns, 0 <= 0.360ns, 0 <= 0.380ns, 0 <= 0.400ns}
    Leaf  : target=0.400ns count=1 avg=0.112ns sd=0.000ns min=0.112ns max=0.112ns {1 <= 0.240ns, 0 <= 0.320ns, 0 <= 0.360ns, 0 <= 0.380ns, 0 <= 0.400ns}
  Clock DAG library cell distribution PRO final {count}:
     Bufs: BUFFD20BWP: 1 
  Primary reporting skew groups PRO final:
    skew_group default.clk/cons_mode: unconstrained
  Skew group summary PRO final:
    skew_group clk/cons_mode:
      Half-corner fast_delay:setup.late: insertion delay [min=0.079, max=0.085, avg=0.082, sd=0.002], skew [0.006 vs 0.100], 100% {0.079, 0.085} (wid=0.012 ws=0.006) (gid=0.073 gs=0.000)
      Half-corner slow_delay:setup.late: insertion delay [min=0.173, max=0.185, avg=0.181, sd=0.004], skew [0.012 vs 0.154], 100% {0.173, 0.185} (wid=0.027 ws=0.012) (gid=0.158 gs=0.000)
PRO done.
Restoring CTS place status for unmodified clock tree cells and sinks.
Net route status summary:
  Clock:         2 (unrouted=0, trialRouted=0, noStatus=0, routed=0, fixed=2, [crossesIlmBoundary=0, tooFewTerms=0, (crossesIlmBoundary AND tooFewTerms=0)])
  Non-clock:   355 (unrouted=2, trialRouted=0, noStatus=0, routed=353, fixed=0, [crossesIlmBoundary=0, tooFewTerms=2, (crossesIlmBoundary AND tooFewTerms=0)])
Updating delays...
Updating delays done.
PRO done. (took cpu=0:00:03.0 real=0:00:02.9)
**INFO: Start fixing DRV (Mem = 4678.46M) ...
Begin: GigaOpt DRV Optimization
Glitch fixing enabled
Info: 2 nets with fixed/cover wires excluded.
Info: 2 clock nets excluded from IPO operation.
*** DrvOpt [begin] : cpu/real = 0:00:00.0/0:00:00.0 (0.0), totSession cpu/real = 0:18:46.0/0:04:07.4 (4.6), mem = 4678.5M
DRV pessimism of 5.00% is used for tran, 5.00% for cap, 5.00% for fanout, on top of margin 0.00%
**INFO: Disabling fanout fix in postRoute stage.
+---------------------------------------------------------------------------------------------------------------------------------------------------------------------+
|        max-tran       |        max-cap        |  max-fanout |  max-length |    glitch   |       setup       |        |        |        |       |          |         |
+---------------------------------------------------------------------------------------------------------------------------------------------------------------------+
| nets | terms|  wViol  | nets | terms|  wViol  | nets | terms| nets | terms| nets | terms|   WNS   |   TNS   |  #Buf  |  #Inv  | #Resize|Density|   Real   |   Mem   |
+---------------------------------------------------------------------------------------------------------------------------------------------------------------------+
|     6|    19|    -0.05|     8|     8|    -0.00|     0|     0|     0|     0|     0|     0|     3.13|     0.00|       0|       0|       0|  55.06|          |         |
|     0|     0|     0.00|     0|     0|     0.00|     0|     0|     0|     0|     0|     0|     3.13|     0.00|       0|       0|       8|  55.12| 0:00:00.0|  7938.5M|
|     0|     0|     0.00|     0|     0|     0.00|     0|     0|     0|     0|     0|     0|     3.13|     0.00|       0|       0|       0|  55.12| 0:00:00.0|  7938.5M|
+---------------------------------------------------------------------------------------------------------------------------------------------------------------------+

*** Finish DRV Fixing (cpu=0:00:02.2 real=0:00:00.0 mem=7938.5M) ***

*** DrvOpt [finish] : cpu/real = 0:00:05.9/0:00:04.3 (1.4), totSession cpu/real = 0:18:51.9/0:04:11.7 (4.5), mem = 5350.4M
Running refinePlace -preserveRouting true -hardFence false
*** Starting refinePlace (0:18:52 mem=5350.4M) ***
Move report: Detail placement moves 0 insts, mean move: 0.00 um, max move: 0.00 um
	Runtime: CPU: 0:00:00.0 REAL: 0:00:00.0 MEM: 5358.4MB
Summary Report:
Instances move: 0 (out of 317 movable)
Instances flipped: 0
Mean displacement: 0.00 um
Max displacement: 0.00 um 
Runtime: CPU: 0:00:00.1 REAL: 0:00:00.0 MEM: 5358.4MB
*** Finished refinePlace (0:18:52 mem=5358.4M) ***
End: GigaOpt DRV Optimization
**optDesign ... cpu = 0:00:29, real = 0:00:19, mem = 3582.7M, totSessionCpu=0:18:52 **
*info:
**INFO: Completed fixing DRV (CPU Time = 0:00:06, Mem = 4874.43M).

------------------------------------------------------------
     SI Timing Summary (cpu=0.10min real=0.08min mem=4874.4M)                             
------------------------------------------------------------

Setup views included:
 slow_analysis 

+--------------------+---------+---------+---------+
|     Setup mode     |   all   | reg2reg | default |
+--------------------+---------+---------+---------+
|           WNS (ns):|  3.133  |  5.919  |  3.133  |
|           TNS (ns):|  0.000  |  0.000  |  0.000  |
|    Violating Paths:|    0    |    0    |    0    |
|          All Paths:|   105   |   72    |   37    |
+--------------------+---------+---------+---------+

+----------------+-------------------------------+------------------+
|                |              Real             |       Total      |
|    DRVs        +------------------+------------+------------------|
|                |  Nr nets(terms)  | Worst Vio  |  Nr nets(terms)  |
+----------------+------------------+------------+------------------+
|   max_cap      |      0 (0)       |   0.000    |      0 (0)       |
|   max_tran     |      0 (0)       |   0.000    |      0 (0)       |
|   max_fanout   |      0 (0)       |     0      |      0 (0)       |
|   max_length   |      0 (0)       |     0      |      0 (0)       |
+----------------+------------------+------------+------------------+

Density: 55.123%
Total number of glitch violations: 0
------------------------------------------------------------
**optDesign ... cpu = 0:00:29, real = 0:00:19, mem = 3581.0M, totSessionCpu=0:18:52 **
*** Timing Is met
*** Check timing (0:00:00.0)
*** Setup timing is met (target slack 0ns)
Running postRoute recovery in preEcoRoute mode
**optDesign ... cpu = 0:00:29, real = 0:00:19, mem = 3581.4M, totSessionCpu=0:18:52 **
Checking DRV degradation...
**INFO: Skipping DRV recovery as drv did not degrade beyond margin
Finish postRoute recovery in preEcoRoute mode (cpu=0:00:00, real=0:00:00, mem=4852.84M, totSessionCpu=0:18:53).
**optDesign ... cpu = 0:00:29, real = 0:00:19, mem = 3581.5M, totSessionCpu=0:18:53 **

Skipping post route harden opt
Default Rule : ""
Non Default Rules :
Worst Slack : 5.919 ns

Start Layer Assignment ...
WNS(5.919ns) Target(0.000ns) MaxAssign(0%) MaxCong(20%) MinLen(100um) MinCap(0.050pf)

Select 0 cadidates out of 357.
No critical nets selected. Skipped !
GigaOpt: setting up router preferences
GigaOpt: 0 nets assigned router directives

Start Assign Priority Nets ...
TargetSlk(0.200ns) MaxAssign(3%) minLen(50um)
Existing Priority Nets 0 (0.0%)
Assigned Priority Nets 0 (0.0%)
Default Rule : ""
Non Default Rules :
Worst Slack : 3.133 ns

Start Layer Assignment ...
WNS(3.133ns) Target(0.000ns) MaxAssign(0%) MaxCong(20%) MinLen(100um) MinCap(0.050pf)

Select 0 cadidates out of 357.
No critical nets selected. Skipped !
GigaOpt: setting up router preferences
GigaOpt: 0 nets assigned router directives

Start Assign Priority Nets ...
TargetSlk(0.200ns) MaxAssign(3%) minLen(50um)
Existing Priority Nets 0 (0.0%)
Assigned Priority Nets 0 (0.0%)

------------------------------------------------------------
        Pre-ecoRoute Summary                             
------------------------------------------------------------

Setup views included:
 slow_analysis 

+--------------------+---------+---------+---------+
|     Setup mode     |   all   | reg2reg | default |
+--------------------+---------+---------+---------+
|           WNS (ns):|  3.133  |  5.919  |  3.133  |
|           TNS (ns):|  0.000  |  0.000  |  0.000  |
|    Violating Paths:|    0    |    0    |    0    |
|          All Paths:|   105   |   72    |   37    |
+--------------------+---------+---------+---------+

+----------------+-------------------------------+------------------+
|                |              Real             |       Total      |
|    DRVs        +------------------+------------+------------------|
|                |  Nr nets(terms)  | Worst Vio  |  Nr nets(terms)  |
+----------------+------------------+------------+------------------+
|   max_cap      |      0 (0)       |   0.000    |      0 (0)       |
|   max_tran     |      0 (0)       |   0.000    |      0 (0)       |
|   max_fanout   |      0 (0)       |     0      |      0 (0)       |
|   max_length   |      0 (0)       |     0      |      0 (0)       |
+----------------+------------------+------------+------------------+

Density: 55.123%
Total number of glitch violations: 0
------------------------------------------------------------
**optDesign ... cpu = 0:00:30, real = 0:00:19, mem = 3550.2M, totSessionCpu=0:18:53 **
-routeWithEco false                       # bool, default=false
-routeWithEco true                        # bool, default=false, user setting
-routeSelectedNetOnly false               # bool, default=false
-routeWithTimingDriven false              # bool, default=false, user setting
-routeWithSiDriven false                  # bool, default=false
Existing Dirty Nets : 0
New Signature Flow (saveAndSetNanoRouteOptions) ....
Reset Dirty Nets : 0

globalDetailRoute

#setNanoRouteMode -drouteFixAntenna true
#setNanoRouteMode -drouteOnGridOnly "none"
#setNanoRouteMode -droutePostRouteSwapVia "none"
#setNanoRouteMode -drouteUseMultiCutViaEffort "medium"
#setNanoRouteMode -routeBottomRoutingLayer 2
#setNanoRouteMode -routeConcurrentMinimizeViaCountEffort "low"
#setNanoRouteMode -routeReserveSpaceForMultiCut false
#setNanoRouteMode -routeTopRoutingLayer 4
#setNanoRouteMode -routeWithEco true
#setNanoRouteMode -routeWithTimingDriven false
#setNanoRouteMode -routeWithViaInPin "true"
#setNanoRouteMode -routeWithViaOnlyForStandardCellPin "true"
#Start globalDetailRoute on Tue Apr 28 16:53:03 2026
#
#num needed restored net=0
#need_extraction net=0 (total=357)
#Processed 16 dirty instances, 0 dirty terms, 0 dirty fterms, 0 dirty pgterms, 0 misc dirty regions, 0 same cell-size swaps
#(8 insts marked dirty, reset pre-exisiting dirty flag on 8 insts, 29 nets marked need extraction)
#NanoRoute Version 19.12-s087_1 NR191024-1807/19_12-UB
#Skip comparing routing design signature in db-snapshot flow
#Using multithreading with 48 threads.
#Start routing data preparation on Tue Apr 28 16:53:03 2026
#
#Minimum voltage of a net in the design = 0.000.
#Maximum voltage of a net in the design = 1.210.
#Voltage range [0.000 - 1.210] has 355 nets.
#Voltage range [0.990 - 1.210] has 1 net.
#Voltage range [0.000 - 0.000] has 1 net.
# M1           V   Track-Pitch = 0.14000    Line-2-Via Pitch = 0.14000
# M2           H   Track-Pitch = 0.14000    Line-2-Via Pitch = 0.14000
# M3           V   Track-Pitch = 0.14000    Line-2-Via Pitch = 0.14000
# M4           H   Track-Pitch = 0.14000    Line-2-Via Pitch = 0.14000
# M5           V   Track-Pitch = 0.14000    Line-2-Via Pitch = 0.14000
# M6           H   Track-Pitch = 0.14000    Line-2-Via Pitch = 0.14000
# M7           V   Track-Pitch = 0.14000    Line-2-Via Pitch = 0.14000
# M8           H   Track-Pitch = 0.84000    Line-2-Via Pitch = 0.80000
# M9           V   Track-Pitch = 0.84000    Line-2-Via Pitch = 0.80000
# AP           H   Track-Pitch = 5.00000    Line-2-Via Pitch = 5.00000
#Regenerating Ggrids automatically.
#Auto generating G-grids with size=20 tracks, using layer M2's pitch = 0.14000.
#Using automatically generated G-grids.
#Done routing data preparation.
#cpu time = 00:00:01, elapsed time = 00:00:00, memory = 3582.38 (MB), peak = 4249.48 (MB)
#Merging special wires: starts on Tue Apr 28 16:53:04 2026 with memory = 3582.41 (MB), peak = 4249.48 (MB)
#
#Merging special wires: cpu:00:00:00, real:00:00:00, mem:3.5 GB, peak:4.1 GB --1.30 [48]--
#WARNING (NRDB-1005) Cannot establish connection to PIN A2 at ( 177.77000 2.77000 ) on M1 for NET phase_row_id[2]. The NET is considered partially routed. Visually verify wiring at the specified location as the wire/via origin may not touch the PIN. This NET will be rerouted with same or different wiring.
#WARNING (NRDB-1005) Cannot establish connection to PIN I at ( 63.80000 5.15000 ) on M1 for NET ul_cur_state[0]. The NET is considered partially routed. Visually verify wiring at the specified location as the wire/via origin may not touch the PIN. This NET will be rerouted with same or different wiring.
#WARNING (NRDB-1005) Cannot establish connection to PIN Z at ( 256.90000 2.63500 ) on M1 for NET n191. The NET is considered partially routed. Visually verify wiring at the specified location as the wire/via origin may not touch the PIN. This NET will be rerouted with same or different wiring.
#WARNING (NRDB-1005) Cannot establish connection to PIN A1 at ( 177.14000 2.77000 ) on M1 for NET n179. The NET is considered partially routed. Visually verify wiring at the specified location as the wire/via origin may not touch the PIN. This NET will be rerouted with same or different wiring.
#WARNING (NRDB-1005) Cannot establish connection to PIN A2 at ( 257.58000 2.63000 ) on M1 for NET col_id[10]. The NET is considered partially routed. Visually verify wiring at the specified location as the wire/via origin may not touch the PIN. This NET will be rerouted with same or different wiring.
#WARNING (NRDB-1005) Cannot establish connection to PIN A1 at ( 257.80500 2.63000 ) on M1 for NET col_id[8]. The NET is considered partially routed. Visually verify wiring at the specified location as the wire/via origin may not touch the PIN. This NET will be rerouted with same or different wiring.
#WARNING (NRDB-1005) Cannot establish connection to PIN ZN at ( 177.40500 2.70500 ) on M1 for NET n135. The NET is considered partially routed. Visually verify wiring at the specified location as the wire/via origin may not touch the PIN. This NET will be rerouted with same or different wiring.
#WARNING (NRDB-1005) Cannot establish connection to PIN A4 at ( 257.25500 2.61500 ) on M1 for NET n173. The NET is considered partially routed. Visually verify wiring at the specified location as the wire/via origin may not touch the PIN. This NET will be rerouted with same or different wiring.
#WARNING (NRDB-1005) Cannot establish connection to PIN A3 at ( 257.40000 2.76500 ) on M1 for NET n174. The NET is considered partially routed. Visually verify wiring at the specified location as the wire/via origin may not touch the PIN. This NET will be rerouted with same or different wiring.
#
#Connectivity extraction summary:
#27 routed nets are extracted.
#    9 (2.52%) extracted nets are partially routed.
#328 routed net(s) are imported.
#2 nets are fixed|skipped|trivial (not extracted).
#Total number of nets = 357.
#
#Found 0 nets for post-route si or timing fixing.
#
#Finished routing data preparation on Tue Apr 28 16:53:04 2026
#
#Cpu time = 00:00:01
#Elapsed time = 00:00:00
#Increased memory = 13.16 (MB)
#Total memory = 3582.45 (MB)
#Peak memory = 4249.48 (MB)
#
#
#Start global routing on Tue Apr 28 16:53:04 2026
#
#
#Start global routing initialization on Tue Apr 28 16:53:04 2026
#
#Number of eco nets is 9
#
#Start global routing data preparation on Tue Apr 28 16:53:04 2026
#
#Start routing resource analysis on Tue Apr 28 16:53:04 2026
#
#Routing resource analysis is done on Tue Apr 28 16:53:04 2026
#
#  Resource Analysis:
#
#               Routing  #Avail      #Track     #Total     %Gcell
#  Layer      Direction   Track     Blocked      Gcell    Blocked
#  --------------------------------------------------------------
#  M1             V        2143           0         321    98.13%
#  M2             H          56           0         321     0.00%
#  M3             V        2131          12         321     0.00%
#  M4             H          50           6         321     0.00%
#  --------------------------------------------------------------
#  Total                   4380       2.82%        1284    24.53%
#
#
#
#
#Global routing data preparation is done on Tue Apr 28 16:53:04 2026
#
#cpu time = 00:00:00, elapsed time = 00:00:00, memory = 3587.01 (MB), peak = 4249.48 (MB)
#
#
#Global routing initialization is done on Tue Apr 28 16:53:04 2026
#
#cpu time = 00:00:00, elapsed time = 00:00:00, memory = 3587.01 (MB), peak = 4249.48 (MB)
#
#start global routing iteration 1...
#cpu time = 00:00:00, elapsed time = 00:00:00, memory = 3589.94 (MB), peak = 4249.48 (MB)
#
#
#Total number of trivial nets (e.g. < 2 pins) = 2 (skipped).
#Total number of routable nets = 355.
#Total number of nets in the design = 357.
#
#9 routable nets have only global wires.
#346 routable nets have only detail routed wires.
#2 detail routed (routable) nets have been constrained (e.g. have preferred extra spacing, require shielding etc.)
#
#Routed nets constraints summary:
#-----------------------------
#        Rules   Unconstrained  
#-----------------------------
#      Default               9  
#-----------------------------
#        Total               9  
#-----------------------------
#
#Routing constraints summary of the whole design:
#---------------------------------------------------------
#        Rules   Pref Layer   Avoid Detour   Unconstrained  
#---------------------------------------------------------
#      Default            2              2             353  
#---------------------------------------------------------
#        Total            2              2             353  
#---------------------------------------------------------
#
#
#  Congestion Analysis: (blocked Gcells are excluded)
#
#                 OverCon          
#                  #Gcell    %Gcell
#     Layer           (1)   OverCon
#  --------------------------------
#  M2            0(0.00%)   (0.00%)
#  M3            0(0.00%)   (0.00%)
#  M4            0(0.00%)   (0.00%)
#  --------------------------------
#     Total      0(0.00%)   (0.00%)
#
#  The worst congested Gcell overcon (routing demand over resource in number of tracks) = 1
#  Overflow after GR: 0.00% H + 0.00% V
#
#Complete Global Routing.
#Total wire length = 8793 um.
#Total half perimeter of net bounding box = 8688 um.
#Total wire length on LAYER M1 = 0 um.
#Total wire length on LAYER M2 = 4829 um.
#Total wire length on LAYER M3 = 848 um.
#Total wire length on LAYER M4 = 3116 um.
#Total wire length on LAYER M5 = 0 um.
#Total wire length on LAYER M6 = 0 um.
#Total wire length on LAYER M7 = 0 um.
#Total wire length on LAYER M8 = 0 um.
#Total wire length on LAYER M9 = 0 um.
#Total wire length on LAYER AP = 0 um.
#Total number of vias = 2627
#Total number of multi-cut vias = 1169 ( 44.5%)
#Total number of single cut vias = 1458 ( 55.5%)
#Up-Via Summary (total 2627):
#                   single-cut          multi-cut      Total
#-----------------------------------------------------------
# M1               713 ( 68.4%)       330 ( 31.6%)       1043
# M2               536 ( 46.7%)       611 ( 53.3%)       1147
# M3               209 ( 47.8%)       228 ( 52.2%)        437
#-----------------------------------------------------------
#                 1458 ( 55.5%)      1169 ( 44.5%)       2627 
#
#Max overcon = 0 track.
#Total overcon = 0.00%.
#Worst layer Gcell overcon rate = 0.00%.
#
#Global routing statistics:
#Cpu time = 00:00:00
#Elapsed time = 00:00:00
#Increased memory = 28.27 (MB)
#Total memory = 3610.76 (MB)
#Peak memory = 4249.48 (MB)
#
#Finished global routing on Tue Apr 28 16:53:04 2026
#
#
#cpu time = 00:00:00, elapsed time = 00:00:00, memory = 3590.09 (MB), peak = 4249.48 (MB)
#Start Track Assignment.
#Done with 0 horizontal wires in 1 hboxes and 0 vertical wires in 1 hboxes.
#Done with 0 horizontal wires in 1 hboxes and 0 vertical wires in 1 hboxes.
#Complete Track Assignment.
#Total wire length = 8793 um.
#Total half perimeter of net bounding box = 8688 um.
#Total wire length on LAYER M1 = 0 um.
#Total wire length on LAYER M2 = 4829 um.
#Total wire length on LAYER M3 = 848 um.
#Total wire length on LAYER M4 = 3116 um.
#Total wire length on LAYER M5 = 0 um.
#Total wire length on LAYER M6 = 0 um.
#Total wire length on LAYER M7 = 0 um.
#Total wire length on LAYER M8 = 0 um.
#Total wire length on LAYER M9 = 0 um.
#Total wire length on LAYER AP = 0 um.
#Total number of vias = 2627
#Total number of multi-cut vias = 1169 ( 44.5%)
#Total number of single cut vias = 1458 ( 55.5%)
#Up-Via Summary (total 2627):
#                   single-cut          multi-cut      Total
#-----------------------------------------------------------
# M1               713 ( 68.4%)       330 ( 31.6%)       1043
# M2               536 ( 46.7%)       611 ( 53.3%)       1147
# M3               209 ( 47.8%)       228 ( 52.2%)        437
#-----------------------------------------------------------
#                 1458 ( 55.5%)      1169 ( 44.5%)       2627 
#
#cpu time = 00:00:00, elapsed time = 00:00:00, memory = 3611.45 (MB), peak = 4249.48 (MB)
#
#number of short segments in preferred routing layers
#	
#	
#
#Routing data preparation, pin analysis, global routing and track assignment statistics:
#Cpu time = 00:00:01
#Elapsed time = 00:00:01
#Increased memory = 42.16 (MB)
#Total memory = 3611.45 (MB)
#Peak memory = 4249.48 (MB)
#Using multithreading with 48 threads.
#
#Start Detail Routing..
#start initial detail routing ...
# ECO: 33.3% of the total area was rechecked for DRC, and 16.7% required routing.
#   number of violations = 0
#8 out of 342 instances (2.3%) need to be verified(marked ipoed), dirty area = 0.4%.
#0.0% of the total area is being checked for drcs
#0.0% of the total area was checked
#   number of violations = 0
#cpu time = 00:00:00, elapsed time = 00:00:00, memory = 3669.02 (MB), peak = 4249.48 (MB)
#Complete Detail Routing.
#Total wire length = 8794 um.
#Total half perimeter of net bounding box = 8688 um.
#Total wire length on LAYER M1 = 0 um.
#Total wire length on LAYER M2 = 4831 um.
#Total wire length on LAYER M3 = 847 um.
#Total wire length on LAYER M4 = 3116 um.
#Total wire length on LAYER M5 = 0 um.
#Total wire length on LAYER M6 = 0 um.
#Total wire length on LAYER M7 = 0 um.
#Total wire length on LAYER M8 = 0 um.
#Total wire length on LAYER M9 = 0 um.
#Total wire length on LAYER AP = 0 um.
#Total number of vias = 2627
#Total number of multi-cut vias = 1164 ( 44.3%)
#Total number of single cut vias = 1463 ( 55.7%)
#Up-Via Summary (total 2627):
#                   single-cut          multi-cut      Total
#-----------------------------------------------------------
# M1               715 ( 68.5%)       329 ( 31.5%)       1044
# M2               538 ( 46.9%)       608 ( 53.1%)       1146
# M3               210 ( 48.1%)       227 ( 51.9%)        437
#-----------------------------------------------------------
#                 1463 ( 55.7%)      1164 ( 44.3%)       2627 
#
#Total number of DRC violations = 0
#Cpu time = 00:00:03
#Elapsed time = 00:00:02
#Increased memory = -15.49 (MB)
#Total memory = 3595.96 (MB)
#Peak memory = 4249.48 (MB)
#
#start routing for process antenna violation fix ...
#cpu time = 00:00:02, elapsed time = 00:00:02, memory = 3597.17 (MB), peak = 4249.48 (MB)
#
#Total wire length = 8794 um.
#Total half perimeter of net bounding box = 8688 um.
#Total wire length on LAYER M1 = 0 um.
#Total wire length on LAYER M2 = 4831 um.
#Total wire length on LAYER M3 = 847 um.
#Total wire length on LAYER M4 = 3116 um.
#Total wire length on LAYER M5 = 0 um.
#Total wire length on LAYER M6 = 0 um.
#Total wire length on LAYER M7 = 0 um.
#Total wire length on LAYER M8 = 0 um.
#Total wire length on LAYER M9 = 0 um.
#Total wire length on LAYER AP = 0 um.
#Total number of vias = 2627
#Total number of multi-cut vias = 1164 ( 44.3%)
#Total number of single cut vias = 1463 ( 55.7%)
#Up-Via Summary (total 2627):
#                   single-cut          multi-cut      Total
#-----------------------------------------------------------
# M1               715 ( 68.5%)       329 ( 31.5%)       1044
# M2               538 ( 46.9%)       608 ( 53.1%)       1146
# M3               210 ( 48.1%)       227 ( 51.9%)        437
#-----------------------------------------------------------
#                 1463 ( 55.7%)      1164 ( 44.3%)       2627 
#
#Total number of DRC violations = 0
#Total number of net violated process antenna rule = 0
#
#
#Total wire length = 8794 um.
#Total half perimeter of net bounding box = 8688 um.
#Total wire length on LAYER M1 = 0 um.
#Total wire length on LAYER M2 = 4831 um.
#Total wire length on LAYER M3 = 847 um.
#Total wire length on LAYER M4 = 3116 um.
#Total wire length on LAYER M5 = 0 um.
#Total wire length on LAYER M6 = 0 um.
#Total wire length on LAYER M7 = 0 um.
#Total wire length on LAYER M8 = 0 um.
#Total wire length on LAYER M9 = 0 um.
#Total wire length on LAYER AP = 0 um.
#Total number of vias = 2627
#Total number of multi-cut vias = 1164 ( 44.3%)
#Total number of single cut vias = 1463 ( 55.7%)
#Up-Via Summary (total 2627):
#                   single-cut          multi-cut      Total
#-----------------------------------------------------------
# M1               715 ( 68.5%)       329 ( 31.5%)       1044
# M2               538 ( 46.9%)       608 ( 53.1%)       1146
# M3               210 ( 48.1%)       227 ( 51.9%)        437
#-----------------------------------------------------------
#                 1463 ( 55.7%)      1164 ( 44.3%)       2627 
#
#Total number of DRC violations = 0
#Total number of net violated process antenna rule = 0
#
#
#Start Post Route wire spreading..
#
#Start data preparation for wire spreading...
#
#Data preparation is done on Tue Apr 28 16:53:11 2026
#
#
#Start Post Route Wire Spread.
#Done with 319 horizontal wires in 1 hboxes and 11 vertical wires in 2 hboxes.
#Complete Post Route Wire Spread.
#
#Total wire length = 8898 um.
#Total half perimeter of net bounding box = 8688 um.
#Total wire length on LAYER M1 = 0 um.
#Total wire length on LAYER M2 = 4893 um.
#Total wire length on LAYER M3 = 850 um.
#Total wire length on LAYER M4 = 3154 um.
#Total wire length on LAYER M5 = 0 um.
#Total wire length on LAYER M6 = 0 um.
#Total wire length on LAYER M7 = 0 um.
#Total wire length on LAYER M8 = 0 um.
#Total wire length on LAYER M9 = 0 um.
#Total wire length on LAYER AP = 0 um.
#Total number of vias = 2627
#Total number of multi-cut vias = 1164 ( 44.3%)
#Total number of single cut vias = 1463 ( 55.7%)
#Up-Via Summary (total 2627):
#                   single-cut          multi-cut      Total
#-----------------------------------------------------------
# M1               715 ( 68.5%)       329 ( 31.5%)       1044
# M2               538 ( 46.9%)       608 ( 53.1%)       1146
# M3               210 ( 48.1%)       227 ( 51.9%)        437
#-----------------------------------------------------------
#                 1463 ( 55.7%)      1164 ( 44.3%)       2627 
#
#   number of violations = 0
#cpu time = 00:00:00, elapsed time = 00:00:00, memory = 3627.14 (MB), peak = 4249.48 (MB)
#CELL_VIEW global_ctrl,init has no DRC violation.
#Total number of DRC violations = 0
#Total number of net violated process antenna rule = 0
#Post Route wire spread is done.
#Total wire length = 8898 um.
#Total half perimeter of net bounding box = 8688 um.
#Total wire length on LAYER M1 = 0 um.
#Total wire length on LAYER M2 = 4893 um.
#Total wire length on LAYER M3 = 850 um.
#Total wire length on LAYER M4 = 3154 um.
#Total wire length on LAYER M5 = 0 um.
#Total wire length on LAYER M6 = 0 um.
#Total wire length on LAYER M7 = 0 um.
#Total wire length on LAYER M8 = 0 um.
#Total wire length on LAYER M9 = 0 um.
#Total wire length on LAYER AP = 0 um.
#Total number of vias = 2627
#Total number of multi-cut vias = 1164 ( 44.3%)
#Total number of single cut vias = 1463 ( 55.7%)
#Up-Via Summary (total 2627):
#                   single-cut          multi-cut      Total
#-----------------------------------------------------------
# M1               715 ( 68.5%)       329 ( 31.5%)       1044
# M2               538 ( 46.9%)       608 ( 53.1%)       1146
# M3               210 ( 48.1%)       227 ( 51.9%)        437
#-----------------------------------------------------------
#                 1463 ( 55.7%)      1164 ( 44.3%)       2627 
#
#detailRoute Statistics:
#Cpu time = 00:00:07
#Elapsed time = 00:00:07
#Increased memory = -16.80 (MB)
#Total memory = 3594.65 (MB)
#Peak memory = 4249.48 (MB)
#Skip updating routing design signature in db-snapshot flow
#
#globalDetailRoute statistics:
#Cpu time = 00:00:09
#Elapsed time = 00:00:08
#Increased memory = 11.66 (MB)
#Total memory = 3561.89 (MB)
#Peak memory = 4249.48 (MB)
#Number of warnings = 9
#Total number of warnings = 22
#Number of fails = 0
#Total number of fails = 0
#Complete globalDetailRoute on Tue Apr 28 16:53:11 2026
#
**optDesign ... cpu = 0:00:39, real = 0:00:27, mem = 3485.7M, totSessionCpu=0:19:02 **
-routeWithEco false                       # bool, default=false
-routeSelectedNetOnly false               # bool, default=false
-routeWithTimingDriven false              # bool, default=false, user setting
-routeWithSiDriven false                  # bool, default=false
New Signature Flow (restoreNanoRouteOptions) ....
#num needed restored net=0
#need_extraction net=0 (total=357)
#Start routing data preparation on Tue Apr 28 16:53:11 2026
#
#Minimum voltage of a net in the design = 0.000.
#Maximum voltage of a net in the design = 1.210.
#Voltage range [0.000 - 1.210] has 355 nets.
#Voltage range [0.990 - 1.210] has 1 net.
#Voltage range [0.000 - 0.000] has 1 net.
# M1           V   Track-Pitch = 0.14000    Line-2-Via Pitch = 0.14000
# M2           H   Track-Pitch = 0.14000    Line-2-Via Pitch = 0.14000
# M3           V   Track-Pitch = 0.14000    Line-2-Via Pitch = 0.14000
# M4           H   Track-Pitch = 0.14000    Line-2-Via Pitch = 0.14000
# M5           V   Track-Pitch = 0.14000    Line-2-Via Pitch = 0.14000
# M6           H   Track-Pitch = 0.14000    Line-2-Via Pitch = 0.14000
# M7           V   Track-Pitch = 0.14000    Line-2-Via Pitch = 0.14000
# M8           H   Track-Pitch = 0.84000    Line-2-Via Pitch = 0.80000
# M9           V   Track-Pitch = 0.84000    Line-2-Via Pitch = 0.80000
# AP           H   Track-Pitch = 5.00000    Line-2-Via Pitch = 5.00000
#Regenerating Ggrids automatically.
#Auto generating G-grids with size=20 tracks, using layer M2's pitch = 0.14000.
#Using automatically generated G-grids.
#Done routing data preparation.
#cpu time = 00:00:00, elapsed time = 00:00:00, memory = 3506.05 (MB), peak = 4249.48 (MB)
#Extract in post route mode
#
#Start tQuantus RC extraction...
#Start building rc corner(s)...
#Number of RC Corner = 3
#Corner slow_rc /home/jchen/tsmcN40_1p9m/2ndtry/pdk_install_finished/util/tn40clsp004v1_2_0b/T-N40-CL-SP-004-V1_v2.0b/RC_QRC_cln40lp_1p9m_6x2z_alrdl_5corners_2.0a1/RC_QRC_cln40lp_1p09m+alrdl_6x2z_rcworst/qrcTechFile 125.000000 (real) 
#Corner fast_rc /home/jchen/tsmcN40_1p9m/2ndtry/pdk_install_finished/util/tn40clsp004v1_2_0b/T-N40-CL-SP-004-V1_v2.0b/RC_QRC_cln40lp_1p9m_6x2z_alrdl_5corners_2.0a1/RC_QRC_cln40lp_1p09m+alrdl_6x2z_rcbest/qrcTechFile 0.000000 (real) 
#Corner typ_rc /home/jchen/tsmcN40_1p9m/2ndtry/pdk_install_finished/util/tn40clsp004v1_2_0b/T-N40-CL-SP-004-V1_v2.0b/RC_QRC_cln40lp_1p9m_6x2z_alrdl_5corners_2.0a1/RC_QRC_cln40lp_1p09m+alrdl_6x2z_typical/qrcTechFile 25.000000 (real) 
#metal1 -> M1 (1)
#metal2 -> M2 (2)
#metal3 -> M3 (3)
#metal4 -> M4 (4)
#metal5 -> M5 (5)
#metal6 -> M6 (6)
#metal7 -> M7 (7)
#metal8 -> M8 (8)
#metal9 -> M9 (9)
#metal10 -> AP (10)
#SADV_On
# Corner(s) : 
#slow_rc [125.00] 
#fast_rc [ 0.00] 
#typ_rc [25.00]
# Corner id: 0
# Layout Scale: 0.900000
# Has Metal Fill model: yes
# Temperature was set
# Temperature : 125.000000
# Ref. Temp   : 25.000000
# Corner id: 1
# Layout Scale: 0.900000
# Has Metal Fill model: yes
# Temperature was set
# Temperature : 0.000000
# Ref. Temp   : 25.000000
# Corner id: 2
# Layout Scale: 0.900000
# Has Metal Fill model: yes
# Temperature was set
# Temperature : 25.000000
# Ref. Temp   : 25.000000
#SADV_Off
#total pattern=220 [30, 1815]
#Reading previously stored rc_model file ( rc_model.bin ) ...
#found CAPMODEL /home/jchen/tsmcN40_1p9m/2ndtry/pdk_install_finished/util/tn40clsp004v1_2_0b/T-N40-CL-SP-004-V1_v2.0b/RC_QRC_cln40lp_1p9m_6x2z_alrdl_5corners_2.0a1/RC_QRC_cln40lp_1p09m+alrdl_6x2z_rcworst/qrcTechFile
#found CAPMODEL /home/jchen/tsmcN40_1p9m/2ndtry/pdk_install_finished/util/tn40clsp004v1_2_0b/T-N40-CL-SP-004-V1_v2.0b/RC_QRC_cln40lp_1p9m_6x2z_alrdl_5corners_2.0a1/RC_QRC_cln40lp_1p09m+alrdl_6x2z_rcbest/qrcTechFile
#found CAPMODEL /home/jchen/tsmcN40_1p9m/2ndtry/pdk_install_finished/util/tn40clsp004v1_2_0b/T-N40-CL-SP-004-V1_v2.0b/RC_QRC_cln40lp_1p9m_6x2z_alrdl_5corners_2.0a1/RC_QRC_cln40lp_1p09m+alrdl_6x2z_typical/qrcTechFile
#found RESMODEL /home/jchen/tsmcN40_1p9m/2ndtry/pdk_install_finished/util/tn40clsp004v1_2_0b/T-N40-CL-SP-004-V1_v2.0b/RC_QRC_cln40lp_1p9m_6x2z_alrdl_5corners_2.0a1/RC_QRC_cln40lp_1p09m+alrdl_6x2z_rcworst/qrcTechFile 125.000000 
#found RESMODEL /home/jchen/tsmcN40_1p9m/2ndtry/pdk_install_finished/util/tn40clsp004v1_2_0b/T-N40-CL-SP-004-V1_v2.0b/RC_QRC_cln40lp_1p9m_6x2z_alrdl_5corners_2.0a1/RC_QRC_cln40lp_1p09m+alrdl_6x2z_rcbest/qrcTechFile 0.000000 
#found RESMODEL /home/jchen/tsmcN40_1p9m/2ndtry/pdk_install_finished/util/tn40clsp004v1_2_0b/T-N40-CL-SP-004-V1_v2.0b/RC_QRC_cln40lp_1p9m_6x2z_alrdl_5corners_2.0a1/RC_QRC_cln40lp_1p09m+alrdl_6x2z_typical/qrcTechFile 25.000000 
#number model r/c [3,3] [30,1815] read
#0 rcmodel(s) requires rebuild
#Build RC corners: cpu time = 00:00:03, elapsed time = 00:00:04, memory = 3570.38 (MB), peak = 4249.48 (MB)
#Start building rc corner(s)...
#Number of RC Corner = 3
#Corner slow_rc /home/jchen/tsmcN40_1p9m/2ndtry/pdk_install_finished/util/tn40clsp004v1_2_0b/T-N40-CL-SP-004-V1_v2.0b/RC_QRC_cln40lp_1p9m_6x2z_alrdl_5corners_2.0a1/RC_QRC_cln40lp_1p09m+alrdl_6x2z_rcworst/qrcTechFile 125.000000 (real) 
#Corner fast_rc /home/jchen/tsmcN40_1p9m/2ndtry/pdk_install_finished/util/tn40clsp004v1_2_0b/T-N40-CL-SP-004-V1_v2.0b/RC_QRC_cln40lp_1p9m_6x2z_alrdl_5corners_2.0a1/RC_QRC_cln40lp_1p09m+alrdl_6x2z_rcbest/qrcTechFile 0.000000 (real) 
#Corner typ_rc /home/jchen/tsmcN40_1p9m/2ndtry/pdk_install_finished/util/tn40clsp004v1_2_0b/T-N40-CL-SP-004-V1_v2.0b/RC_QRC_cln40lp_1p9m_6x2z_alrdl_5corners_2.0a1/RC_QRC_cln40lp_1p09m+alrdl_6x2z_typical/qrcTechFile 25.000000 (real) 
#metal1 -> M1 (1)
#metal2 -> M2 (2)
#metal3 -> M3 (3)
#metal4 -> M4 (4)
#metal5 -> M5 (5)
#metal6 -> M6 (6)
#metal7 -> M7 (7)
#metal8 -> M8 (8)
#metal9 -> M9 (9)
#metal10 -> AP (10)
#SADV_On
# Corner(s) : 
#slow_rc [125.00] 
#fast_rc [ 0.00] 
#typ_rc [25.00]
# Corner id: 0
# Layout Scale: 0.900000
# Has Metal Fill model: yes
# Temperature was set
# Temperature : 125.000000
# Ref. Temp   : 25.000000
# Corner id: 1
# Layout Scale: 0.900000
# Has Metal Fill model: yes
# Temperature was set
# Temperature : 0.000000
# Ref. Temp   : 25.000000
# Corner id: 2
# Layout Scale: 0.900000
# Has Metal Fill model: yes
# Temperature was set
# Temperature : 25.000000
# Ref. Temp   : 25.000000
#SADV_Off
#total pattern=220 [30, 1815]
#Reading previously stored rc_model file ( rc_model.bin ) ...
#found CAPMODEL /home/jchen/tsmcN40_1p9m/2ndtry/pdk_install_finished/util/tn40clsp004v1_2_0b/T-N40-CL-SP-004-V1_v2.0b/RC_QRC_cln40lp_1p9m_6x2z_alrdl_5corners_2.0a1/RC_QRC_cln40lp_1p09m+alrdl_6x2z_rcworst/qrcTechFile
#found CAPMODEL /home/jchen/tsmcN40_1p9m/2ndtry/pdk_install_finished/util/tn40clsp004v1_2_0b/T-N40-CL-SP-004-V1_v2.0b/RC_QRC_cln40lp_1p9m_6x2z_alrdl_5corners_2.0a1/RC_QRC_cln40lp_1p09m+alrdl_6x2z_rcbest/qrcTechFile
#found CAPMODEL /home/jchen/tsmcN40_1p9m/2ndtry/pdk_install_finished/util/tn40clsp004v1_2_0b/T-N40-CL-SP-004-V1_v2.0b/RC_QRC_cln40lp_1p9m_6x2z_alrdl_5corners_2.0a1/RC_QRC_cln40lp_1p09m+alrdl_6x2z_typical/qrcTechFile
#found RESMODEL /home/jchen/tsmcN40_1p9m/2ndtry/pdk_install_finished/util/tn40clsp004v1_2_0b/T-N40-CL-SP-004-V1_v2.0b/RC_QRC_cln40lp_1p9m_6x2z_alrdl_5corners_2.0a1/RC_QRC_cln40lp_1p09m+alrdl_6x2z_rcworst/qrcTechFile 125.000000 
#found RESMODEL /home/jchen/tsmcN40_1p9m/2ndtry/pdk_install_finished/util/tn40clsp004v1_2_0b/T-N40-CL-SP-004-V1_v2.0b/RC_QRC_cln40lp_1p9m_6x2z_alrdl_5corners_2.0a1/RC_QRC_cln40lp_1p09m+alrdl_6x2z_rcbest/qrcTechFile 0.000000 
#found RESMODEL /home/jchen/tsmcN40_1p9m/2ndtry/pdk_install_finished/util/tn40clsp004v1_2_0b/T-N40-CL-SP-004-V1_v2.0b/RC_QRC_cln40lp_1p9m_6x2z_alrdl_5corners_2.0a1/RC_QRC_cln40lp_1p09m+alrdl_6x2z_typical/qrcTechFile 25.000000 
#number model r/c [3,3] [30,1815] read
#0 rcmodel(s) requires rebuild
#Build RC corners: cpu time = 00:00:03, elapsed time = 00:00:04, memory = 3585.05 (MB), peak = 4249.48 (MB)
#Using multithreading with 48 threads.
#Length limit = 200 pitches
#opt mode = 2
#Start routing data preparation on Tue Apr 28 16:53:25 2026
#
#Minimum voltage of a net in the design = 0.000.
#Maximum voltage of a net in the design = 1.210.
#Voltage range [0.000 - 1.210] has 355 nets.
#Voltage range [0.990 - 1.210] has 1 net.
#Voltage range [0.000 - 0.000] has 1 net.
#Regenerating Ggrids automatically.
#Auto generating G-grids with size=20 tracks, using layer M2's pitch = 0.14000.
#Using automatically generated G-grids.
#Done routing data preparation.
#cpu time = 00:00:00, elapsed time = 00:00:00, memory = 3539.13 (MB), peak = 4249.48 (MB)
#Start routing data preparation on Tue Apr 28 16:53:25 2026
#
#Minimum voltage of a net in the design = 0.000.
#Maximum voltage of a net in the design = 1.210.
#Voltage range [0.000 - 1.210] has 355 nets.
#Voltage range [0.990 - 1.210] has 1 net.
#Voltage range [0.000 - 0.000] has 1 net.
#Regenerating Ggrids automatically.
#Auto generating G-grids with size=20 tracks, using layer M2's pitch = 0.14000.
#Using automatically generated G-grids.
#Done routing data preparation.
#cpu time = 00:00:00, elapsed time = 00:00:00, memory = 3539.17 (MB), peak = 4249.48 (MB)
#Init Design Signature = -539407555
#Start generate extraction boxes.
#
#Extract using 30 x 30 Hboxes
#6x2 initial hboxes
#Use area based hbox pruning.
#0/0 hboxes pruned.
#Complete generating extraction boxes.
#Extract 5 hboxes with 48 threads on machine with  Xeon 2.60GHz 35840KB Cache 56CPU...
#Process 0 special clock nets for rc extraction
#0 temporary NDR added
#Total 355 nets were built. 77 nodes added to break long wires. 0 net(s) have incomplete routes.
#Run Statistics for Extraction:
#   Cpu time = 00:00:01, elapsed time = 00:00:00 .
#   Increased memory =    16.48 (MB), total memory =  3557.71 (MB), peak memory =  4249.48 (MB)
#Simplify RC tree: cpu time = 00:00:00, elapsed time = 00:00:00, memory = 3541.23 (MB), peak = 4249.48 (MB)
#RC Statistics: 2171 Res, 1421 Ground Cap, 1176 XCap (Edge to Edge)
#RC V/H edge ratio: 0.76, Avg V/H Edge Length: 8495.16 (1497), Avg L-Edge Length: 7168.70 (547)
#Start writing rcdb into /home/yingna/temp/innovus_temp_33331_pdk5_yingna_oEJMWS/nr33331_i1qVkc.rcdb.d
#Finish writing rcdb with 2526 nodes, 2171 edges, and 2526 xcaps
#cpu time = 00:00:00, elapsed time = 00:00:00, memory = 3546.90 (MB), peak = 4249.48 (MB)
Restoring parasitic data from file '/home/yingna/temp/innovus_temp_33331_pdk5_yingna_oEJMWS/nr33331_i1qVkc.rcdb.d' ...
Reading RCDB with compressed RC data.
Reading RCDB with compressed RC data.
Begin read_parasitics... (cpu: 0:00:00.0 real: 0:00:00.0 mem: 5202.496M)
Following multi-corner parasitics specified:
	/home/yingna/temp/innovus_temp_33331_pdk5_yingna_oEJMWS/nr33331_i1qVkc.rcdb.d (rcdb)
Reading RCDB with compressed RC data.
		Cell global_ctrl has rcdb /home/yingna/temp/innovus_temp_33331_pdk5_yingna_oEJMWS/nr33331_i1qVkc.rcdb.d specified
Cell global_ctrl, hinst 
Reading RCDB with compressed RC data.
Done read_parasitics... (cpu: 0:00:00.5 real: 0:00:01.0 mem: 5154.496M)
#
#Restore RCDB.
#
#Complete tQuantus RC extraction.
#Cpu time = 00:00:13
#Elapsed time = 00:00:15
#Increased memory = 34.38 (MB)
#Total memory = 3540.59 (MB)
#Peak memory = 4249.48 (MB)
#
#77 inserted nodes are removed
#Final Design Signature = -598241126
**optDesign ... cpu = 0:00:52, real = 0:00:43, mem = 3487.9M, totSessionCpu=0:19:16 **
Starting delay calculation for Setup views
Starting SI iteration 1 using Infinite Timing Windows
Begin IPO call back ...
End IPO call back ...
#################################################################################
# Design Stage: PostRoute
# Design Name: global_ctrl
# Design Mode: 40nm
# Analysis Mode: MMMC OCV 
# Parasitics Mode: SPEF/RCDB
# Signoff Settings: SI On 
#################################################################################
Calculate early delays in OCV mode...
Calculate late delays in OCV mode...
Calculate early delays in OCV mode...
Calculate late delays in OCV mode...
Calculate early delays in OCV mode...
Calculate late delays in OCV mode...
Start delay calculation (fullDC) (48 T). (MEM=5230)
Initializing multi-corner resistance tables ...
Reading RCDB with compressed RC data.
AAE_INFO: 48 threads acquired from CTE.
Total number of fetched objects 355
AAE_INFO-618: Total number of nets in the design is 357,  100.0 percent of the nets selected for SI analysis
Total number of fetched objects 355
AAE_INFO-618: Total number of nets in the design is 357,  100.0 percent of the nets selected for SI analysis
Total number of fetched objects 355
AAE_INFO-618: Total number of nets in the design is 357,  100.0 percent of the nets selected for SI analysis
End delay calculation. (MEM=6251.02 CPU=0:00:03.1 REAL=0:00:01.0)
End delay calculation (fullDC). (MEM=6251.02 CPU=0:00:04.2 REAL=0:00:01.0)
Loading CTE timing window with TwFlowType 0...(CPU = 0:00:00.0, REAL = 0:00:00.0, MEM = 6219.0M)
Add other clocks and setupCteToAAEClockMapping during iter 1
Loading CTE timing window is completed (CPU = 0:00:00.0, REAL = 0:00:00.0, MEM = 6251.0M)
Starting SI iteration 2
Calculate early delays in OCV mode...
Calculate late delays in OCV mode...
Calculate early delays in OCV mode...
Calculate late delays in OCV mode...
Calculate early delays in OCV mode...
Calculate late delays in OCV mode...
Start delay calculation (fullDC) (48 T). (MEM=5353.42)
Glitch Analysis: View fast_analysis -- Total Number of Nets Skipped = 0. 
Glitch Analysis: View fast_analysis -- Total Number of Nets Analyzed = 0. 
Total number of fetched objects 355
AAE_INFO-618: Total number of nets in the design is 357,  1.7 percent of the nets selected for SI analysis
Glitch Analysis: View typ_analysis -- Total Number of Nets Skipped = 0. 
Glitch Analysis: View typ_analysis -- Total Number of Nets Analyzed = 0. 
Total number of fetched objects 355
AAE_INFO-618: Total number of nets in the design is 357,  1.7 percent of the nets selected for SI analysis
Glitch Analysis: View slow_analysis -- Total Number of Nets Skipped = 0. 
Glitch Analysis: View slow_analysis -- Total Number of Nets Analyzed = 355. 
Total number of fetched objects 355
AAE_INFO-618: Total number of nets in the design is 357,  1.7 percent of the nets selected for SI analysis
End delay calculation. (MEM=7134.07 CPU=0:00:00.5 REAL=0:00:00.0)
End delay calculation (fullDC). (MEM=7134.07 CPU=0:00:00.6 REAL=0:00:00.0)
*** Done Building Timing Graph (cpu=0:00:10.0 real=0:00:04.0 totSessionCpu=0:19:26 mem=5329.1M)

------------------------------------------------------------
       Post-ecoRoute Summary                             
------------------------------------------------------------

Setup views included:
 fast_analysis typ_analysis slow_analysis 

+--------------------+---------+---------+---------+
|     Setup mode     |   all   | reg2reg | default |
+--------------------+---------+---------+---------+
|           WNS (ns):|  3.143  |  6.031  |  3.143  |
|           TNS (ns):|  0.000  |  0.000  |  0.000  |
|    Violating Paths:|    0    |    0    |    0    |
|          All Paths:|   105   |   72    |   37    |
+--------------------+---------+---------+---------+

+----------------+-------------------------------+------------------+
|                |              Real             |       Total      |
|    DRVs        +------------------+------------+------------------|
|                |  Nr nets(terms)  | Worst Vio  |  Nr nets(terms)  |
+----------------+------------------+------------+------------------+
|   max_cap      |      0 (0)       |   0.000    |      0 (0)       |
|   max_tran     |      0 (0)       |   0.000    |      0 (0)       |
|   max_fanout   |      0 (0)       |     0      |      0 (0)       |
|   max_length   |      0 (0)       |     0      |      0 (0)       |
+----------------+------------------+------------+------------------+

Density: 55.123%
Total number of glitch violations: 0
------------------------------------------------------------
**optDesign ... cpu = 0:01:03, real = 0:00:47, mem = 4151.0M, totSessionCpu=0:19:26 **
**optDesign ... cpu = 0:01:03, real = 0:00:47, mem = 4151.0M, totSessionCpu=0:19:26 **
Executing marking Critical Nets1
*** Timing Is met
*** Check timing (0:00:00.0)
Running postRoute recovery in postEcoRoute mode
**optDesign ... cpu = 0:01:03, real = 0:00:47, mem = 4151.0M, totSessionCpu=0:19:26 **
Checking setup slack degradation ...
Checking DRV degradation...
**INFO: Skipping DRV recovery as drv did not degrade beyond margin
Finish postRoute recovery in postEcoRoute mode (cpu=0:00:01, real=0:00:01, mem=5368.54M, totSessionCpu=0:19:27).
**optDesign ... cpu = 0:01:04, real = 0:00:48, mem = 4210.5M, totSessionCpu=0:19:27 **

Latch borrow mode reset to max_borrow
Reported timing to dir ./timingReports
**optDesign ... cpu = 0:01:05, real = 0:00:48, mem = 4216.9M, totSessionCpu=0:19:28 **

------------------------------------------------------------
     optDesign Final SI Timing Summary                             
------------------------------------------------------------

Setup views included:
 fast_analysis typ_analysis slow_analysis 

+--------------------+---------+---------+---------+
|     Setup mode     |   all   | reg2reg | default |
+--------------------+---------+---------+---------+
|           WNS (ns):|  3.143  |  6.031  |  3.143  |
|           TNS (ns):|  0.000  |  0.000  |  0.000  |
|    Violating Paths:|    0    |    0    |    0    |
|          All Paths:|   105   |   72    |   37    |
+--------------------+---------+---------+---------+

+----------------+-------------------------------+------------------+
|                |              Real             |       Total      |
|    DRVs        +------------------+------------+------------------|
|                |  Nr nets(terms)  | Worst Vio  |  Nr nets(terms)  |
+----------------+------------------+------------+------------------+
|   max_cap      |      0 (0)       |   0.000    |      0 (0)       |
|   max_tran     |      0 (0)       |   0.000    |      0 (0)       |
|   max_fanout   |      0 (0)       |     0      |      0 (0)       |
|   max_length   |      0 (0)       |     0      |      0 (0)       |
+----------------+------------------+------------+------------------+

Density: 55.123%
Total number of glitch violations: 0
------------------------------------------------------------
**optDesign ... cpu = 0:01:05, real = 0:00:50, mem = 4215.2M, totSessionCpu=0:19:28 **
 ReSet Options after AAE Based Opt flow 
*** Finished optDesign ***
Info: Destroy the CCOpt slew target map.
<CMD> setOptMode -fixFanoutLoad true
<CMD> optDesign -postRoute -drv
**optDesign ... cpu = 0:00:00, real = 0:00:00, mem = 4203.1M, totSessionCpu=0:19:29 **
**INFO: setDesignMode -flowEffort standard -> setting 'setOptMode -allEndPoints true' for the duration of this command.
Disable merging buffers from different footprints for postRoute code for non-MSV designs
Need call spDPlaceInit before registerPrioInstLoc.
GigaOpt running with 48 threads.
**optDesign ... cpu = 0:00:02, real = 0:00:01, mem = 4218.7M, totSessionCpu=0:19:31 **
Existing Dirty Nets : 0
New Signature Flow (optDesignCheckOptions) ....
#Taking db snapshot
#Taking db snapshot ... done
Begin checking placement ... (start mem=5337.0M, init mem=5337.0M)
*info: Placed = 342            (Fixed = 25)
*info: Unplaced = 0           
Placement Density:55.12%(607/1102)
Placement Density (including fixed std cells):55.80%(624/1119)
Finished checkPlace (total: cpu=0:00:00.2, real=0:00:01.0; vio checks: cpu=0:00:00.0, real=0:00:00.0; mem=5337.0M)
 Initial DC engine is -> aae
 
 AAE-Opt:: Current number of nets in RC Memory -> 100 K
 
 
 AAE-Opt:: New number of nets in RC Memory -> 100 K
 
Reset EOS DB
Ignoring AAE DB Resetting ...
 Set Options for AAE Based Opt flow 
*** optDesign -postRoute ***
DRC Margin: user margin 0.0; extra margin 0
Setup Target Slack: user slack 0
Hold Target Slack: user slack 0
Multi-VT timing optimization disabled based on library information.
** INFO : this run is activating 'postRoute' automaton
The design is extracted. Skipping TQuantus.
Reading RCDB with compressed RC data.

------------------------------------------------------------
     Initial SI Timing Summary                             
------------------------------------------------------------

Setup views included:
 fast_analysis typ_analysis slow_analysis 

+--------------------+---------+---------+---------+
|     Setup mode     |   all   | reg2reg | default |
+--------------------+---------+---------+---------+
|           WNS (ns):|  3.143  |  6.031  |  3.143  |
|           TNS (ns):|  0.000  |  0.000  |  0.000  |
|    Violating Paths:|    0    |    0    |    0    |
|          All Paths:|   105   |   72    |   37    |
+--------------------+---------+---------+---------+

+----------------+-------------------------------+------------------+
|                |              Real             |       Total      |
|    DRVs        +------------------+------------+------------------|
|                |  Nr nets(terms)  | Worst Vio  |  Nr nets(terms)  |
+----------------+------------------+------------+------------------+
|   max_cap      |      0 (0)       |   0.000    |      0 (0)       |
|   max_tran     |      0 (0)       |   0.000    |      0 (0)       |
|   max_fanout   |      0 (0)       |     0      |      0 (0)       |
|   max_length   |      0 (0)       |     0      |      0 (0)       |
+----------------+------------------+------------+------------------+

Density: 55.123%
Total number of glitch violations: 0
------------------------------------------------------------
**optDesign ... cpu = 0:00:03, real = 0:00:02, mem = 4212.0M, totSessionCpu=0:19:32 **
Setting latch borrow mode to budget during optimization.
Info: Done creating the CCOpt slew target map.
Glitch fixing enabled
Running CCOpt-PRO on entire clock network
Net route status summary:
  Clock:         2 (unrouted=0, trialRouted=0, noStatus=0, routed=0, fixed=2, [crossesIlmBoundary=0, tooFewTerms=0, (crossesIlmBoundary AND tooFewTerms=0)])
  Non-clock:   355 (unrouted=2, trialRouted=0, noStatus=0, routed=353, fixed=0, [crossesIlmBoundary=0, tooFewTerms=2, (crossesIlmBoundary AND tooFewTerms=0)])
Clock tree cells fixed by user: 0 out of 1 (0%)
PRO...
Relaxing adjacent_rows_legal and cell_density for the duration of PRO. To stop this set pro_respect_cell_density_and_adjacent_row_legal to true.
Initializing clock structures...
  Creating own balancer
  Permitting the movement of (non-FIXED) datapath insts as required for sized/new clock tree insts
  Removing CTS place status from clock tree and sinks.
  Initializing legalizer
  Using cell based legalization.
  Reconstructing clock tree datastructures...
    Validating CTS configuration...
    Checking module port directions...
    Checking module port directions done. (took cpu=0:00:00.0 real=0:00:00.0)
    Non-default CCOpt properties:
    adjacent_rows_legal: true (default: false)
    allow_non_fterm_identical_swaps: 0 (default: true)
    buffer_cells is set for at least one key
    cell_density is set for at least one key
    cell_halo_rows: 0 (default: 1)
    cell_halo_sites: 0 (default: 4)
    clock_nets_detailed_routed: 1 (default: false)
    force_design_routing_status: 1 (default: auto)
    route_type is set for at least one key
    source_output_max_trans is set for at least one key
    target_insertion_delay is set for at least one key
    target_max_trans is set for at least one key
    target_max_trans_sdc is set for at least one key
    target_skew is set for at least one key
    target_skew_wire is set for at least one key
    use_inverters is set for at least one key
    Route type trimming info:
      No route type modifications were made.
**WARN: (IMPCCOPT-1184):	The library has no usable balanced inverters for power domain auto-default, while balancing clock_tree clk. If this is not intended behavior, you can specify a list of lib_cells to use with the inverter_cells property.
**WARN: (IMPCCOPT-1041):	The source_output_max_trans is set for clock_tree clk, but source_max_capacitance is not. Innovus will assume a maximum driven capacitance of 0.029.
Type 'man IMPCCOPT-1041' for more detail.
    Clock tree balancer configuration for clock_tree clk:
    Non-default CCOpt properties:
      cell_density: 1 (default: 0.75)
      route_type (leaf): rule_leaf (default: default)
      route_type (trunk): rule_trunk (default: default)
      route_type (top): rule_top (default: default)
      use_inverters: false (default: auto)
    For power domain auto-default:
      Buffers:     BUFFD24BWP BUFFD20BWP BUFFD16BWP BUFFD12BWP BUFFD8BWP BUFFD6BWP BUFFD4BWP BUFFD3BWP BUFFD2BWP BUFFD1BWP BUFFD0BWP 
      Inverters:   
      Clock gates: CKLNQD16BWP CKLNQD12BWP CKLNQD8BWP CKLNQD6BWP CKLNQD4BWP CKLNQD3BWP CKLNQD2BWP CKLNQD1BWP 
      Unblocked area available for placement of any clock cells in power_domain auto-default: 1118.729um^2
    Top Routing info:
      Route-type name: rule_top; Top/bottom preferred layer name: M4/M3; 
      Unshielded; Mask Constraint: 0; Source: route_type.
    Trunk Routing info:
      Route-type name: rule_trunk; Top/bottom preferred layer name: M4/M3; 
      Unshielded; Mask Constraint: 0; Source: route_type.
    Leaf Routing info:
      Route-type name: rule_leaf; Top/bottom preferred layer name: M4/M3; 
      Unshielded; Mask Constraint: 0; Source: route_type.
    For timing_corner slow_delay:setup, late and power domain auto-default:
      Slew time target (leaf):    0.400ns
      Slew time target (trunk):   0.400ns
      Slew time target (top):     0.400ns (Note: no nets are considered top nets in this clock tree)
      Buffer unit delay: 0.154ns
      Buffer max distance: 620.211um
    Fastest wire driving cells and distances:
      Buffer    : {lib_cell:BUFFD20BWP, fastest_considered_half_corner=slow_delay:setup.late, optimalDrivingDistance=399.262um, saturatedSlew=0.174ns, speed=1873.592um per ns, cellArea=15.464um^2 per 1000um}
      Clock gate: {lib_cell:CKLNQD16BWP, fastest_considered_half_corner=slow_delay:setup.late, optimalDrivingDistance=607.759um, saturatedSlew=0.365ns, speed=1295.033um per ns, cellArea=13.061um^2 per 1000um}
    For timing_corner fast_delay:setup, late and power domain auto-default:
      Slew time target (leaf):    0.400ns
      Slew time target (trunk):   0.400ns
      Slew time target (top):     0.400ns (Note: no nets are considered top nets in this clock tree)
      Buffer unit delay: 0.060ns
      Buffer max distance: 620.211um
    Fastest wire driving cells and distances:
      Buffer    : {lib_cell:BUFFD20BWP, fastest_considered_half_corner=slow_delay:setup.late, optimalDrivingDistance=399.262um, saturatedSlew=0.174ns, speed=1873.592um per ns, cellArea=15.464um^2 per 1000um}
      Clock gate: {lib_cell:CKLNQD16BWP, fastest_considered_half_corner=slow_delay:setup.late, optimalDrivingDistance=607.759um, saturatedSlew=0.365ns, speed=1295.033um per ns, cellArea=13.061um^2 per 1000um}
    
    
    Logic Sizing Table:
    
    ----------------------------------------------------------
    Cell    Instance count    Source    Eligible library cells
    ----------------------------------------------------------
      (empty table)
    ----------------------------------------------------------
    
    
    Clock tree balancer configuration for skew_group clk/cons_mode:
      Sources:                     pin clk
      Total number of sinks:       76
      Delay constrained sinks:     76
      Non-leaf sinks:              0
      Ignore pins:                 0
     Timing corner fast_delay:setup.late:
      Skew target:                 0.100ns
     Timing corner slow_delay:setup.late:
      Skew target:                 0.154ns
    Primary reporting skew groups are:
    skew_group clk/cons_mode with 76 clock sinks
    
    Via Selection for Estimated Routes (rule default):
    
    -----------------------------------------------------------------
    Layer    Via Cell        Res.      Cap.     RC       Top of Stack
    Range                    (Ohm)     (fF)     (fs)     Only
    -----------------------------------------------------------------
    M1-M2    VIA12_1cut      23.658    0.012    0.273    false
    M2-M3    VIA23_1cut      23.658    0.012    0.285    false
    M3-M4    VIA34_1cut      23.658    0.012    0.284    false
    M4-M5    VIA45_1cut      23.658    0.012    0.286    false
    M5-M6    VIA56_1cut      23.658    0.012    0.284    false
    M6-M7    VIA67_1cut      23.658    0.011    0.258    false
    M7-M8    VIA78_1cut_H     0.490    0.077    0.038    false
    M8-M9    VIA89_1cut       0.490    0.055    0.027    false
    M9-AP    VIA9AP_1cutA     0.094    1.194    0.112    false
    -----------------------------------------------------------------
    
    Have 48 CPUs available for CTS. Selected algorithms will run multithreaded.
    No ideal or dont_touch nets found in the clock tree
    No dont_touch hnets found in the clock tree
    Validating CTS configuration done. (took cpu=0:00:02.6 real=0:00:02.6)
    CCOpt configuration status: all checks passed.
  Reconstructing clock tree datastructures done.
Initializing clock structures done.
PRO...
  PRO active optimizations:
   - DRV fixing with cell sizing
  
  Detected clock skew data from CTS
  Clock tree timing engine global stage delay update for slow_delay:setup.late...
  Clock tree timing engine global stage delay update for slow_delay:setup.late done. (took cpu=0:00:00.0 real=0:00:00.0)
  Clock tree timing engine global stage delay update for fast_delay:setup.late...
  Clock tree timing engine global stage delay update for fast_delay:setup.late done. (took cpu=0:00:00.0 real=0:00:00.0)
  Clock DAG stats PRO initial state:
    cell counts      : b=1, i=0, icg=0, nicg=0, l=0, total=1
    cell areas       : b=6.174um^2, i=0.000um^2, icg=0.000um^2, nicg=0.000um^2, l=0.000um^2, total=6.174um^2
    cell capacitance : b=0.003pF, i=0.000pF, icg=0.000pF, nicg=0.000pF, l=0.000pF, total=0.003pF
    sink capacitance : count=76, total=0.033pF, avg=0.000pF, sd=0.000pF, min=0.000pF, max=0.000pF
    wire capacitance : top=0.000pF, trunk=0.018pF, leaf=0.053pF, total=0.070pF
    wire lengths     : top=0.000um, trunk=154.980um, leaf=350.980um, total=505.960um
    hp wire lengths  : top=0.000um, trunk=0.000um, leaf=283.500um, total=283.500um
  Clock DAG net violations PRO initial state: none
  Clock DAG primary half-corner transition distribution PRO initial state:
    Trunk : target=0.400ns count=1 avg=0.200ns sd=0.000ns min=0.200ns max=0.200ns {1 <= 0.240ns, 0 <= 0.320ns, 0 <= 0.360ns, 0 <= 0.380ns, 0 <= 0.400ns}
    Leaf  : target=0.400ns count=1 avg=0.109ns sd=0.000ns min=0.109ns max=0.109ns {1 <= 0.240ns, 0 <= 0.320ns, 0 <= 0.360ns, 0 <= 0.380ns, 0 <= 0.400ns}
  Clock DAG library cell distribution PRO initial state {count}:
     Bufs: BUFFD20BWP: 1 
  Primary reporting skew groups PRO initial state:
    skew_group default.clk/cons_mode: unconstrained
  Skew group summary PRO initial state:
    skew_group clk/cons_mode:
      Half-corner fast_delay:setup.late: insertion delay [min=0.078, max=0.084, avg=0.082, sd=0.002], skew [0.006 vs 0.100], 100% {0.078, 0.084} (wid=0.011 ws=0.006) (gid=0.072 gs=0.000)
      Half-corner slow_delay:setup.late: insertion delay [min=0.172, max=0.184, avg=0.179, sd=0.004], skew [0.011 vs 0.154], 100% {0.172, 0.184} (wid=0.026 ws=0.011) (gid=0.158 gs=0.000)
  Recomputing CTS skew targets...
  Resolving skew group constraints...
    Solving LP: 1 skew groups; 2 fragments, 2 fraglets and 3 vertices; 25 variables and 66 constraints; tolerance 1
  Resolving skew group constraints done.
  Recomputing CTS skew targets done. (took cpu=0:00:00.0 real=0:00:00.0)
  Fixing DRVs...
  Fixing clock tree DRVs: ...20% ...40% ...60% ...80% ...100% 
  CCOpt-PRO: considered: 2, tested: 2, violation detected: 0, violation ignored (due to small violation): 0, cannot run: 0, attempted: 0, unsuccessful: 0, sized: 0
  
  PRO Statistics: Fix DRVs (cell sizing):
  =======================================
  
  Cell changes by Net Type:
  
  -------------------------------------------------------------------------------------------------
  Net Type    Attempted    Upsized     Downsized    Swapped Same Size    Total Changed    Not Sized
  -------------------------------------------------------------------------------------------------
  top                0            0           0            0                    0                0
  trunk              0            0           0            0                    0                0
  leaf               0            0           0            0                    0                0
  -------------------------------------------------------------------------------------------------
  Total              0            0           0            0                    0                0
  -------------------------------------------------------------------------------------------------
  
  Upsized: 0, Downsized: 0, Sized but same area: 0, Unchanged: 0, Area change: 0.000um^2 (0.000%)
  Max. move: 0.000um, Min. move: 0.000um, Avg. move: N/A
  
  Clock DAG stats PRO after DRV fixing:
    cell counts      : b=1, i=0, icg=0, nicg=0, l=0, total=1
    cell areas       : b=6.174um^2, i=0.000um^2, icg=0.000um^2, nicg=0.000um^2, l=0.000um^2, total=6.174um^2
    cell capacitance : b=0.003pF, i=0.000pF, icg=0.000pF, nicg=0.000pF, l=0.000pF, total=0.003pF
    sink capacitance : count=76, total=0.033pF, avg=0.000pF, sd=0.000pF, min=0.000pF, max=0.000pF
    wire capacitance : top=0.000pF, trunk=0.018pF, leaf=0.053pF, total=0.070pF
    wire lengths     : top=0.000um, trunk=154.980um, leaf=350.980um, total=505.960um
    hp wire lengths  : top=0.000um, trunk=0.000um, leaf=283.500um, total=283.500um
  Clock DAG net violations PRO after DRV fixing: none
  Clock DAG primary half-corner transition distribution PRO after DRV fixing:
    Trunk : target=0.400ns count=1 avg=0.200ns sd=0.000ns min=0.200ns max=0.200ns {1 <= 0.240ns, 0 <= 0.320ns, 0 <= 0.360ns, 0 <= 0.380ns, 0 <= 0.400ns}
    Leaf  : target=0.400ns count=1 avg=0.109ns sd=0.000ns min=0.109ns max=0.109ns {1 <= 0.240ns, 0 <= 0.320ns, 0 <= 0.360ns, 0 <= 0.380ns, 0 <= 0.400ns}
  Clock DAG library cell distribution PRO after DRV fixing {count}:
     Bufs: BUFFD20BWP: 1 
  Primary reporting skew groups PRO after DRV fixing:
    skew_group default.clk/cons_mode: unconstrained
  Skew group summary PRO after DRV fixing:
    skew_group clk/cons_mode:
      Half-corner fast_delay:setup.late: insertion delay [min=0.078, max=0.084, avg=0.082, sd=0.002], skew [0.006 vs 0.100], 100% {0.078, 0.084} (wid=0.011 ws=0.006) (gid=0.072 gs=0.000)
      Half-corner slow_delay:setup.late: insertion delay [min=0.172, max=0.184, avg=0.179, sd=0.004], skew [0.011 vs 0.154], 100% {0.172, 0.184} (wid=0.026 ws=0.011) (gid=0.158 gs=0.000)
  Fixing DRVs done. (took cpu=0:00:00.0 real=0:00:00.0)
  Reconnecting optimized routes...
  Reconnecting optimized routes done. (took cpu=0:00:00.0 real=0:00:00.0)
  Set dirty flag on 0 insts, 0 nets
  Clock tree timing engine global stage delay update for slow_delay:setup.late...
  Clock tree timing engine global stage delay update for slow_delay:setup.late done. (took cpu=0:00:00.0 real=0:00:00.0)
  Clock tree timing engine global stage delay update for fast_delay:setup.late...
  Clock tree timing engine global stage delay update for fast_delay:setup.late done. (took cpu=0:00:00.0 real=0:00:00.0)
  Clock DAG stats PRO final:
    cell counts      : b=1, i=0, icg=0, nicg=0, l=0, total=1
    cell areas       : b=6.174um^2, i=0.000um^2, icg=0.000um^2, nicg=0.000um^2, l=0.000um^2, total=6.174um^2
    cell capacitance : b=0.003pF, i=0.000pF, icg=0.000pF, nicg=0.000pF, l=0.000pF, total=0.003pF
    sink capacitance : count=76, total=0.033pF, avg=0.000pF, sd=0.000pF, min=0.000pF, max=0.000pF
    wire capacitance : top=0.000pF, trunk=0.018pF, leaf=0.053pF, total=0.070pF
    wire lengths     : top=0.000um, trunk=154.980um, leaf=350.980um, total=505.960um
    hp wire lengths  : top=0.000um, trunk=0.000um, leaf=283.500um, total=283.500um
  Clock DAG net violations PRO final: none
  Clock DAG primary half-corner transition distribution PRO final:
    Trunk : target=0.400ns count=1 avg=0.200ns sd=0.000ns min=0.200ns max=0.200ns {1 <= 0.240ns, 0 <= 0.320ns, 0 <= 0.360ns, 0 <= 0.380ns, 0 <= 0.400ns}
    Leaf  : target=0.400ns count=1 avg=0.109ns sd=0.000ns min=0.109ns max=0.109ns {1 <= 0.240ns, 0 <= 0.320ns, 0 <= 0.360ns, 0 <= 0.380ns, 0 <= 0.400ns}
  Clock DAG library cell distribution PRO final {count}:
     Bufs: BUFFD20BWP: 1 
  Primary reporting skew groups PRO final:
    skew_group default.clk/cons_mode: unconstrained
  Skew group summary PRO final:
    skew_group clk/cons_mode:
      Half-corner fast_delay:setup.late: insertion delay [min=0.078, max=0.084, avg=0.082, sd=0.002], skew [0.006 vs 0.100], 100% {0.078, 0.084} (wid=0.011 ws=0.006) (gid=0.072 gs=0.000)
      Half-corner slow_delay:setup.late: insertion delay [min=0.172, max=0.184, avg=0.179, sd=0.004], skew [0.011 vs 0.154], 100% {0.172, 0.184} (wid=0.026 ws=0.011) (gid=0.158 gs=0.000)
PRO done.
Restoring CTS place status for unmodified clock tree cells and sinks.
Net route status summary:
  Clock:         2 (unrouted=0, trialRouted=0, noStatus=0, routed=0, fixed=2, [crossesIlmBoundary=0, tooFewTerms=0, (crossesIlmBoundary AND tooFewTerms=0)])
  Non-clock:   355 (unrouted=2, trialRouted=0, noStatus=0, routed=353, fixed=0, [crossesIlmBoundary=0, tooFewTerms=2, (crossesIlmBoundary AND tooFewTerms=0)])
Updating delays...
Updating delays done.
PRO done. (took cpu=0:00:02.9 real=0:00:02.9)
**INFO: Start fixing DRV (Mem = 5374.95M) ...
Begin: GigaOpt DRV Optimization
Glitch fixing enabled
Info: 2 nets with fixed/cover wires excluded.
Info: 2 clock nets excluded from IPO operation.
*** DrvOpt [begin] : cpu/real = 0:00:00.0/0:00:00.0 (0.0), totSession cpu/real = 0:19:35.6/0:04:50.0 (4.1), mem = 5374.9M
DRV pessimism of 5.00% is used for tran, 5.00% for cap, 5.00% for fanout, on top of margin 0.00%
**INFO: Disabling fanout fix in postRoute stage.
+---------------------------------------------------------------------------------------------------------------------------------------------------------------------+
|        max-tran       |        max-cap        |  max-fanout |  max-length |    glitch   |       setup       |        |        |        |       |          |         |
+---------------------------------------------------------------------------------------------------------------------------------------------------------------------+
| nets | terms|  wViol  | nets | terms|  wViol  | nets | terms| nets | terms| nets | terms|   WNS   |   TNS   |  #Buf  |  #Inv  | #Resize|Density|   Real   |   Mem   |
+---------------------------------------------------------------------------------------------------------------------------------------------------------------------+
|     0|     0|     0.00|     0|     0|     0.00|     0|     0|     0|     0|     0|     0|     3.14|     0.00|       0|       0|       0|  55.12|          |         |
|     0|     0|     0.00|     0|     0|     0.00|     0|     0|     0|     0|     0|     0|     3.14|     0.00|       0|       0|       0|  55.12| 0:00:00.0|  6648.4M|
+---------------------------------------------------------------------------------------------------------------------------------------------------------------------+

*** Finish DRV Fixing (cpu=0:00:00.1 real=0:00:01.0 mem=6648.4M) ***

*** DrvOpt [finish] : cpu/real = 0:00:04.1/0:00:03.9 (1.1), totSession cpu/real = 0:19:39.7/0:04:53.8 (4.0), mem = 5445.3M
drv optimizer changes nothing and skips refinePlace
End: GigaOpt DRV Optimization
**optDesign ... cpu = 0:00:11, real = 0:00:10, mem = 4265.7M, totSessionCpu=0:19:40 **
*info:
**INFO: Completed fixing DRV (CPU Time = 0:00:04, Mem = 5428.26M).

------------------------------------------------------------
     SI Timing Summary (cpu=0.07min real=0.07min mem=5428.3M)                             
------------------------------------------------------------

Setup views included:
 fast_analysis typ_analysis slow_analysis 

+--------------------+---------+---------+---------+
|     Setup mode     |   all   | reg2reg | default |
+--------------------+---------+---------+---------+
|           WNS (ns):|  3.143  |  6.031  |  3.143  |
|           TNS (ns):|  0.000  |  0.000  |  0.000  |
|    Violating Paths:|    0    |    0    |    0    |
|          All Paths:|   105   |   72    |   37    |
+--------------------+---------+---------+---------+

+----------------+-------------------------------+------------------+
|                |              Real             |       Total      |
|    DRVs        +------------------+------------+------------------|
|                |  Nr nets(terms)  | Worst Vio  |  Nr nets(terms)  |
+----------------+------------------+------------+------------------+
|   max_cap      |      0 (0)       |   0.000    |      0 (0)       |
|   max_tran     |      0 (0)       |   0.000    |      0 (0)       |
|   max_fanout   |      0 (0)       |     0      |      0 (0)       |
|   max_length   |      0 (0)       |     0      |      0 (0)       |
+----------------+------------------+------------+------------------+

Density: 55.123%
Total number of glitch violations: 0
------------------------------------------------------------
**optDesign ... cpu = 0:00:11, real = 0:00:10, mem = 4264.6M, totSessionCpu=0:19:40 **
Running postRoute recovery in preEcoRoute mode
**optDesign ... cpu = 0:00:11, real = 0:00:10, mem = 4264.1M, totSessionCpu=0:19:40 **
Checking DRV degradation...
**INFO: Skipping DRV recovery as drv did not degrade beyond margin
Finish postRoute recovery in preEcoRoute mode (cpu=0:00:00, real=0:00:00, mem=5419.15M, totSessionCpu=0:19:40).
**optDesign ... cpu = 0:00:11, real = 0:00:10, mem = 4264.0M, totSessionCpu=0:19:40 **

Skipping post route harden opt

------------------------------------------------------------
        Pre-ecoRoute Summary                             
------------------------------------------------------------

Setup views included:
 fast_analysis typ_analysis slow_analysis 

+--------------------+---------+---------+---------+
|     Setup mode     |   all   | reg2reg | default |
+--------------------+---------+---------+---------+
|           WNS (ns):|  3.143  |  6.031  |  3.143  |
|           TNS (ns):|  0.000  |  0.000  |  0.000  |
|    Violating Paths:|    0    |    0    |    0    |
|          All Paths:|   105   |   72    |   37    |
+--------------------+---------+---------+---------+

+----------------+-------------------------------+------------------+
|                |              Real             |       Total      |
|    DRVs        +------------------+------------+------------------|
|                |  Nr nets(terms)  | Worst Vio  |  Nr nets(terms)  |
+----------------+------------------+------------+------------------+
|   max_cap      |      0 (0)       |   0.000    |      0 (0)       |
|   max_tran     |      0 (0)       |   0.000    |      0 (0)       |
|   max_fanout   |      0 (0)       |     0      |      0 (0)       |
|   max_length   |      0 (0)       |     0      |      0 (0)       |
+----------------+------------------+------------+------------------+

Density: 55.123%
Total number of glitch violations: 0
------------------------------------------------------------
**optDesign ... cpu = 0:00:12, real = 0:00:10, mem = 4262.8M, totSessionCpu=0:19:40 **
Running refinePlace -preserveRouting true -hardFence false
*** Starting refinePlace (0:19:41 mem=5418.6M) ***
Move report: Detail placement moves 0 insts, mean move: 0.00 um, max move: 0.00 um
	Runtime: CPU: 0:00:00.1 REAL: 0:00:00.0 MEM: 5426.6MB
Summary Report:
Instances move: 0 (out of 317 movable)
Instances flipped: 0
Mean displacement: 0.00 um
Max displacement: 0.00 um 
Runtime: CPU: 0:00:00.1 REAL: 0:00:00.0 MEM: 5426.6MB
*** Finished refinePlace (0:19:41 mem=5426.6M) ***
-routeWithEco false                       # bool, default=false
-routeWithEco true                        # bool, default=false, user setting
-routeSelectedNetOnly false               # bool, default=false
-routeWithTimingDriven false              # bool, default=false, user setting
-routeWithSiDriven false                  # bool, default=false
Existing Dirty Nets : 0
New Signature Flow (saveAndSetNanoRouteOptions) ....
Reset Dirty Nets : 0

globalDetailRoute

#setNanoRouteMode -drouteFixAntenna true
#setNanoRouteMode -drouteOnGridOnly "none"
#setNanoRouteMode -droutePostRouteSpreadWire "auto"
#setNanoRouteMode -droutePostRouteSwapVia "none"
#setNanoRouteMode -drouteUseMultiCutViaEffort "medium"
#setNanoRouteMode -routeBottomRoutingLayer 2
#setNanoRouteMode -routeConcurrentMinimizeViaCountEffort "low"
#setNanoRouteMode -routeReserveSpaceForMultiCut false
#setNanoRouteMode -routeTopRoutingLayer 4
#setNanoRouteMode -routeWithEco true
#setNanoRouteMode -routeWithTimingDriven false
#setNanoRouteMode -routeWithViaInPin "true"
#setNanoRouteMode -routeWithViaOnlyForStandardCellPin "true"
#Start globalDetailRoute on Tue Apr 28 16:53:45 2026
#
#num needed restored net=0
#need_extraction net=0 (total=357)
#Processed 0 dirty instances, 0 dirty terms, 0 dirty fterms, 0 dirty pgterms, 0 misc dirty regions, 0 same cell-size swaps
#(0 insts marked dirty, reset pre-exisiting dirty flag on 0 insts, 0 nets marked need extraction)
#NanoRoute Version 19.12-s087_1 NR191024-1807/19_12-UB
#Skip comparing routing design signature in db-snapshot flow
#Using multithreading with 48 threads.
#Start routing data preparation on Tue Apr 28 16:53:45 2026
#
#Minimum voltage of a net in the design = 0.000.
#Maximum voltage of a net in the design = 1.210.
#Voltage range [0.000 - 1.210] has 355 nets.
#Voltage range [0.990 - 1.210] has 1 net.
#Voltage range [0.000 - 0.000] has 1 net.
# M1           V   Track-Pitch = 0.14000    Line-2-Via Pitch = 0.14000
# M2           H   Track-Pitch = 0.14000    Line-2-Via Pitch = 0.14000
# M3           V   Track-Pitch = 0.14000    Line-2-Via Pitch = 0.14000
# M4           H   Track-Pitch = 0.14000    Line-2-Via Pitch = 0.14000
# M5           V   Track-Pitch = 0.14000    Line-2-Via Pitch = 0.14000
# M6           H   Track-Pitch = 0.14000    Line-2-Via Pitch = 0.14000
# M7           V   Track-Pitch = 0.14000    Line-2-Via Pitch = 0.14000
# M8           H   Track-Pitch = 0.84000    Line-2-Via Pitch = 0.80000
# M9           V   Track-Pitch = 0.84000    Line-2-Via Pitch = 0.80000
# AP           H   Track-Pitch = 5.00000    Line-2-Via Pitch = 5.00000
#Regenerating Ggrids automatically.
#Auto generating G-grids with size=20 tracks, using layer M2's pitch = 0.14000.
#Using automatically generated G-grids.
#Done routing data preparation.
#cpu time = 00:00:00, elapsed time = 00:00:00, memory = 4293.71 (MB), peak = 4346.73 (MB)
#Merging special wires: starts on Tue Apr 28 16:53:46 2026 with memory = 4293.86 (MB), peak = 4346.73 (MB)
#
#Merging special wires: cpu:00:00:00, real:00:00:00, mem:4.2 GB, peak:4.2 GB --1.55 [48]--
#Found 0 nets for post-route si or timing fixing.
#
#Finished routing data preparation on Tue Apr 28 16:53:46 2026
#
#Cpu time = 00:00:00
#Elapsed time = 00:00:00
#Increased memory = 8.61 (MB)
#Total memory = 4293.89 (MB)
#Peak memory = 4346.73 (MB)
#
#
#Start global routing on Tue Apr 28 16:53:46 2026
#
#
#Start global routing initialization on Tue Apr 28 16:53:46 2026
#
#WARNING (NRGR-22) Design is already detail routed.
#Routing data preparation, pin analysis, global routing and track assignment statistics:
#Cpu time = 00:00:00
#Elapsed time = 00:00:00
#Increased memory = 8.61 (MB)
#Total memory = 4293.89 (MB)
#Peak memory = 4346.73 (MB)
#Using multithreading with 48 threads.
#
#Start Detail Routing..
#start initial detail routing ...
#   number of violations = 0
#cpu time = 00:00:00, elapsed time = 00:00:00, memory = 4295.94 (MB), peak = 4346.73 (MB)
#Complete Detail Routing.
#Total wire length = 8898 um.
#Total half perimeter of net bounding box = 8688 um.
#Total wire length on LAYER M1 = 0 um.
#Total wire length on LAYER M2 = 4893 um.
#Total wire length on LAYER M3 = 850 um.
#Total wire length on LAYER M4 = 3154 um.
#Total wire length on LAYER M5 = 0 um.
#Total wire length on LAYER M6 = 0 um.
#Total wire length on LAYER M7 = 0 um.
#Total wire length on LAYER M8 = 0 um.
#Total wire length on LAYER M9 = 0 um.
#Total wire length on LAYER AP = 0 um.
#Total number of vias = 2627
#Total number of multi-cut vias = 1164 ( 44.3%)
#Total number of single cut vias = 1463 ( 55.7%)
#Up-Via Summary (total 2627):
#                   single-cut          multi-cut      Total
#-----------------------------------------------------------
# M1               715 ( 68.5%)       329 ( 31.5%)       1044
# M2               538 ( 46.9%)       608 ( 53.1%)       1146
# M3               210 ( 48.1%)       227 ( 51.9%)        437
#-----------------------------------------------------------
#                 1463 ( 55.7%)      1164 ( 44.3%)       2627 
#
#Total number of DRC violations = 0
#Cpu time = 00:00:02
#Elapsed time = 00:00:02
#Increased memory = 1.09 (MB)
#Total memory = 4294.98 (MB)
#Peak memory = 4346.73 (MB)
#
#start routing for process antenna violation fix ...
#cpu time = 00:00:02, elapsed time = 00:00:02, memory = 4297.50 (MB), peak = 4346.73 (MB)
#
#Total wire length = 8898 um.
#Total half perimeter of net bounding box = 8688 um.
#Total wire length on LAYER M1 = 0 um.
#Total wire length on LAYER M2 = 4893 um.
#Total wire length on LAYER M3 = 850 um.
#Total wire length on LAYER M4 = 3154 um.
#Total wire length on LAYER M5 = 0 um.
#Total wire length on LAYER M6 = 0 um.
#Total wire length on LAYER M7 = 0 um.
#Total wire length on LAYER M8 = 0 um.
#Total wire length on LAYER M9 = 0 um.
#Total wire length on LAYER AP = 0 um.
#Total number of vias = 2627
#Total number of multi-cut vias = 1164 ( 44.3%)
#Total number of single cut vias = 1463 ( 55.7%)
#Up-Via Summary (total 2627):
#                   single-cut          multi-cut      Total
#-----------------------------------------------------------
# M1               715 ( 68.5%)       329 ( 31.5%)       1044
# M2               538 ( 46.9%)       608 ( 53.1%)       1146
# M3               210 ( 48.1%)       227 ( 51.9%)        437
#-----------------------------------------------------------
#                 1463 ( 55.7%)      1164 ( 44.3%)       2627 
#
#Total number of DRC violations = 0
#Total number of net violated process antenna rule = 0
#
#
#Total wire length = 8898 um.
#Total half perimeter of net bounding box = 8688 um.
#Total wire length on LAYER M1 = 0 um.
#Total wire length on LAYER M2 = 4893 um.
#Total wire length on LAYER M3 = 850 um.
#Total wire length on LAYER M4 = 3154 um.
#Total wire length on LAYER M5 = 0 um.
#Total wire length on LAYER M6 = 0 um.
#Total wire length on LAYER M7 = 0 um.
#Total wire length on LAYER M8 = 0 um.
#Total wire length on LAYER M9 = 0 um.
#Total wire length on LAYER AP = 0 um.
#Total number of vias = 2627
#Total number of multi-cut vias = 1164 ( 44.3%)
#Total number of single cut vias = 1463 ( 55.7%)
#Up-Via Summary (total 2627):
#                   single-cut          multi-cut      Total
#-----------------------------------------------------------
# M1               715 ( 68.5%)       329 ( 31.5%)       1044
# M2               538 ( 46.9%)       608 ( 53.1%)       1146
# M3               210 ( 48.1%)       227 ( 51.9%)        437
#-----------------------------------------------------------
#                 1463 ( 55.7%)      1164 ( 44.3%)       2627 
#
#Total number of DRC violations = 0
#Total number of net violated process antenna rule = 0
#
#detailRoute Statistics:
#Cpu time = 00:00:05
#Elapsed time = 00:00:04
#Increased memory = 26.49 (MB)
#Total memory = 4320.38 (MB)
#Peak memory = 4346.73 (MB)
#Skip updating routing design signature in db-snapshot flow
#
#globalDetailRoute statistics:
#Cpu time = 00:00:05
#Elapsed time = 00:00:05
#Increased memory = 25.61 (MB)
#Total memory = 4288.96 (MB)
#Peak memory = 4346.73 (MB)
#Number of warnings = 1
#Total number of warnings = 23
#Number of fails = 0
#Total number of fails = 0
#Complete globalDetailRoute on Tue Apr 28 16:53:50 2026
#
**optDesign ... cpu = 0:00:17, real = 0:00:15, mem = 4267.1M, totSessionCpu=0:19:46 **
-routeWithEco false                       # bool, default=false
-routeSelectedNetOnly false               # bool, default=false
-routeWithTimingDriven false              # bool, default=false, user setting
-routeWithSiDriven false                  # bool, default=false
New Signature Flow (restoreNanoRouteOptions) ....
#num needed restored net=0
#need_extraction net=0 (total=357)
#Start routing data preparation on Tue Apr 28 16:53:50 2026
#
#Minimum voltage of a net in the design = 0.000.
#Maximum voltage of a net in the design = 1.210.
#Voltage range [0.000 - 1.210] has 355 nets.
#Voltage range [0.990 - 1.210] has 1 net.
#Voltage range [0.000 - 0.000] has 1 net.
# M1           V   Track-Pitch = 0.14000    Line-2-Via Pitch = 0.14000
# M2           H   Track-Pitch = 0.14000    Line-2-Via Pitch = 0.14000
# M3           V   Track-Pitch = 0.14000    Line-2-Via Pitch = 0.14000
# M4           H   Track-Pitch = 0.14000    Line-2-Via Pitch = 0.14000
# M5           V   Track-Pitch = 0.14000    Line-2-Via Pitch = 0.14000
# M6           H   Track-Pitch = 0.14000    Line-2-Via Pitch = 0.14000
# M7           V   Track-Pitch = 0.14000    Line-2-Via Pitch = 0.14000
# M8           H   Track-Pitch = 0.84000    Line-2-Via Pitch = 0.80000
# M9           V   Track-Pitch = 0.84000    Line-2-Via Pitch = 0.80000
# AP           H   Track-Pitch = 5.00000    Line-2-Via Pitch = 5.00000
#Regenerating Ggrids automatically.
#Auto generating G-grids with size=20 tracks, using layer M2's pitch = 0.14000.
#Using automatically generated G-grids.
#Done routing data preparation.
#cpu time = 00:00:00, elapsed time = 00:00:00, memory = 4297.25 (MB), peak = 4346.73 (MB)
#Extract in post route mode
#
#Start tQuantus RC extraction...
#Start building rc corner(s)...
#Number of RC Corner = 3
#Corner slow_rc /home/jchen/tsmcN40_1p9m/2ndtry/pdk_install_finished/util/tn40clsp004v1_2_0b/T-N40-CL-SP-004-V1_v2.0b/RC_QRC_cln40lp_1p9m_6x2z_alrdl_5corners_2.0a1/RC_QRC_cln40lp_1p09m+alrdl_6x2z_rcworst/qrcTechFile 125.000000 (real) 
#Corner fast_rc /home/jchen/tsmcN40_1p9m/2ndtry/pdk_install_finished/util/tn40clsp004v1_2_0b/T-N40-CL-SP-004-V1_v2.0b/RC_QRC_cln40lp_1p9m_6x2z_alrdl_5corners_2.0a1/RC_QRC_cln40lp_1p09m+alrdl_6x2z_rcbest/qrcTechFile 0.000000 (real) 
#Corner typ_rc /home/jchen/tsmcN40_1p9m/2ndtry/pdk_install_finished/util/tn40clsp004v1_2_0b/T-N40-CL-SP-004-V1_v2.0b/RC_QRC_cln40lp_1p9m_6x2z_alrdl_5corners_2.0a1/RC_QRC_cln40lp_1p09m+alrdl_6x2z_typical/qrcTechFile 25.000000 (real) 
#metal1 -> M1 (1)
#metal2 -> M2 (2)
#metal3 -> M3 (3)
#metal4 -> M4 (4)
#metal5 -> M5 (5)
#metal6 -> M6 (6)
#metal7 -> M7 (7)
#metal8 -> M8 (8)
#metal9 -> M9 (9)
#metal10 -> AP (10)
#SADV_On
# Corner(s) : 
#slow_rc [125.00] 
#fast_rc [ 0.00] 
#typ_rc [25.00]
# Corner id: 0
# Layout Scale: 0.900000
# Has Metal Fill model: yes
# Temperature was set
# Temperature : 125.000000
# Ref. Temp   : 25.000000
# Corner id: 1
# Layout Scale: 0.900000
# Has Metal Fill model: yes
# Temperature was set
# Temperature : 0.000000
# Ref. Temp   : 25.000000
# Corner id: 2
# Layout Scale: 0.900000
# Has Metal Fill model: yes
# Temperature was set
# Temperature : 25.000000
# Ref. Temp   : 25.000000
#SADV_Off
#total pattern=220 [30, 1815]
#Reading previously stored rc_model file ( rc_model.bin ) ...
#found CAPMODEL /home/jchen/tsmcN40_1p9m/2ndtry/pdk_install_finished/util/tn40clsp004v1_2_0b/T-N40-CL-SP-004-V1_v2.0b/RC_QRC_cln40lp_1p9m_6x2z_alrdl_5corners_2.0a1/RC_QRC_cln40lp_1p09m+alrdl_6x2z_rcworst/qrcTechFile
#found CAPMODEL /home/jchen/tsmcN40_1p9m/2ndtry/pdk_install_finished/util/tn40clsp004v1_2_0b/T-N40-CL-SP-004-V1_v2.0b/RC_QRC_cln40lp_1p9m_6x2z_alrdl_5corners_2.0a1/RC_QRC_cln40lp_1p09m+alrdl_6x2z_rcbest/qrcTechFile
#found CAPMODEL /home/jchen/tsmcN40_1p9m/2ndtry/pdk_install_finished/util/tn40clsp004v1_2_0b/T-N40-CL-SP-004-V1_v2.0b/RC_QRC_cln40lp_1p9m_6x2z_alrdl_5corners_2.0a1/RC_QRC_cln40lp_1p09m+alrdl_6x2z_typical/qrcTechFile
#found RESMODEL /home/jchen/tsmcN40_1p9m/2ndtry/pdk_install_finished/util/tn40clsp004v1_2_0b/T-N40-CL-SP-004-V1_v2.0b/RC_QRC_cln40lp_1p9m_6x2z_alrdl_5corners_2.0a1/RC_QRC_cln40lp_1p09m+alrdl_6x2z_rcworst/qrcTechFile 125.000000 
#found RESMODEL /home/jchen/tsmcN40_1p9m/2ndtry/pdk_install_finished/util/tn40clsp004v1_2_0b/T-N40-CL-SP-004-V1_v2.0b/RC_QRC_cln40lp_1p9m_6x2z_alrdl_5corners_2.0a1/RC_QRC_cln40lp_1p09m+alrdl_6x2z_rcbest/qrcTechFile 0.000000 
#found RESMODEL /home/jchen/tsmcN40_1p9m/2ndtry/pdk_install_finished/util/tn40clsp004v1_2_0b/T-N40-CL-SP-004-V1_v2.0b/RC_QRC_cln40lp_1p9m_6x2z_alrdl_5corners_2.0a1/RC_QRC_cln40lp_1p09m+alrdl_6x2z_typical/qrcTechFile 25.000000 
#number model r/c [3,3] [30,1815] read
#0 rcmodel(s) requires rebuild
#Build RC corners: cpu time = 00:00:03, elapsed time = 00:00:05, memory = 4357.51 (MB), peak = 4357.51 (MB)
#Start building rc corner(s)...
#Number of RC Corner = 3
#Corner slow_rc /home/jchen/tsmcN40_1p9m/2ndtry/pdk_install_finished/util/tn40clsp004v1_2_0b/T-N40-CL-SP-004-V1_v2.0b/RC_QRC_cln40lp_1p9m_6x2z_alrdl_5corners_2.0a1/RC_QRC_cln40lp_1p09m+alrdl_6x2z_rcworst/qrcTechFile 125.000000 (real) 
#Corner fast_rc /home/jchen/tsmcN40_1p9m/2ndtry/pdk_install_finished/util/tn40clsp004v1_2_0b/T-N40-CL-SP-004-V1_v2.0b/RC_QRC_cln40lp_1p9m_6x2z_alrdl_5corners_2.0a1/RC_QRC_cln40lp_1p09m+alrdl_6x2z_rcbest/qrcTechFile 0.000000 (real) 
#Corner typ_rc /home/jchen/tsmcN40_1p9m/2ndtry/pdk_install_finished/util/tn40clsp004v1_2_0b/T-N40-CL-SP-004-V1_v2.0b/RC_QRC_cln40lp_1p9m_6x2z_alrdl_5corners_2.0a1/RC_QRC_cln40lp_1p09m+alrdl_6x2z_typical/qrcTechFile 25.000000 (real) 
#metal1 -> M1 (1)
#metal2 -> M2 (2)
#metal3 -> M3 (3)
#metal4 -> M4 (4)
#metal5 -> M5 (5)
#metal6 -> M6 (6)
#metal7 -> M7 (7)
#metal8 -> M8 (8)
#metal9 -> M9 (9)
#metal10 -> AP (10)
#SADV_On
# Corner(s) : 
#slow_rc [125.00] 
#fast_rc [ 0.00] 
#typ_rc [25.00]
# Corner id: 0
# Layout Scale: 0.900000
# Has Metal Fill model: yes
# Temperature was set
# Temperature : 125.000000
# Ref. Temp   : 25.000000
# Corner id: 1
# Layout Scale: 0.900000
# Has Metal Fill model: yes
# Temperature was set
# Temperature : 0.000000
# Ref. Temp   : 25.000000
# Corner id: 2
# Layout Scale: 0.900000
# Has Metal Fill model: yes
# Temperature was set
# Temperature : 25.000000
# Ref. Temp   : 25.000000
#SADV_Off
#total pattern=220 [30, 1815]
#Reading previously stored rc_model file ( rc_model.bin ) ...
#found CAPMODEL /home/jchen/tsmcN40_1p9m/2ndtry/pdk_install_finished/util/tn40clsp004v1_2_0b/T-N40-CL-SP-004-V1_v2.0b/RC_QRC_cln40lp_1p9m_6x2z_alrdl_5corners_2.0a1/RC_QRC_cln40lp_1p09m+alrdl_6x2z_rcworst/qrcTechFile
#found CAPMODEL /home/jchen/tsmcN40_1p9m/2ndtry/pdk_install_finished/util/tn40clsp004v1_2_0b/T-N40-CL-SP-004-V1_v2.0b/RC_QRC_cln40lp_1p9m_6x2z_alrdl_5corners_2.0a1/RC_QRC_cln40lp_1p09m+alrdl_6x2z_rcbest/qrcTechFile
#found CAPMODEL /home/jchen/tsmcN40_1p9m/2ndtry/pdk_install_finished/util/tn40clsp004v1_2_0b/T-N40-CL-SP-004-V1_v2.0b/RC_QRC_cln40lp_1p9m_6x2z_alrdl_5corners_2.0a1/RC_QRC_cln40lp_1p09m+alrdl_6x2z_typical/qrcTechFile
#found RESMODEL /home/jchen/tsmcN40_1p9m/2ndtry/pdk_install_finished/util/tn40clsp004v1_2_0b/T-N40-CL-SP-004-V1_v2.0b/RC_QRC_cln40lp_1p9m_6x2z_alrdl_5corners_2.0a1/RC_QRC_cln40lp_1p09m+alrdl_6x2z_rcworst/qrcTechFile 125.000000 
#found RESMODEL /home/jchen/tsmcN40_1p9m/2ndtry/pdk_install_finished/util/tn40clsp004v1_2_0b/T-N40-CL-SP-004-V1_v2.0b/RC_QRC_cln40lp_1p9m_6x2z_alrdl_5corners_2.0a1/RC_QRC_cln40lp_1p09m+alrdl_6x2z_rcbest/qrcTechFile 0.000000 
#found RESMODEL /home/jchen/tsmcN40_1p9m/2ndtry/pdk_install_finished/util/tn40clsp004v1_2_0b/T-N40-CL-SP-004-V1_v2.0b/RC_QRC_cln40lp_1p9m_6x2z_alrdl_5corners_2.0a1/RC_QRC_cln40lp_1p09m+alrdl_6x2z_typical/qrcTechFile 25.000000 
#number model r/c [3,3] [30,1815] read
#0 rcmodel(s) requires rebuild
#Build RC corners: cpu time = 00:00:03, elapsed time = 00:00:05, memory = 4362.75 (MB), peak = 4362.87 (MB)
#Using multithreading with 48 threads.
#Length limit = 200 pitches
#opt mode = 2
#Start routing data preparation on Tue Apr 28 16:54:05 2026
#
#Minimum voltage of a net in the design = 0.000.
#Maximum voltage of a net in the design = 1.210.
#Voltage range [0.000 - 1.210] has 355 nets.
#Voltage range [0.990 - 1.210] has 1 net.
#Voltage range [0.000 - 0.000] has 1 net.
#Regenerating Ggrids automatically.
#Auto generating G-grids with size=20 tracks, using layer M2's pitch = 0.14000.
#Using automatically generated G-grids.
#Done routing data preparation.
#cpu time = 00:00:00, elapsed time = 00:00:00, memory = 4334.13 (MB), peak = 4369.57 (MB)
#Start routing data preparation on Tue Apr 28 16:54:05 2026
#
#Minimum voltage of a net in the design = 0.000.
#Maximum voltage of a net in the design = 1.210.
#Voltage range [0.000 - 1.210] has 355 nets.
#Voltage range [0.990 - 1.210] has 1 net.
#Voltage range [0.000 - 0.000] has 1 net.
#Regenerating Ggrids automatically.
#Auto generating G-grids with size=20 tracks, using layer M2's pitch = 0.14000.
#Using automatically generated G-grids.
#Done routing data preparation.
#cpu time = 00:00:00, elapsed time = 00:00:00, memory = 4334.17 (MB), peak = 4369.57 (MB)
#Init Design Signature = -598241126
#Start generate extraction boxes.
#
#Extract using 30 x 30 Hboxes
#6x2 initial hboxes
#Use area based hbox pruning.
#0/0 hboxes pruned.
#Complete generating extraction boxes.
#Extract 5 hboxes with 48 threads on machine with  Xeon 2.60GHz 35840KB Cache 56CPU...
#Process 0 special clock nets for rc extraction
#0 temporary NDR added
#Total 355 nets were built. 77 nodes added to break long wires. 0 net(s) have incomplete routes.
#Run Statistics for Extraction:
#   Cpu time = 00:00:01, elapsed time = 00:00:00 .
#   Increased memory =    14.88 (MB), total memory =  4351.11 (MB), peak memory =  4372.66 (MB)
#Simplify RC tree: cpu time = 00:00:00, elapsed time = 00:00:00, memory = 4336.89 (MB), peak = 4372.66 (MB)
#RC Statistics: 2169 Res, 1419 Ground Cap, 1175 XCap (Edge to Edge)
#RC V/H edge ratio: 0.76, Avg V/H Edge Length: 8508.39 (1495), Avg L-Edge Length: 7163.58 (547)
#Start writing rcdb into /home/yingna/temp/innovus_temp_33331_pdk5_yingna_oEJMWS/nr33331_J2mIBC.rcdb.d
#Finish writing rcdb with 2524 nodes, 2169 edges, and 2524 xcaps
#cpu time = 00:00:00, elapsed time = 00:00:00, memory = 4343.62 (MB), peak = 4377.07 (MB)
Restoring parasitic data from file '/home/yingna/temp/innovus_temp_33331_pdk5_yingna_oEJMWS/nr33331_J2mIBC.rcdb.d' ...
Reading RCDB with compressed RC data.
Reading RCDB with compressed RC data.
Begin read_parasitics... (cpu: 0:00:00.0 real: 0:00:00.0 mem: 5947.871M)
Following multi-corner parasitics specified:
	/home/yingna/temp/innovus_temp_33331_pdk5_yingna_oEJMWS/nr33331_J2mIBC.rcdb.d (rcdb)
Reading RCDB with compressed RC data.
		Cell global_ctrl has rcdb /home/yingna/temp/innovus_temp_33331_pdk5_yingna_oEJMWS/nr33331_J2mIBC.rcdb.d specified
Cell global_ctrl, hinst 
Reading RCDB with compressed RC data.
Done read_parasitics... (cpu: 0:00:00.5 real: 0:00:01.0 mem: 5843.871M)
#
#Restore RCDB.
#
#Complete tQuantus RC extraction.
#Cpu time = 00:00:14
#Elapsed time = 00:00:16
#Increased memory = 38.74 (MB)
#Total memory = 4336.07 (MB)
#Peak memory = 4377.07 (MB)
#
#77 inserted nodes are removed
#Final Design Signature = -598241126
**optDesign ... cpu = 0:00:32, real = 0:00:32, mem = 3700.2M, totSessionCpu=0:20:00 **
Starting delay calculation for Setup views
Starting SI iteration 1 using Infinite Timing Windows
Begin IPO call back ...
End IPO call back ...
#################################################################################
# Design Stage: PostRoute
# Design Name: global_ctrl
# Design Mode: 40nm
# Analysis Mode: MMMC OCV 
# Parasitics Mode: SPEF/RCDB
# Signoff Settings: SI On 
#################################################################################
Calculate early delays in OCV mode...
Calculate late delays in OCV mode...
Calculate early delays in OCV mode...
Calculate late delays in OCV mode...
Calculate early delays in OCV mode...
Calculate late delays in OCV mode...
Start delay calculation (fullDC) (48 T). (MEM=5446.98)
Initializing multi-corner resistance tables ...
Reading RCDB with compressed RC data.
AAE_INFO: 48 threads acquired from CTE.
Total number of fetched objects 355
AAE_INFO-618: Total number of nets in the design is 357,  100.0 percent of the nets selected for SI analysis
Total number of fetched objects 355
AAE_INFO-618: Total number of nets in the design is 357,  100.0 percent of the nets selected for SI analysis
Total number of fetched objects 355
AAE_INFO-618: Total number of nets in the design is 357,  100.0 percent of the nets selected for SI analysis
End delay calculation. (MEM=6453 CPU=0:00:02.9 REAL=0:00:01.0)
End delay calculation (fullDC). (MEM=6453 CPU=0:00:04.0 REAL=0:00:01.0)
Loading CTE timing window with TwFlowType 0...(CPU = 0:00:00.0, REAL = 0:00:00.0, MEM = 6421.0M)
Add other clocks and setupCteToAAEClockMapping during iter 1
Loading CTE timing window is completed (CPU = 0:00:00.0, REAL = 0:00:00.0, MEM = 6453.0M)
Starting SI iteration 2
Calculate early delays in OCV mode...
Calculate late delays in OCV mode...
Calculate early delays in OCV mode...
Calculate late delays in OCV mode...
Calculate early delays in OCV mode...
Calculate late delays in OCV mode...
Start delay calculation (fullDC) (48 T). (MEM=5557.4)
Glitch Analysis: View fast_analysis -- Total Number of Nets Skipped = 0. 
Glitch Analysis: View fast_analysis -- Total Number of Nets Analyzed = 0. 
Total number of fetched objects 355
AAE_INFO-618: Total number of nets in the design is 357,  1.7 percent of the nets selected for SI analysis
Glitch Analysis: View typ_analysis -- Total Number of Nets Skipped = 0. 
Glitch Analysis: View typ_analysis -- Total Number of Nets Analyzed = 0. 
Total number of fetched objects 355
AAE_INFO-618: Total number of nets in the design is 357,  1.7 percent of the nets selected for SI analysis
Glitch Analysis: View slow_analysis -- Total Number of Nets Skipped = 0. 
Glitch Analysis: View slow_analysis -- Total Number of Nets Analyzed = 355. 
Total number of fetched objects 355
AAE_INFO-618: Total number of nets in the design is 357,  1.7 percent of the nets selected for SI analysis
End delay calculation. (MEM=7346.05 CPU=0:00:00.5 REAL=0:00:00.0)
End delay calculation (fullDC). (MEM=7346.05 CPU=0:00:00.6 REAL=0:00:00.0)
*** Done Building Timing Graph (cpu=0:00:09.4 real=0:00:04.0 totSessionCpu=0:20:10 mem=5546.1M)

------------------------------------------------------------
       Post-ecoRoute Summary                             
------------------------------------------------------------

Setup views included:
 fast_analysis typ_analysis slow_analysis 

+--------------------+---------+---------+---------+
|     Setup mode     |   all   | reg2reg | default |
+--------------------+---------+---------+---------+
|           WNS (ns):|  3.143  |  6.031  |  3.143  |
|           TNS (ns):|  0.000  |  0.000  |  0.000  |
|    Violating Paths:|    0    |    0    |    0    |
|          All Paths:|   105   |   72    |   37    |
+--------------------+---------+---------+---------+

+----------------+-------------------------------+------------------+
|                |              Real             |       Total      |
|    DRVs        +------------------+------------+------------------|
|                |  Nr nets(terms)  | Worst Vio  |  Nr nets(terms)  |
+----------------+------------------+------------+------------------+
|   max_cap      |      0 (0)       |   0.000    |      0 (0)       |
|   max_tran     |      0 (0)       |   0.000    |      0 (0)       |
|   max_fanout   |      0 (0)       |     0      |      0 (0)       |
|   max_length   |      0 (0)       |     0      |      0 (0)       |
+----------------+------------------+------------+------------------+

Density: 55.123%
Total number of glitch violations: 0
------------------------------------------------------------
**optDesign ... cpu = 0:00:41, real = 0:00:36, mem = 4352.7M, totSessionCpu=0:20:10 **
**optDesign ... cpu = 0:00:41, real = 0:00:36, mem = 4352.7M, totSessionCpu=0:20:10 **
Executing marking Critical Nets1
Latch borrow mode reset to max_borrow
Reported timing to dir ./timingReports
**optDesign ... cpu = 0:00:42, real = 0:00:36, mem = 4351.8M, totSessionCpu=0:20:11 **

------------------------------------------------------------
     optDesign Final SI Timing Summary                             
------------------------------------------------------------

Setup views included:
 fast_analysis typ_analysis slow_analysis 

+--------------------+---------+---------+---------+
|     Setup mode     |   all   | reg2reg | default |
+--------------------+---------+---------+---------+
|           WNS (ns):|  3.143  |  6.031  |  3.143  |
|           TNS (ns):|  0.000  |  0.000  |  0.000  |
|    Violating Paths:|    0    |    0    |    0    |
|          All Paths:|   105   |   72    |   37    |
+--------------------+---------+---------+---------+

+----------------+-------------------------------+------------------+
|                |              Real             |       Total      |
|    DRVs        +------------------+------------+------------------|
|                |  Nr nets(terms)  | Worst Vio  |  Nr nets(terms)  |
+----------------+------------------+------------+------------------+
|   max_cap      |      0 (0)       |   0.000    |      0 (0)       |
|   max_tran     |      0 (0)       |   0.000    |      0 (0)       |
|   max_fanout   |      0 (0)       |     0      |      0 (0)       |
|   max_length   |      0 (0)       |     0      |      0 (0)       |
+----------------+------------------+------------+------------------+

Density: 55.123%
Total number of glitch violations: 0
------------------------------------------------------------
**optDesign ... cpu = 0:00:43, real = 0:00:39, mem = 4353.4M, totSessionCpu=0:20:11 **
 ReSet Options after AAE Based Opt flow 
*** Finished optDesign ***
Info: Destroy the CCOpt slew target map.
<CMD> optDesign -postRoute -hold
**optDesign ... cpu = 0:00:00, real = 0:00:00, mem = 4331.2M, totSessionCpu=0:20:11 **
**INFO: setDesignMode -flowEffort standard -> setting 'setOptMode -allEndPoints true' for the duration of this command.
Disable merging buffers from different footprints for postRoute code for non-MSV designs
GigaOpt running with 48 threads.
Need call spDPlaceInit before registerPrioInstLoc.
**optDesign ... cpu = 0:00:02, real = 0:00:01, mem = 4387.7M, totSessionCpu=0:20:13 **
Existing Dirty Nets : 0
New Signature Flow (optDesignCheckOptions) ....
#Taking db snapshot
#Taking db snapshot ... done
Begin checking placement ... (start mem=5554.9M, init mem=5554.9M)
*info: Placed = 342            (Fixed = 25)
*info: Unplaced = 0           
Placement Density:55.12%(607/1102)
Placement Density (including fixed std cells):55.80%(624/1119)
Finished checkPlace (total: cpu=0:00:00.1, real=0:00:00.0; vio checks: cpu=0:00:00.0, real=0:00:00.0; mem=5554.9M)
 Initial DC engine is -> aae
 
 AAE-Opt:: Current number of nets in RC Memory -> 100 K
 
 
 AAE-Opt:: New number of nets in RC Memory -> 100 K
 
Reset EOS DB
Ignoring AAE DB Resetting ...
 Set Options for AAE Based Opt flow 
*** optDesign -postRoute ***
DRC Margin: user margin 0.0; extra margin 0
Setup Target Slack: user slack 0
Hold Target Slack: user slack 0
Include MVT Delays for Hold Opt
** INFO : this run is activating 'postRoute' automaton
The design is extracted. Skipping TQuantus.
GigaOpt Hold Optimizer is used
Reading RCDB with compressed RC data.
Starting initialization (fixHold) cpu=0:00:00.0 real=0:00:00.0 totSessionCpu=0:20:15 mem=5554.9M ***
**INFO: Starting Blocking QThread with 48 CPU
   ____________________________________________________________________
__/ message from Blocking QThread
Multi-CPU acceleration using 48 CPU(s).
*** QThread HoldInit [begin] : cpu/real = 0:00:00.0/0:00:00.0 (0.0), mem = 0.9M
Multithreaded Timing Analysis is initialized with 48 threads

Starting delay calculation for Hold views
Starting SI iteration 1 using Infinite Timing Windows
Begin IPO call back ...
End IPO call back ...
#################################################################################
# Design Stage: PostRoute
# Design Name: global_ctrl
# Design Mode: 40nm
# Analysis Mode: MMMC OCV 
# Parasitics Mode: SPEF/RCDB
# Signoff Settings: SI On 
#################################################################################
Calculate late delays in OCV mode...
Calculate early delays in OCV mode...
Calculate late delays in OCV mode...
Calculate early delays in OCV mode...
Calculate late delays in OCV mode...
Calculate early delays in OCV mode...
Start delay calculation (fullDC) (48 T). (MEM=0)
Total number of fetched objects 355
AAE_INFO-618: Total number of nets in the design is 357,  100.0 percent of the nets selected for SI analysis
Total number of fetched objects 355
AAE_INFO-618: Total number of nets in the design is 357,  100.0 percent of the nets selected for SI analysis
Total number of fetched objects 355
AAE_INFO-618: Total number of nets in the design is 357,  100.0 percent of the nets selected for SI analysis
End delay calculation. (MEM=504.645 CPU=0:00:04.1 REAL=0:00:01.0)
End delay calculation (fullDC). (MEM=504.645 CPU=0:00:04.7 REAL=0:00:01.0)
Loading CTE timing window with TwFlowType 0...(CPU = 0:00:00.0, REAL = 0:00:00.0, MEM = 472.6M)
Add other clocks and setupCteToAAEClockMapping during iter 1
Loading CTE timing window is completed (CPU = 0:00:00.0, REAL = 0:00:00.0, MEM = 504.6M)

Executing IPO callback for view pruning ..

Optimization is working on the following views:
  Setup views:  slow_analysis typ_analysis fast_analysis
  Hold  views: fast_analysis slow_analysis 
Starting SI iteration 2
Calculate late delays in OCV mode...
Calculate early delays in OCV mode...
Calculate late delays in OCV mode...
Calculate early delays in OCV mode...
Start delay calculation (fullDC) (48 T). (MEM=0)
Glitch Analysis: View fast_analysis -- Total Number of Nets Skipped = 0. 
Glitch Analysis: View fast_analysis -- Total Number of Nets Analyzed = 0. 
Total number of fetched objects 355
AAE_INFO-618: Total number of nets in the design is 357,  38.9 percent of the nets selected for SI analysis
Glitch Analysis: View slow_analysis -- Total Number of Nets Skipped = 0. 
Glitch Analysis: View slow_analysis -- Total Number of Nets Analyzed = 355. 
Total number of fetched objects 355
AAE_INFO-618: Total number of nets in the design is 357,  0.8 percent of the nets selected for SI analysis
End delay calculation. (MEM=1476.7 CPU=0:00:00.8 REAL=0:00:00.0)
End delay calculation (fullDC). (MEM=1476.7 CPU=0:00:00.9 REAL=0:00:00.0)
*** Done Building Timing Graph (cpu=0:00:08.1 real=0:00:03.0 totSessionCpu=0:00:30.0 mem=0.0M)

Active hold views:
 fast_analysis
  Dominating endpoints: 102
  Dominating TNS: -0.000

 slow_analysis
  Dominating endpoints: 3
  Dominating TNS: -0.000

Done building cte hold timing graph (fixHold) cpu=0:00:19.1 real=0:00:04.0 totSessionCpu=0:00:30.2 mem=0.0M ***
Timing Data dump into file /home/yingna/temp/innovus_temp_33331_pdk5_yingna_oEJMWS/coe_eosdata_vUEXAY/fast_analysis.twf, for view: fast_analysis 
	 Dumping view 0 fast_analysis 
Timing Data dump into file /home/yingna/temp/innovus_temp_33331_pdk5_yingna_oEJMWS/coe_eosdata_vUEXAY/slow_analysis.twf, for view: slow_analysis 
	 Dumping view 2 slow_analysis 
Done building hold timer [1 node(s), 0 edge(s), 2 view(s)] (fixHold) cpu=0:00:19.3 real=0:00:04.0 totSessionCpu=0:00:30.4 mem=0.0M ***
*** QThread HoldInit [finish] : cpu/real = 0:00:19.5/0:00:03.9 (5.0), mem = 0.0M

_______________________________________________________________________

Optimization is working on the following views:
  Setup views: slow_analysis 
  Hold  views: slow_analysis 
Done building cte setup timing graph (fixHold) cpu=0:00:08.3 real=0:00:05.0 totSessionCpu=0:20:23 mem=5524.9M ***
Setting latch borrow mode to budget during optimization.
Restoring Auto Hold Views:  fast_analysis slow_analysis
Restoring Active Hold Views:  fast_analysis typ_analysis slow_analysis 
Restoring Hold Target Slack: 0
Loading timing data from /home/yingna/temp/innovus_temp_33331_pdk5_yingna_oEJMWS/coe_eosdata_vUEXAY/fast_analysis.twf 
	 Loading view 0 fast_analysis 
Loading timing data from /home/yingna/temp/innovus_temp_33331_pdk5_yingna_oEJMWS/coe_eosdata_vUEXAY/slow_analysis.twf 
	 Loading view 2 slow_analysis 

*Info: minBufDelay = 48.8 ps, libStdDelay = 21.9 ps, minBufSize = 2822400 (4.0)
*Info: worst delay setup view: slow_analysis

------------------------------------------------------------
             Initial Summary                             
------------------------------------------------------------

Setup views included:
 slow_analysis
Hold  views included:
 fast_analysis slow_analysis

+--------------------+---------+---------+---------+
|     Setup mode     |   all   | reg2reg | default |
+--------------------+---------+---------+---------+
|           WNS (ns):|  3.143  |  6.031  |  3.143  |
|           TNS (ns):|  0.000  |  0.000  |  0.000  |
|    Violating Paths:|    0    |    0    |    0    |
|          All Paths:|   105   |   72    |   37    |
+--------------------+---------+---------+---------+

+--------------------+---------+---------+---------+
|     Hold mode      |   all   | reg2reg | default |
+--------------------+---------+---------+---------+
|           WNS (ns):|  0.079  |  0.079  |  0.257  |
|           TNS (ns):|  0.000  |  0.000  |  0.000  |
|    Violating Paths:|    0    |    0    |    0    |
|          All Paths:|   105   |   72    |   37    |
+--------------------+---------+---------+---------+

+----------------+-------------------------------+------------------+
|                |              Real             |       Total      |
|    DRVs        +------------------+------------+------------------|
|                |  Nr nets(terms)  | Worst Vio  |  Nr nets(terms)  |
+----------------+------------------+------------+------------------+
|   max_cap      |      0 (0)       |   0.000    |      0 (0)       |
|   max_tran     |      0 (0)       |   0.000    |      0 (0)       |
|   max_fanout   |      0 (0)       |     0      |      0 (0)       |
|   max_length   |      0 (0)       |     0      |      0 (0)       |
+----------------+------------------+------------+------------------+

Density: 55.123%
Total number of glitch violations: 0
------------------------------------------------------------
**optDesign ... cpu = 0:00:15, real = 0:00:10, mem = 4385.0M, totSessionCpu=0:20:26 **
*** HoldOpt [begin] : cpu/real = 0:00:00.0/0:00:00.0 (0.0), totSession cpu/real = 0:20:26.3/0:05:33.6 (3.7), mem = 5558.4M
*info: Run optDesign holdfix with 48 threads.
Info: 2 nets with fixed/cover wires excluded.
Info: 2 clock nets excluded from IPO operation.
*** Hold timing is met. Hold fixing is not needed 
**INFO: total 0 insts, 0 nets marked don't touch
**INFO: total 0 insts, 0 nets marked don't touch DB property
**INFO: total 0 insts, 0 nets unmarked don't touch

*** HoldOpt [finish] : cpu/real = 0:00:00.1/0:00:00.1 (1.3), totSession cpu/real = 0:20:26.4/0:05:33.7 (3.7), mem = 5620.9M
Latch borrow mode reset to max_borrow
Reported timing to dir ./timingReports
**optDesign ... cpu = 0:00:16, real = 0:00:11, mem = 4401.2M, totSessionCpu=0:20:27 **
**INFO: Starting Blocking QThread with 48 CPU
   ____________________________________________________________________
__/ message from Blocking QThread
Multi-CPU acceleration using 48 CPU(s).
*** QThread HoldRpt [begin] : cpu/real = 0:00:00.0/0:00:00.0 (0.0), mem = 0.4M
Multithreaded Timing Analysis is initialized with 48 threads

Starting delay calculation for Hold views
Starting SI iteration 1 using Infinite Timing Windows
Begin IPO call back ...
End IPO call back ...
#################################################################################
# Design Stage: PostRoute
# Design Name: global_ctrl
# Design Mode: 40nm
# Analysis Mode: MMMC OCV 
# Parasitics Mode: SPEF/RCDB
# Signoff Settings: SI On 
#################################################################################
Calculate late delays in OCV mode...
Calculate early delays in OCV mode...
Calculate late delays in OCV mode...
Calculate early delays in OCV mode...
Start delay calculation (fullDC) (48 T). (MEM=0)
Total number of fetched objects 355
AAE_INFO-618: Total number of nets in the design is 357,  100.0 percent of the nets selected for SI analysis
Total number of fetched objects 355
AAE_INFO-618: Total number of nets in the design is 357,  100.0 percent of the nets selected for SI analysis
End delay calculation. (MEM=470.035 CPU=0:00:05.5 REAL=0:00:01.0)
End delay calculation (fullDC). (MEM=470.035 CPU=0:00:06.4 REAL=0:00:01.0)
Loading CTE timing window with TwFlowType 0...(CPU = 0:00:00.0, REAL = 0:00:00.0, MEM = 438.0M)
Add other clocks and setupCteToAAEClockMapping during iter 1
Loading CTE timing window is completed (CPU = 0:00:00.1, REAL = 0:00:00.0, MEM = 470.0M)
Starting SI iteration 2
Calculate late delays in OCV mode...
Calculate early delays in OCV mode...
Calculate late delays in OCV mode...
Calculate early delays in OCV mode...
Start delay calculation (fullDC) (48 T). (MEM=0)
Glitch Analysis: View fast_analysis -- Total Number of Nets Skipped = 0. 
Glitch Analysis: View fast_analysis -- Total Number of Nets Analyzed = 0. 
Total number of fetched objects 355
AAE_INFO-618: Total number of nets in the design is 357,  38.9 percent of the nets selected for SI analysis
Glitch Analysis: View slow_analysis -- Total Number of Nets Skipped = 0. 
Glitch Analysis: View slow_analysis -- Total Number of Nets Analyzed = 355. 
Total number of fetched objects 355
AAE_INFO-618: Total number of nets in the design is 357,  0.8 percent of the nets selected for SI analysis
End delay calculation. (MEM=1445.09 CPU=0:00:00.8 REAL=0:00:01.0)
End delay calculation (fullDC). (MEM=1445.09 CPU=0:00:00.9 REAL=0:00:01.0)
*** Done Building Timing Graph (cpu=0:00:10.1 real=0:00:03.0 totSessionCpu=0:00:37.8 mem=0.0M)
*** QThread HoldRpt [finish] : cpu/real = 0:00:21.0/0:00:03.8 (5.5), mem = 0.0M

_______________________________________________________________________
Total number of fetched objects 355
AAE_INFO-618: Total number of nets in the design is 357,  100.0 percent of the nets selected for SI analysis
Total number of fetched objects 355
AAE_INFO-618: Total number of nets in the design is 357,  100.0 percent of the nets selected for SI analysis
Total number of fetched objects 355
AAE_INFO-618: Total number of nets in the design is 357,  100.0 percent of the nets selected for SI analysis
End delay calculation. (MEM=7764.66 CPU=0:00:06.7 REAL=0:00:01.0)
Glitch Analysis: View fast_analysis -- Total Number of Nets Skipped = 0. 
Glitch Analysis: View fast_analysis -- Total Number of Nets Analyzed = 0. 
Total number of fetched objects 355
AAE_INFO-618: Total number of nets in the design is 357,  1.7 percent of the nets selected for SI analysis
Glitch Analysis: View typ_analysis -- Total Number of Nets Skipped = 0. 
Glitch Analysis: View typ_analysis -- Total Number of Nets Analyzed = 0. 
Total number of fetched objects 355
AAE_INFO-618: Total number of nets in the design is 357,  1.7 percent of the nets selected for SI analysis
Glitch Analysis: View slow_analysis -- Total Number of Nets Skipped = 0. 
Glitch Analysis: View slow_analysis -- Total Number of Nets Analyzed = 355. 
Total number of fetched objects 355
AAE_INFO-618: Total number of nets in the design is 357,  1.7 percent of the nets selected for SI analysis
End delay calculation. (MEM=8674.63 CPU=0:00:00.5 REAL=0:00:01.0)

------------------------------------------------------------
     optDesign Final SI Timing Summary                             
------------------------------------------------------------

Setup views included:
 fast_analysis typ_analysis slow_analysis 
Hold  views included:
 fast_analysis slow_analysis

+--------------------+---------+---------+---------+
|     Setup mode     |   all   | reg2reg | default |
+--------------------+---------+---------+---------+
|           WNS (ns):|  3.143  |  6.031  |  3.143  |
|           TNS (ns):|  0.000  |  0.000  |  0.000  |
|    Violating Paths:|    0    |    0    |    0    |
|          All Paths:|   105   |   72    |   37    |
+--------------------+---------+---------+---------+

+--------------------+---------+---------+---------+
|     Hold mode      |   all   | reg2reg | default |
+--------------------+---------+---------+---------+
|           WNS (ns):|  0.079  |  0.079  |  0.257  |
|           TNS (ns):|  0.000  |  0.000  |  0.000  |
|    Violating Paths:|    0    |    0    |    0    |
|          All Paths:|   105   |   72    |   37    |
+--------------------+---------+---------+---------+

+----------------+-------------------------------+------------------+
|                |              Real             |       Total      |
|    DRVs        +------------------+------------+------------------|
|                |  Nr nets(terms)  | Worst Vio  |  Nr nets(terms)  |
+----------------+------------------+------------+------------------+
|   max_cap      |      0 (0)       |   0.000    |      0 (0)       |
|   max_tran     |      0 (0)       |   0.000    |      0 (0)       |
|   max_fanout   |      0 (0)       |     0      |      0 (0)       |
|   max_length   |      0 (0)       |     0      |      0 (0)       |
+----------------+------------------+------------+------------------+

Density: 55.123%
Total number of glitch violations: 0
------------------------------------------------------------
**optDesign ... cpu = 0:00:41, real = 0:00:21, mem = 4491.7M, totSessionCpu=0:20:52 **
 ReSet Options after AAE Based Opt flow 
*** Finished optDesign ***
Info: Destroy the CCOpt slew target map.
<CMD> timeDesign -postRoute
 Reset EOS DB
Ignoring AAE DB Resetting ...
The design is extracted. Skipping TQuantus.

------------------------------------------------------------
          timeDesign Summary                             
------------------------------------------------------------

Setup views included:
 fast_analysis typ_analysis slow_analysis 

+--------------------+---------+---------+---------+
|     Setup mode     |   all   | reg2reg | default |
+--------------------+---------+---------+---------+
|           WNS (ns):|  3.143  |  6.031  |  3.143  |
|           TNS (ns):|  0.000  |  0.000  |  0.000  |
|    Violating Paths:|    0    |    0    |    0    |
|          All Paths:|   105   |   72    |   37    |
+--------------------+---------+---------+---------+

+----------------+-------------------------------+------------------+
|                |              Real             |       Total      |
|    DRVs        +------------------+------------+------------------|
|                |  Nr nets(terms)  | Worst Vio  |  Nr nets(terms)  |
+----------------+------------------+------------+------------------+
|   max_cap      |      0 (0)       |   0.000    |      0 (0)       |
|   max_tran     |      0 (0)       |   0.000    |      0 (0)       |
|   max_fanout   |      0 (0)       |     0      |      0 (0)       |
|   max_length   |      0 (0)       |     0      |      0 (0)       |
+----------------+------------------+------------+------------------+

Density: 55.123%
Total number of glitch violations: 0
------------------------------------------------------------
Reported timing to dir ./timingReports
Total CPU time: 1.83 sec
Total Real time: 3.0 sec
Total Memory Usage: 5677.390625 Mbytes
Reset AAE Options
<CMD> timeDesign -postRoute -hold
 Reset EOS DB
Ignoring AAE DB Resetting ...
The design is extracted. Skipping TQuantus.

Optimization is working on the following views:
  Setup views:  slow_analysis typ_analysis fast_analysis
  Hold  views: fast_analysis slow_analysis 
Starting delay calculation for Hold views
Starting SI iteration 1 using Infinite Timing Windows
#################################################################################
# Design Stage: PostRoute
# Design Name: global_ctrl
# Design Mode: 40nm
# Analysis Mode: MMMC OCV 
# Parasitics Mode: SPEF/RCDB
# Signoff Settings: SI On 
#################################################################################
Calculate late delays in OCV mode...
Calculate early delays in OCV mode...
Calculate late delays in OCV mode...
Calculate early delays in OCV mode...
Start delay calculation (fullDC) (48 T). (MEM=5523.45)
Reading RCDB with compressed RC data.
AAE_INFO: 48 threads acquired from CTE.
AAE_INFO: 48 threads acquired from CTE.
AAE_INFO: 48 threads acquired from CTE.
Total number of fetched objects 355
AAE_INFO-618: Total number of nets in the design is 357,  100.0 percent of the nets selected for SI analysis
AAE_INFO: 48 threads acquired from CTE.
Total number of fetched objects 355
AAE_INFO-618: Total number of nets in the design is 357,  100.0 percent of the nets selected for SI analysis
End delay calculation. (MEM=6511.44 CPU=0:00:02.6 REAL=0:00:00.0)
End delay calculation (fullDC). (MEM=6511.44 CPU=0:00:03.1 REAL=0:00:01.0)
Loading CTE timing window with TwFlowType 0...(CPU = 0:00:00.0, REAL = 0:00:00.0, MEM = 6479.4M)
Add other clocks and setupCteToAAEClockMapping during iter 1
Loading CTE timing window is completed (CPU = 0:00:00.0, REAL = 0:00:00.0, MEM = 6511.4M)
Starting SI iteration 2
Calculate late delays in OCV mode...
Calculate early delays in OCV mode...
Calculate late delays in OCV mode...
Calculate early delays in OCV mode...
Start delay calculation (fullDC) (48 T). (MEM=5613.84)
AAE_INFO: 48 threads acquired from CTE.
Glitch Analysis: View fast_analysis -- Total Number of Nets Skipped = 0. 
Glitch Analysis: View fast_analysis -- Total Number of Nets Analyzed = 0. 
Total number of fetched objects 355
AAE_INFO-618: Total number of nets in the design is 357,  38.9 percent of the nets selected for SI analysis
AAE_INFO: 48 threads acquired from CTE.
Glitch Analysis: View slow_analysis -- Total Number of Nets Skipped = 0. 
Glitch Analysis: View slow_analysis -- Total Number of Nets Analyzed = 355. 
Total number of fetched objects 355
AAE_INFO-618: Total number of nets in the design is 357,  0.8 percent of the nets selected for SI analysis
End delay calculation. (MEM=7417.41 CPU=0:00:00.8 REAL=0:00:00.0)
End delay calculation (fullDC). (MEM=7417.41 CPU=0:00:00.9 REAL=0:00:00.0)
*** Done Building Timing Graph (cpu=0:00:06.2 real=0:00:03.0 totSessionCpu=0:21:03 mem=5626.4M)

------------------------------------------------------------
          timeDesign Summary                             
------------------------------------------------------------

Hold  views included:
 fast_analysis slow_analysis 

+--------------------+---------+---------+---------+
|     Hold mode      |   all   | reg2reg | default |
+--------------------+---------+---------+---------+
|           WNS (ns):|  0.079  |  0.079  |  0.257  |
|           TNS (ns):|  0.000  |  0.000  |  0.000  |
|    Violating Paths:|    0    |    0    |    0    |
|          All Paths:|   105   |   72    |   37    |
+--------------------+---------+---------+---------+

Density: 55.123%
------------------------------------------------------------
*** Enable all active views. ***
Reported timing to dir ./timingReports
Total CPU time: 9.0 sec
Total Real time: 3.0 sec
Total Memory Usage: 5295.582031 Mbytes
Reset AAE Options
<CMD> fit
<CMD> getIoFlowFlag
<CMD> verify_drc -limit 100000
#-limit 100000                           # int, default=100000, user setting
 *** Starting Verify DRC (MEM: 5676.0) ***

  VERIFY DRC ...... Starting Verification
  VERIFY DRC ...... Initializing
  VERIFY DRC ...... Deleting Existing Violations
  VERIFY DRC ...... Creating Sub-Areas
**WARN: (IMPVFG-1198):	The number of CPUs requested 48 is larger than that verify_drc used 5. In Multithreading mode, the number of CPUs verify_drc used is not larger than the number of subareas.
 Use 'setMultiCpuUsage -localCpu' to specify the less cup number if the verify area is not large.
  VERIFY DRC ...... Using new threading
 VERIFY DRC ...... Thread : 4 finished.
 VERIFY DRC ...... Thread : 1 finished.
 VERIFY DRC ...... Thread : 2 finished.

  Verification Complete : 0 Viols.

 *** End Verify DRC (CPU: 0:00:00.2  ELAPSED TIME: 0.00  MEM: 32.0M) ***

<CMD> verifyGeometry -error 100000
 *** Starting Verify Geometry (MEM: 6088.2) ***

**WARN: (IMPVFG-257):	verifyGeometry command is replaced by verify_drc command. It still works in this release but will be removed in future release. Please update your script to use the new command.
  VERIFY GEOMETRY ...... Starting Verification
  VERIFY GEOMETRY ...... Initializing
  VERIFY GEOMETRY ...... Deleting Existing Violations
  VERIFY GEOMETRY ...... Creating Sub-Areas
                  ...... bin size: 2240
**WARN: (IMPVFG-198):	Area to be verified is small to see any runtime gain from multi-cpus. Use setMultiCpuUsage command to adjust the number of CPUs. 
VG: elapsed time: 0.00
Begin Summary ...
  Cells       : 0
  SameNet     : 0
  Wiring      : 0
  Antenna     : 0
  Short       : 0
  Overlap     : 0
End Summary

  Verification Complete : 0 Viols.  0 Wrngs.

**********End: VERIFY GEOMETRY**********
 *** verify geometry (CPU: 0:00:00.3  MEM: 126.6M)

<CMD> verifyConnectivity -error 100000
VERIFY_CONNECTIVITY use new engine.

******** Start: VERIFY CONNECTIVITY ********
Start Time: Tue Apr 28 17:03:09 2026

Design Name: global_ctrl
Database Units: 2000
Design Boundary: (0.0000, 0.0000) (300.0000, 8.0000)
Error Limit = 100000; Warning Limit = 50
Check all nets
Use 48 pthreads

Begin Summary 
  Found no problems or warnings.
End Summary

End Time: Tue Apr 28 17:03:09 2026
Time Elapsed: 0:00:00.0

******** End: VERIFY CONNECTIVITY ********
  Verification Complete : 0 Viols.  0 Wrngs.
  (CPU Time: 0:00:00.1  MEM: 0.000M)

<CMD> fit
<CMD> setNanoRouteMode -drouteFixAntenna true
<CMD> setNanoRouteMode -routeAntennaCellName ANTENNABWP
<CMD> setNanoRouteMode -routeInsertAntennaDiode true
<CMD> globalDetailRoute
#% Begin globalDetailRoute (date=04/28 17:03:19, mem=4081.2M)

globalDetailRoute

#setNanoRouteMode -drouteFixAntenna true
#setNanoRouteMode -drouteOnGridOnly "none"
#setNanoRouteMode -droutePostRouteSpreadWire "auto"
#setNanoRouteMode -droutePostRouteSwapVia "none"
#setNanoRouteMode -drouteUseMultiCutViaEffort "medium"
#setNanoRouteMode -routeAntennaCellName "ANTENNABWP"
#setNanoRouteMode -routeBottomRoutingLayer 2
#setNanoRouteMode -routeConcurrentMinimizeViaCountEffort "low"
#setNanoRouteMode -routeInsertAntennaDiode true
#setNanoRouteMode -routeReserveSpaceForMultiCut false
#setNanoRouteMode -routeStrictlyHonorNonDefaultRule "false"
#setNanoRouteMode -routeTopRoutingLayer 4
#setNanoRouteMode -routeWithTimingDriven false
#setNanoRouteMode -routeWithViaInPin "true"
#setNanoRouteMode -routeWithViaOnlyForStandardCellPin "true"
#Start globalDetailRoute on Tue Apr 28 17:03:19 2026
#
#Warning: design is detail-routed. Trial route is skipped!
#num needed restored net=0
#need_extraction net=0 (total=357)
#NanoRoute Version 19.12-s087_1 NR191024-1807/19_12-UB
#Using multithreading with 48 threads.
#Start routing data preparation on Tue Apr 28 17:03:19 2026
#
#Minimum voltage of a net in the design = 0.000.
#Maximum voltage of a net in the design = 1.210.
#Voltage range [0.000 - 1.210] has 355 nets.
#Voltage range [0.990 - 1.210] has 1 net.
#Voltage range [0.000 - 0.000] has 1 net.
# M1           V   Track-Pitch = 0.14000    Line-2-Via Pitch = 0.14000
# M2           H   Track-Pitch = 0.14000    Line-2-Via Pitch = 0.14000
# M3           V   Track-Pitch = 0.14000    Line-2-Via Pitch = 0.14000
# M4           H   Track-Pitch = 0.14000    Line-2-Via Pitch = 0.14000
# M5           V   Track-Pitch = 0.14000    Line-2-Via Pitch = 0.14000
# M6           H   Track-Pitch = 0.14000    Line-2-Via Pitch = 0.14000
# M7           V   Track-Pitch = 0.14000    Line-2-Via Pitch = 0.14000
# M8           H   Track-Pitch = 0.84000    Line-2-Via Pitch = 0.80000
# M9           V   Track-Pitch = 0.84000    Line-2-Via Pitch = 0.80000
# AP           H   Track-Pitch = 5.00000    Line-2-Via Pitch = 5.00000
#Regenerating Ggrids automatically.
#Auto generating G-grids with size=20 tracks, using layer M2's pitch = 0.14000.
#Using automatically generated G-grids.
#Done routing data preparation.
#cpu time = 00:00:00, elapsed time = 00:00:00, memory = 4093.49 (MB), peak = 4575.79 (MB)
#Merging special wires: starts on Tue Apr 28 17:03:20 2026 with memory = 4093.69 (MB), peak = 4575.79 (MB)
#
#Merging special wires: cpu:00:00:00, real:00:00:00, mem:4.0 GB, peak:4.5 GB --1.41 [48]--
#
#Finished routing data preparation on Tue Apr 28 17:03:20 2026
#
#Cpu time = 00:00:00
#Elapsed time = 00:00:00
#Increased memory = 12.81 (MB)
#Total memory = 4093.73 (MB)
#Peak memory = 4575.79 (MB)
#
#
#Start global routing on Tue Apr 28 17:03:20 2026
#
#
#Start global routing initialization on Tue Apr 28 17:03:20 2026
#
#WARNING (NRGR-22) Design is already detail routed.
#Routing data preparation, pin analysis, global routing and track assignment statistics:
#Cpu time = 00:00:00
#Elapsed time = 00:00:00
#Increased memory = 12.89 (MB)
#Total memory = 4093.73 (MB)
#Peak memory = 4575.79 (MB)
#Using multithreading with 48 threads.
#
#Start Detail Routing..
#start initial detail routing ...
#   number of violations = 0
#cpu time = 00:00:00, elapsed time = 00:00:00, memory = 4098.05 (MB), peak = 4575.79 (MB)
#Complete Detail Routing.
#Total wire length = 8898 um.
#Total half perimeter of net bounding box = 8688 um.
#Total wire length on LAYER M1 = 0 um.
#Total wire length on LAYER M2 = 4893 um.
#Total wire length on LAYER M3 = 850 um.
#Total wire length on LAYER M4 = 3154 um.
#Total wire length on LAYER M5 = 0 um.
#Total wire length on LAYER M6 = 0 um.
#Total wire length on LAYER M7 = 0 um.
#Total wire length on LAYER M8 = 0 um.
#Total wire length on LAYER M9 = 0 um.
#Total wire length on LAYER AP = 0 um.
#Total number of vias = 2627
#Total number of multi-cut vias = 1164 ( 44.3%)
#Total number of single cut vias = 1463 ( 55.7%)
#Up-Via Summary (total 2627):
#                   single-cut          multi-cut      Total
#-----------------------------------------------------------
# M1               715 ( 68.5%)       329 ( 31.5%)       1044
# M2               538 ( 46.9%)       608 ( 53.1%)       1146
# M3               210 ( 48.1%)       227 ( 51.9%)        437
#-----------------------------------------------------------
#                 1463 ( 55.7%)      1164 ( 44.3%)       2627 
#
#Total number of DRC violations = 0
#Cpu time = 00:00:02
#Elapsed time = 00:00:02
#Increased memory = 3.73 (MB)
#Total memory = 4097.47 (MB)
#Peak memory = 4575.79 (MB)
#
#start routing for process antenna violation fix ...
#cpu time = 00:00:02, elapsed time = 00:00:02, memory = 4101.11 (MB), peak = 4575.79 (MB)
#
#Total wire length = 8898 um.
#Total half perimeter of net bounding box = 8688 um.
#Total wire length on LAYER M1 = 0 um.
#Total wire length on LAYER M2 = 4893 um.
#Total wire length on LAYER M3 = 850 um.
#Total wire length on LAYER M4 = 3154 um.
#Total wire length on LAYER M5 = 0 um.
#Total wire length on LAYER M6 = 0 um.
#Total wire length on LAYER M7 = 0 um.
#Total wire length on LAYER M8 = 0 um.
#Total wire length on LAYER M9 = 0 um.
#Total wire length on LAYER AP = 0 um.
#Total number of vias = 2627
#Total number of multi-cut vias = 1164 ( 44.3%)
#Total number of single cut vias = 1463 ( 55.7%)
#Up-Via Summary (total 2627):
#                   single-cut          multi-cut      Total
#-----------------------------------------------------------
# M1               715 ( 68.5%)       329 ( 31.5%)       1044
# M2               538 ( 46.9%)       608 ( 53.1%)       1146
# M3               210 ( 48.1%)       227 ( 51.9%)        437
#-----------------------------------------------------------
#                 1463 ( 55.7%)      1164 ( 44.3%)       2627 
#
#Total number of DRC violations = 0
#Total number of net violated process antenna rule = 0
#
#
#Total wire length = 8898 um.
#Total half perimeter of net bounding box = 8688 um.
#Total wire length on LAYER M1 = 0 um.
#Total wire length on LAYER M2 = 4893 um.
#Total wire length on LAYER M3 = 850 um.
#Total wire length on LAYER M4 = 3154 um.
#Total wire length on LAYER M5 = 0 um.
#Total wire length on LAYER M6 = 0 um.
#Total wire length on LAYER M7 = 0 um.
#Total wire length on LAYER M8 = 0 um.
#Total wire length on LAYER M9 = 0 um.
#Total wire length on LAYER AP = 0 um.
#Total number of vias = 2627
#Total number of multi-cut vias = 1164 ( 44.3%)
#Total number of single cut vias = 1463 ( 55.7%)
#Up-Via Summary (total 2627):
#                   single-cut          multi-cut      Total
#-----------------------------------------------------------
# M1               715 ( 68.5%)       329 ( 31.5%)       1044
# M2               538 ( 46.9%)       608 ( 53.1%)       1146
# M3               210 ( 48.1%)       227 ( 51.9%)        437
#-----------------------------------------------------------
#                 1463 ( 55.7%)      1164 ( 44.3%)       2627 
#
#Total number of DRC violations = 0
#Total number of net violated process antenna rule = 0
#
#detailRoute Statistics:
#Cpu time = 00:00:04
#Elapsed time = 00:00:04
#Increased memory = 32.29 (MB)
#Total memory = 4126.02 (MB)
#Peak memory = 4575.79 (MB)
#
#globalDetailRoute statistics:
#Cpu time = 00:00:05
#Elapsed time = 00:00:04
#Increased memory = 10.94 (MB)
#Total memory = 4092.13 (MB)
#Peak memory = 4575.79 (MB)
#Number of warnings = 1
#Total number of warnings = 24
#Number of fails = 0
#Total number of fails = 0
#Complete globalDetailRoute on Tue Apr 28 17:03:24 2026
#
#% End globalDetailRoute (date=04/28 17:03:24, total cpu=0:00:05.0, real=0:00:05.0, peak res=4098.4M, current mem=4067.0M)
<CMD> timeDesign -postRoute
 Reset EOS DB
Ignoring AAE DB Resetting ...
#num needed restored net=0
#need_extraction net=0 (total=357)
#Start routing data preparation on Tue Apr 28 17:03:32 2026
#
#Minimum voltage of a net in the design = 0.000.
#Maximum voltage of a net in the design = 1.210.
#Voltage range [0.000 - 1.210] has 355 nets.
#Voltage range [0.990 - 1.210] has 1 net.
#Voltage range [0.000 - 0.000] has 1 net.
# M1           V   Track-Pitch = 0.14000    Line-2-Via Pitch = 0.14000
# M2           H   Track-Pitch = 0.14000    Line-2-Via Pitch = 0.14000
# M3           V   Track-Pitch = 0.14000    Line-2-Via Pitch = 0.14000
# M4           H   Track-Pitch = 0.14000    Line-2-Via Pitch = 0.14000
# M5           V   Track-Pitch = 0.14000    Line-2-Via Pitch = 0.14000
# M6           H   Track-Pitch = 0.14000    Line-2-Via Pitch = 0.14000
# M7           V   Track-Pitch = 0.14000    Line-2-Via Pitch = 0.14000
# M8           H   Track-Pitch = 0.84000    Line-2-Via Pitch = 0.80000
# M9           V   Track-Pitch = 0.84000    Line-2-Via Pitch = 0.80000
# AP           H   Track-Pitch = 5.00000    Line-2-Via Pitch = 5.00000
#Regenerating Ggrids automatically.
#Auto generating G-grids with size=20 tracks, using layer M2's pitch = 0.14000.
#Using automatically generated G-grids.
#Done routing data preparation.
#cpu time = 00:00:00, elapsed time = 00:00:00, memory = 4098.08 (MB), peak = 4575.79 (MB)
#Extract in post route mode
#
#Start tQuantus RC extraction...
#Start building rc corner(s)...
#Number of RC Corner = 3
#Corner slow_rc /home/jchen/tsmcN40_1p9m/2ndtry/pdk_install_finished/util/tn40clsp004v1_2_0b/T-N40-CL-SP-004-V1_v2.0b/RC_QRC_cln40lp_1p9m_6x2z_alrdl_5corners_2.0a1/RC_QRC_cln40lp_1p09m+alrdl_6x2z_rcworst/qrcTechFile 125.000000 (real) 
#Corner fast_rc /home/jchen/tsmcN40_1p9m/2ndtry/pdk_install_finished/util/tn40clsp004v1_2_0b/T-N40-CL-SP-004-V1_v2.0b/RC_QRC_cln40lp_1p9m_6x2z_alrdl_5corners_2.0a1/RC_QRC_cln40lp_1p09m+alrdl_6x2z_rcbest/qrcTechFile 0.000000 (real) 
#Corner typ_rc /home/jchen/tsmcN40_1p9m/2ndtry/pdk_install_finished/util/tn40clsp004v1_2_0b/T-N40-CL-SP-004-V1_v2.0b/RC_QRC_cln40lp_1p9m_6x2z_alrdl_5corners_2.0a1/RC_QRC_cln40lp_1p09m+alrdl_6x2z_typical/qrcTechFile 25.000000 (real) 
#metal1 -> M1 (1)
#metal2 -> M2 (2)
#metal3 -> M3 (3)
#metal4 -> M4 (4)
#metal5 -> M5 (5)
#metal6 -> M6 (6)
#metal7 -> M7 (7)
#metal8 -> M8 (8)
#metal9 -> M9 (9)
#metal10 -> AP (10)
#SADV_On
# Corner(s) : 
#slow_rc [125.00] 
#fast_rc [ 0.00] 
#typ_rc [25.00]
# Corner id: 0
# Layout Scale: 0.900000
# Has Metal Fill model: yes
# Temperature was set
# Temperature : 125.000000
# Ref. Temp   : 25.000000
# Corner id: 1
# Layout Scale: 0.900000
# Has Metal Fill model: yes
# Temperature was set
# Temperature : 0.000000
# Ref. Temp   : 25.000000
# Corner id: 2
# Layout Scale: 0.900000
# Has Metal Fill model: yes
# Temperature was set
# Temperature : 25.000000
# Ref. Temp   : 25.000000
#SADV_Off
#total pattern=220 [30, 1815]
#Reading previously stored rc_model file ( rc_model.bin ) ...
#found CAPMODEL /home/jchen/tsmcN40_1p9m/2ndtry/pdk_install_finished/util/tn40clsp004v1_2_0b/T-N40-CL-SP-004-V1_v2.0b/RC_QRC_cln40lp_1p9m_6x2z_alrdl_5corners_2.0a1/RC_QRC_cln40lp_1p09m+alrdl_6x2z_rcworst/qrcTechFile
#found CAPMODEL /home/jchen/tsmcN40_1p9m/2ndtry/pdk_install_finished/util/tn40clsp004v1_2_0b/T-N40-CL-SP-004-V1_v2.0b/RC_QRC_cln40lp_1p9m_6x2z_alrdl_5corners_2.0a1/RC_QRC_cln40lp_1p09m+alrdl_6x2z_rcbest/qrcTechFile
#found CAPMODEL /home/jchen/tsmcN40_1p9m/2ndtry/pdk_install_finished/util/tn40clsp004v1_2_0b/T-N40-CL-SP-004-V1_v2.0b/RC_QRC_cln40lp_1p9m_6x2z_alrdl_5corners_2.0a1/RC_QRC_cln40lp_1p09m+alrdl_6x2z_typical/qrcTechFile
#found RESMODEL /home/jchen/tsmcN40_1p9m/2ndtry/pdk_install_finished/util/tn40clsp004v1_2_0b/T-N40-CL-SP-004-V1_v2.0b/RC_QRC_cln40lp_1p9m_6x2z_alrdl_5corners_2.0a1/RC_QRC_cln40lp_1p09m+alrdl_6x2z_rcworst/qrcTechFile 125.000000 
#found RESMODEL /home/jchen/tsmcN40_1p9m/2ndtry/pdk_install_finished/util/tn40clsp004v1_2_0b/T-N40-CL-SP-004-V1_v2.0b/RC_QRC_cln40lp_1p9m_6x2z_alrdl_5corners_2.0a1/RC_QRC_cln40lp_1p09m+alrdl_6x2z_rcbest/qrcTechFile 0.000000 
#found RESMODEL /home/jchen/tsmcN40_1p9m/2ndtry/pdk_install_finished/util/tn40clsp004v1_2_0b/T-N40-CL-SP-004-V1_v2.0b/RC_QRC_cln40lp_1p9m_6x2z_alrdl_5corners_2.0a1/RC_QRC_cln40lp_1p09m+alrdl_6x2z_typical/qrcTechFile 25.000000 
#number model r/c [3,3] [30,1815] read
#0 rcmodel(s) requires rebuild
#Build RC corners: cpu time = 00:00:03, elapsed time = 00:00:05, memory = 4162.36 (MB), peak = 4575.79 (MB)
#Start building rc corner(s)...
#Number of RC Corner = 3
#Corner slow_rc /home/jchen/tsmcN40_1p9m/2ndtry/pdk_install_finished/util/tn40clsp004v1_2_0b/T-N40-CL-SP-004-V1_v2.0b/RC_QRC_cln40lp_1p9m_6x2z_alrdl_5corners_2.0a1/RC_QRC_cln40lp_1p09m+alrdl_6x2z_rcworst/qrcTechFile 125.000000 (real) 
#Corner fast_rc /home/jchen/tsmcN40_1p9m/2ndtry/pdk_install_finished/util/tn40clsp004v1_2_0b/T-N40-CL-SP-004-V1_v2.0b/RC_QRC_cln40lp_1p9m_6x2z_alrdl_5corners_2.0a1/RC_QRC_cln40lp_1p09m+alrdl_6x2z_rcbest/qrcTechFile 0.000000 (real) 
#Corner typ_rc /home/jchen/tsmcN40_1p9m/2ndtry/pdk_install_finished/util/tn40clsp004v1_2_0b/T-N40-CL-SP-004-V1_v2.0b/RC_QRC_cln40lp_1p9m_6x2z_alrdl_5corners_2.0a1/RC_QRC_cln40lp_1p09m+alrdl_6x2z_typical/qrcTechFile 25.000000 (real) 
#metal1 -> M1 (1)
#metal2 -> M2 (2)
#metal3 -> M3 (3)
#metal4 -> M4 (4)
#metal5 -> M5 (5)
#metal6 -> M6 (6)
#metal7 -> M7 (7)
#metal8 -> M8 (8)
#metal9 -> M9 (9)
#metal10 -> AP (10)
#SADV_On
# Corner(s) : 
#slow_rc [125.00] 
#fast_rc [ 0.00] 
#typ_rc [25.00]
# Corner id: 0
# Layout Scale: 0.900000
# Has Metal Fill model: yes
# Temperature was set
# Temperature : 125.000000
# Ref. Temp   : 25.000000
# Corner id: 1
# Layout Scale: 0.900000
# Has Metal Fill model: yes
# Temperature was set
# Temperature : 0.000000
# Ref. Temp   : 25.000000
# Corner id: 2
# Layout Scale: 0.900000
# Has Metal Fill model: yes
# Temperature was set
# Temperature : 25.000000
# Ref. Temp   : 25.000000
#SADV_Off
#total pattern=220 [30, 1815]
#Reading previously stored rc_model file ( rc_model.bin ) ...
#found CAPMODEL /home/jchen/tsmcN40_1p9m/2ndtry/pdk_install_finished/util/tn40clsp004v1_2_0b/T-N40-CL-SP-004-V1_v2.0b/RC_QRC_cln40lp_1p9m_6x2z_alrdl_5corners_2.0a1/RC_QRC_cln40lp_1p09m+alrdl_6x2z_rcworst/qrcTechFile
#found CAPMODEL /home/jchen/tsmcN40_1p9m/2ndtry/pdk_install_finished/util/tn40clsp004v1_2_0b/T-N40-CL-SP-004-V1_v2.0b/RC_QRC_cln40lp_1p9m_6x2z_alrdl_5corners_2.0a1/RC_QRC_cln40lp_1p09m+alrdl_6x2z_rcbest/qrcTechFile
#found CAPMODEL /home/jchen/tsmcN40_1p9m/2ndtry/pdk_install_finished/util/tn40clsp004v1_2_0b/T-N40-CL-SP-004-V1_v2.0b/RC_QRC_cln40lp_1p9m_6x2z_alrdl_5corners_2.0a1/RC_QRC_cln40lp_1p09m+alrdl_6x2z_typical/qrcTechFile
#found RESMODEL /home/jchen/tsmcN40_1p9m/2ndtry/pdk_install_finished/util/tn40clsp004v1_2_0b/T-N40-CL-SP-004-V1_v2.0b/RC_QRC_cln40lp_1p9m_6x2z_alrdl_5corners_2.0a1/RC_QRC_cln40lp_1p09m+alrdl_6x2z_rcworst/qrcTechFile 125.000000 
#found RESMODEL /home/jchen/tsmcN40_1p9m/2ndtry/pdk_install_finished/util/tn40clsp004v1_2_0b/T-N40-CL-SP-004-V1_v2.0b/RC_QRC_cln40lp_1p9m_6x2z_alrdl_5corners_2.0a1/RC_QRC_cln40lp_1p09m+alrdl_6x2z_rcbest/qrcTechFile 0.000000 
#found RESMODEL /home/jchen/tsmcN40_1p9m/2ndtry/pdk_install_finished/util/tn40clsp004v1_2_0b/T-N40-CL-SP-004-V1_v2.0b/RC_QRC_cln40lp_1p9m_6x2z_alrdl_5corners_2.0a1/RC_QRC_cln40lp_1p09m+alrdl_6x2z_typical/qrcTechFile 25.000000 
#number model r/c [3,3] [30,1815] read
#0 rcmodel(s) requires rebuild
#Build RC corners: cpu time = 00:00:03, elapsed time = 00:00:05, memory = 4180.57 (MB), peak = 4575.79 (MB)
#Using multithreading with 48 threads.
#Length limit = 200 pitches
#opt mode = 2
#Start routing data preparation on Tue Apr 28 17:03:48 2026
#
#Minimum voltage of a net in the design = 0.000.
#Maximum voltage of a net in the design = 1.210.
#Voltage range [0.000 - 1.210] has 355 nets.
#Voltage range [0.990 - 1.210] has 1 net.
#Voltage range [0.000 - 0.000] has 1 net.
#Regenerating Ggrids automatically.
#Auto generating G-grids with size=20 tracks, using layer M2's pitch = 0.14000.
#Using automatically generated G-grids.
#Done routing data preparation.
#cpu time = 00:00:00, elapsed time = 00:00:00, memory = 4130.59 (MB), peak = 4575.79 (MB)
#Start routing data preparation on Tue Apr 28 17:03:48 2026
#
#Minimum voltage of a net in the design = 0.000.
#Maximum voltage of a net in the design = 1.210.
#Voltage range [0.000 - 1.210] has 355 nets.
#Voltage range [0.990 - 1.210] has 1 net.
#Voltage range [0.000 - 0.000] has 1 net.
#Regenerating Ggrids automatically.
#Auto generating G-grids with size=20 tracks, using layer M2's pitch = 0.14000.
#Using automatically generated G-grids.
#Done routing data preparation.
#cpu time = 00:00:00, elapsed time = 00:00:00, memory = 4130.63 (MB), peak = 4575.79 (MB)
#Init Design Signature = -598241126
#Start generate extraction boxes.
#
#Extract using 30 x 30 Hboxes
#6x2 initial hboxes
#Use area based hbox pruning.
#0/0 hboxes pruned.
#Complete generating extraction boxes.
#Extract 5 hboxes with 48 threads on machine with  Xeon 2.60GHz 35840KB Cache 56CPU...
#Process 0 special clock nets for rc extraction
#0 temporary NDR added
#Total 355 nets were built. 77 nodes added to break long wires. 0 net(s) have incomplete routes.
#Run Statistics for Extraction:
#   Cpu time = 00:00:01, elapsed time = 00:00:00 .
#   Increased memory =    16.44 (MB), total memory =  4149.14 (MB), peak memory =  4575.79 (MB)
#Simplify RC tree: cpu time = 00:00:00, elapsed time = 00:00:00, memory = 4133.84 (MB), peak = 4575.79 (MB)
#RC Statistics: 2169 Res, 1419 Ground Cap, 1175 XCap (Edge to Edge)
#RC V/H edge ratio: 0.76, Avg V/H Edge Length: 8508.39 (1495), Avg L-Edge Length: 7163.58 (547)
#Start writing rcdb into /home/yingna/temp/innovus_temp_33331_pdk5_yingna_oEJMWS/nr33331_31HLsC.rcdb.d
#Finish writing rcdb with 2524 nodes, 2169 edges, and 2524 xcaps
#cpu time = 00:00:00, elapsed time = 00:00:00, memory = 4142.74 (MB), peak = 4575.79 (MB)
Restoring parasitic data from file '/home/yingna/temp/innovus_temp_33331_pdk5_yingna_oEJMWS/nr33331_31HLsC.rcdb.d' ...
Reading RCDB with compressed RC data.
Reading RCDB with compressed RC data.
Begin read_parasitics... (cpu: 0:00:00.0 real: 0:00:00.0 mem: 6217.992M)
Following multi-corner parasitics specified:
	/home/yingna/temp/innovus_temp_33331_pdk5_yingna_oEJMWS/nr33331_31HLsC.rcdb.d (rcdb)
Reading RCDB with compressed RC data.
		Cell global_ctrl has rcdb /home/yingna/temp/innovus_temp_33331_pdk5_yingna_oEJMWS/nr33331_31HLsC.rcdb.d specified
Cell global_ctrl, hinst 
Reading RCDB with compressed RC data.
Done read_parasitics... (cpu: 0:00:00.5 real: 0:00:00.0 mem: 6105.992M)
#
#Restore RCDB.
#
#Complete tQuantus RC extraction.
#Cpu time = 00:00:14
#Elapsed time = 00:00:17
#Increased memory = 36.39 (MB)
#Total memory = 4134.61 (MB)
#Peak memory = 4575.79 (MB)
#
#77 inserted nodes are removed
#Final Design Signature = -598241126
Starting delay calculation for Setup views
Starting SI iteration 1 using Infinite Timing Windows
#################################################################################
# Design Stage: PostRoute
# Design Name: global_ctrl
# Design Mode: 40nm
# Analysis Mode: MMMC OCV 
# Parasitics Mode: SPEF/RCDB
# Signoff Settings: SI On 
#################################################################################
Calculate early delays in OCV mode...
Calculate late delays in OCV mode...
Calculate early delays in OCV mode...
Calculate late delays in OCV mode...
Calculate early delays in OCV mode...
Calculate late delays in OCV mode...
Start delay calculation (fullDC) (48 T). (MEM=6222.25)
Initializing multi-corner resistance tables ...
Reading RCDB with compressed RC data.
AAE_INFO: 48 threads acquired from CTE.
AAE_INFO: 48 threads acquired from CTE.
AAE_INFO: 48 threads acquired from CTE.
AAE_INFO: 48 threads acquired from CTE.
Total number of fetched objects 355
AAE_INFO-618: Total number of nets in the design is 357,  100.0 percent of the nets selected for SI analysis
AAE_INFO: 48 threads acquired from CTE.
Total number of fetched objects 355
AAE_INFO-618: Total number of nets in the design is 357,  100.0 percent of the nets selected for SI analysis
AAE_INFO: 48 threads acquired from CTE.
Total number of fetched objects 355
AAE_INFO-618: Total number of nets in the design is 357,  100.0 percent of the nets selected for SI analysis
End delay calculation. (MEM=7249.12 CPU=0:00:03.8 REAL=0:00:01.0)
End delay calculation (fullDC). (MEM=7249.12 CPU=0:00:04.6 REAL=0:00:01.0)
Loading CTE timing window with TwFlowType 0...(CPU = 0:00:00.0, REAL = 0:00:00.0, MEM = 7217.1M)
Add other clocks and setupCteToAAEClockMapping during iter 1
Loading CTE timing window is completed (CPU = 0:00:00.0, REAL = 0:00:00.0, MEM = 7249.1M)
Starting SI iteration 2
Calculate early delays in OCV mode...
Calculate late delays in OCV mode...
Calculate early delays in OCV mode...
Calculate late delays in OCV mode...
Calculate early delays in OCV mode...
Calculate late delays in OCV mode...
Start delay calculation (fullDC) (48 T). (MEM=6350.52)
AAE_INFO: 48 threads acquired from CTE.
Glitch Analysis: View fast_analysis -- Total Number of Nets Skipped = 0. 
Glitch Analysis: View fast_analysis -- Total Number of Nets Analyzed = 0. 
Total number of fetched objects 355
AAE_INFO-618: Total number of nets in the design is 357,  1.7 percent of the nets selected for SI analysis
AAE_INFO: 48 threads acquired from CTE.
Glitch Analysis: View typ_analysis -- Total Number of Nets Skipped = 0. 
Glitch Analysis: View typ_analysis -- Total Number of Nets Analyzed = 0. 
Total number of fetched objects 355
AAE_INFO-618: Total number of nets in the design is 357,  1.7 percent of the nets selected for SI analysis
AAE_INFO: 48 threads acquired from CTE.
Glitch Analysis: View slow_analysis -- Total Number of Nets Skipped = 0. 
Glitch Analysis: View slow_analysis -- Total Number of Nets Analyzed = 355. 
Total number of fetched objects 355
AAE_INFO-618: Total number of nets in the design is 357,  1.7 percent of the nets selected for SI analysis
End delay calculation. (MEM=8133.17 CPU=0:00:00.5 REAL=0:00:01.0)
End delay calculation (fullDC). (MEM=8133.17 CPU=0:00:00.6 REAL=0:00:01.0)
*** Done Building Timing Graph (cpu=0:00:10.2 real=0:00:04.0 totSessionCpu=0:23:23 mem=6332.2M)

------------------------------------------------------------
          timeDesign Summary                             
------------------------------------------------------------

Setup views included:
 fast_analysis typ_analysis slow_analysis 

+--------------------+---------+---------+---------+
|     Setup mode     |   all   | reg2reg | default |
+--------------------+---------+---------+---------+
|           WNS (ns):|  3.143  |  6.031  |  3.143  |
|           TNS (ns):|  0.000  |  0.000  |  0.000  |
|    Violating Paths:|    0    |    0    |    0    |
|          All Paths:|   105   |   72    |   37    |
+--------------------+---------+---------+---------+

+----------------+-------------------------------+------------------+
|                |              Real             |       Total      |
|    DRVs        +------------------+------------+------------------|
|                |  Nr nets(terms)  | Worst Vio  |  Nr nets(terms)  |
+----------------+------------------+------------+------------------+
|   max_cap      |      0 (0)       |   0.000    |      0 (0)       |
|   max_tran     |      0 (0)       |   0.000    |      0 (0)       |
|   max_fanout   |      0 (0)       |     0      |      0 (0)       |
|   max_length   |      0 (0)       |     0      |      0 (0)       |
+----------------+------------------+------------+------------------+

Density: 55.123%
Total number of glitch violations: 0
------------------------------------------------------------
Reported timing to dir ./timingReports
Total CPU time: 26.73 sec
Total Real time: 24.0 sec
Total Memory Usage: 6363.132812 Mbytes
Reset AAE Options
<CMD> timeDesign -postRoute -hold
 Reset EOS DB
Ignoring AAE DB Resetting ...
The design is extracted. Skipping TQuantus.

Optimization is working on the following views:
  Setup views:  slow_analysis typ_analysis fast_analysis
  Hold  views: fast_analysis slow_analysis 
Starting delay calculation for Hold views
Starting SI iteration 1 using Infinite Timing Windows
#################################################################################
# Design Stage: PostRoute
# Design Name: global_ctrl
# Design Mode: 40nm
# Analysis Mode: MMMC OCV 
# Parasitics Mode: SPEF/RCDB
# Signoff Settings: SI On 
#################################################################################
Calculate late delays in OCV mode...
Calculate early delays in OCV mode...
Calculate late delays in OCV mode...
Calculate early delays in OCV mode...
Start delay calculation (fullDC) (48 T). (MEM=6226.1)
Reading RCDB with compressed RC data.
AAE_INFO: 48 threads acquired from CTE.
AAE_INFO: 48 threads acquired from CTE.
AAE_INFO: 48 threads acquired from CTE.
Total number of fetched objects 355
AAE_INFO-618: Total number of nets in the design is 357,  100.0 percent of the nets selected for SI analysis
AAE_INFO: 48 threads acquired from CTE.
Total number of fetched objects 355
AAE_INFO-618: Total number of nets in the design is 357,  100.0 percent of the nets selected for SI analysis
End delay calculation. (MEM=7202.09 CPU=0:00:02.6 REAL=0:00:00.0)
End delay calculation (fullDC). (MEM=7202.09 CPU=0:00:03.4 REAL=0:00:01.0)
Loading CTE timing window with TwFlowType 0...(CPU = 0:00:00.0, REAL = 0:00:00.0, MEM = 7170.1M)
Add other clocks and setupCteToAAEClockMapping during iter 1
Loading CTE timing window is completed (CPU = 0:00:00.0, REAL = 0:00:00.0, MEM = 7202.1M)
Starting SI iteration 2
Calculate late delays in OCV mode...
Calculate early delays in OCV mode...
Calculate late delays in OCV mode...
Calculate early delays in OCV mode...
Start delay calculation (fullDC) (48 T). (MEM=6323.48)
AAE_INFO: 48 threads acquired from CTE.
Glitch Analysis: View fast_analysis -- Total Number of Nets Skipped = 0. 
Glitch Analysis: View fast_analysis -- Total Number of Nets Analyzed = 0. 
Total number of fetched objects 355
AAE_INFO-618: Total number of nets in the design is 357,  38.9 percent of the nets selected for SI analysis
AAE_INFO: 48 threads acquired from CTE.
Glitch Analysis: View slow_analysis -- Total Number of Nets Skipped = 0. 
Glitch Analysis: View slow_analysis -- Total Number of Nets Analyzed = 355. 
Total number of fetched objects 355
AAE_INFO-618: Total number of nets in the design is 357,  0.8 percent of the nets selected for SI analysis
End delay calculation. (MEM=8161.14 CPU=0:00:00.8 REAL=0:00:00.0)
End delay calculation (fullDC). (MEM=8161.14 CPU=0:00:00.8 REAL=0:00:01.0)
*** Done Building Timing Graph (cpu=0:00:06.5 real=0:00:03.0 totSessionCpu=0:23:33 mem=6332.1M)

------------------------------------------------------------
          timeDesign Summary                             
------------------------------------------------------------

Hold  views included:
 fast_analysis slow_analysis 

+--------------------+---------+---------+---------+
|     Hold mode      |   all   | reg2reg | default |
+--------------------+---------+---------+---------+
|           WNS (ns):|  0.079  |  0.079  |  0.257  |
|           TNS (ns):|  0.000  |  0.000  |  0.000  |
|    Violating Paths:|    0    |    0    |    0    |
|          All Paths:|   105   |   72    |   37    |
+--------------------+---------+---------+---------+

Density: 55.123%
------------------------------------------------------------
*** Enable all active views. ***
Reported timing to dir ./timingReports
Total CPU time: 9.07 sec
Total Real time: 3.0 sec
Total Memory Usage: 5971.308594 Mbytes
Reset AAE Options
<CMD> addFiller -cell {DCAP64BWP DCAPX64BWP DCAP32BWP DCAPX32BWP DCAP16BWP DCAPX16BWP DCAP8BWP DCAPX8BWP DCAP4BWP DCAPX4BWP DCAPBWP} -prefix filler_decap
**WARN: (IMPSP-5217):	addFiller command is running on a postRoute database. It is recommended to be followed by ecoRoute -target command to make the DRC clean.
Type 'man IMPSP-5217' for more detail.
*INFO: Adding fillers to top-module.
*INFO:   Added 8 filler insts (cell DCAP64BWP / prefix filler_decap).
*INFO:   Added 0 filler inst  (cell DCAPX64BWP / prefix filler_decap).
*INFO:   Added 5 filler insts (cell DCAP32BWP / prefix filler_decap).
*INFO:   Added 0 filler inst  (cell DCAPX32BWP / prefix filler_decap).
*INFO:   Added 24 filler insts (cell DCAP16BWP / prefix filler_decap).
*INFO:   Added 0 filler inst  (cell DCAPX16BWP / prefix filler_decap).
*INFO:   Added 60 filler insts (cell DCAP8BWP / prefix filler_decap).
*INFO:   Added 0 filler inst  (cell DCAPX8BWP / prefix filler_decap).
*INFO:   Added 94 filler insts (cell DCAP4BWP / prefix filler_decap).
*INFO:   Added 0 filler inst  (cell DCAPX4BWP / prefix filler_decap).
*INFO:   Added 251 filler insts (cell DCAPBWP / prefix filler_decap).
*INFO: Total 442 filler insts added - prefix filler_decap (CPU: 0:00:00.7).
For 442 new insts, *** Applied 2 GNC rules (cpu = 0:00:00.0)
*INFO: Filler mode add_fillers_with_drc is default true to avoid gaps, which may add fillers with violations. Please check the violations for FILLER_incr* fillers and fix them before routeDesign. Set it to false can avoid the violation but may leave gaps.
*INFO: Second pass addFiller without DRC checking.
*INFO: Adding fillers to top-module.
*INFO:   Added 0 filler inst of any cell-type.
<CMD> addFiller -cell FILL64BWP FILL32BWP FILL16BWP FILL8BWP FILL4BWP FILL3BWP FILL2BWP FILL1BWP -prefix filler_cell
**WARN: (IMPSP-5217):	addFiller command is running on a postRoute database. It is recommended to be followed by ecoRoute -target command to make the DRC clean.
Type 'man IMPSP-5217' for more detail.
*INFO: Adding fillers to top-module.
*INFO:   Added 0 filler inst  (cell FILL64BWP / prefix filler_cell).
*INFO:   Added 0 filler inst  (cell FILL32BWP / prefix filler_cell).
*INFO:   Added 0 filler inst  (cell FILL16BWP / prefix filler_cell).
*INFO:   Added 0 filler inst  (cell FILL8BWP / prefix filler_cell).
*INFO:   Added 0 filler inst  (cell FILL4BWP / prefix filler_cell).
*INFO:   Added 0 filler inst  (cell FILL3BWP / prefix filler_cell).
*INFO:   Added 61 filler insts (cell FILL2BWP / prefix filler_cell).
*INFO:   Added 16 filler insts (cell FILL1BWP / prefix filler_cell).
*INFO: Total 77 filler insts added - prefix filler_cell (CPU: 0:00:00.5).
For 77 new insts, *** Applied 2 GNC rules (cpu = 0:00:00.0)
<CMD> ecoRoute
#% Begin globalDetailRoute (date=04/28 17:04:12, mem=4342.8M)

globalDetailRoute

#setNanoRouteMode -drouteFixAntenna true
#setNanoRouteMode -drouteOnGridOnly "none"
#setNanoRouteMode -droutePostRouteSpreadWire "auto"
#setNanoRouteMode -droutePostRouteSwapVia "none"
#setNanoRouteMode -drouteUseMultiCutViaEffort "medium"
#setNanoRouteMode -routeAntennaCellName "ANTENNABWP"
#setNanoRouteMode -routeBottomRoutingLayer 2
#setNanoRouteMode -routeConcurrentMinimizeViaCountEffort "low"
#setNanoRouteMode -routeInsertAntennaDiode true
#setNanoRouteMode -routeReserveSpaceForMultiCut false
#setNanoRouteMode -routeStrictlyHonorNonDefaultRule "false"
#setNanoRouteMode -routeTopRoutingLayer 4
#setNanoRouteMode -routeWithEco true
#setNanoRouteMode -routeWithTimingDriven false
#setNanoRouteMode -routeWithViaInPin "true"
#setNanoRouteMode -routeWithViaOnlyForStandardCellPin "true"
#Start globalDetailRoute on Tue Apr 28 17:04:12 2026
#
#num needed restored net=0
#need_extraction net=0 (total=357)
#Processed 519 dirty instances, 0 dirty terms, 0 dirty fterms, 0 dirty pgterms, 0 misc dirty regions, 0 same cell-size swaps
#(519 insts marked dirty, reset pre-exisiting dirty flag on 519 insts, 2 nets marked need extraction)
#NanoRoute Version 19.12-s087_1 NR191024-1807/19_12-UB
#Skip comparing routing design signature in db-snapshot flow
#Using multithreading with 48 threads.
#Start routing data preparation on Tue Apr 28 17:04:12 2026
#
#Minimum voltage of a net in the design = 0.000.
#Maximum voltage of a net in the design = 1.210.
#Voltage range [0.000 - 1.210] has 355 nets.
#Voltage range [0.990 - 1.210] has 1 net.
#Voltage range [0.000 - 0.000] has 1 net.
# M1           V   Track-Pitch = 0.14000    Line-2-Via Pitch = 0.14000
# M2           H   Track-Pitch = 0.14000    Line-2-Via Pitch = 0.14000
# M3           V   Track-Pitch = 0.14000    Line-2-Via Pitch = 0.14000
# M4           H   Track-Pitch = 0.14000    Line-2-Via Pitch = 0.14000
# M5           V   Track-Pitch = 0.14000    Line-2-Via Pitch = 0.14000
# M6           H   Track-Pitch = 0.14000    Line-2-Via Pitch = 0.14000
# M7           V   Track-Pitch = 0.14000    Line-2-Via Pitch = 0.14000
# M8           H   Track-Pitch = 0.84000    Line-2-Via Pitch = 0.80000
# M9           V   Track-Pitch = 0.84000    Line-2-Via Pitch = 0.80000
# AP           H   Track-Pitch = 5.00000    Line-2-Via Pitch = 5.00000
#Regenerating Ggrids automatically.
#Auto generating G-grids with size=20 tracks, using layer M2's pitch = 0.14000.
#Using automatically generated G-grids.
#Done routing data preparation.
#cpu time = 00:00:00, elapsed time = 00:00:00, memory = 4376.20 (MB), peak = 4863.07 (MB)
#Merging special wires: starts on Tue Apr 28 17:04:13 2026 with memory = 4376.46 (MB), peak = 4863.07 (MB)
#
#Merging special wires: cpu:00:00:00, real:00:00:00, mem:4.3 GB, peak:4.7 GB --1.31 [48]--
#
#Finished routing data preparation on Tue Apr 28 17:04:13 2026
#
#Cpu time = 00:00:00
#Elapsed time = 00:00:00
#Increased memory = 12.30 (MB)
#Total memory = 4376.50 (MB)
#Peak memory = 4863.07 (MB)
#
#
#Start global routing on Tue Apr 28 17:04:13 2026
#
#
#Start global routing initialization on Tue Apr 28 17:04:13 2026
#
#WARNING (NRGR-22) Design is already detail routed.
#Routing data preparation, pin analysis, global routing and track assignment statistics:
#Cpu time = 00:00:00
#Elapsed time = 00:00:00
#Increased memory = 12.30 (MB)
#Total memory = 4376.50 (MB)
#Peak memory = 4863.07 (MB)
#Using multithreading with 48 threads.
#
#Start Detail Routing..
#start initial detail routing ...
# ECO: 100.0% of the total area was rechecked for DRC, and 0.0% required routing.
#   number of violations = 0
#519 out of 861 instances (60.3%) need to be verified(marked ipoed), dirty area = 24.4%.
#0.0% of the total area is being checked for drcs
#0.0% of the total area was checked
#   number of violations = 0
#cpu time = 00:00:01, elapsed time = 00:00:00, memory = 4521.52 (MB), peak = 4863.07 (MB)
#Complete Detail Routing.
#Total wire length = 8898 um.
#Total half perimeter of net bounding box = 8688 um.
#Total wire length on LAYER M1 = 0 um.
#Total wire length on LAYER M2 = 4893 um.
#Total wire length on LAYER M3 = 850 um.
#Total wire length on LAYER M4 = 3154 um.
#Total wire length on LAYER M5 = 0 um.
#Total wire length on LAYER M6 = 0 um.
#Total wire length on LAYER M7 = 0 um.
#Total wire length on LAYER M8 = 0 um.
#Total wire length on LAYER M9 = 0 um.
#Total wire length on LAYER AP = 0 um.
#Total number of vias = 2627
#Total number of multi-cut vias = 1164 ( 44.3%)
#Total number of single cut vias = 1463 ( 55.7%)
#Up-Via Summary (total 2627):
#                   single-cut          multi-cut      Total
#-----------------------------------------------------------
# M1               715 ( 68.5%)       329 ( 31.5%)       1044
# M2               538 ( 46.9%)       608 ( 53.1%)       1146
# M3               210 ( 48.1%)       227 ( 51.9%)        437
#-----------------------------------------------------------
#                 1463 ( 55.7%)      1164 ( 44.3%)       2627 
#
#Total number of DRC violations = 0
#Cpu time = 00:00:03
#Elapsed time = 00:00:02
#Increased memory = 6.57 (MB)
#Total memory = 4383.07 (MB)
#Peak memory = 4863.07 (MB)
#
#start routing for process antenna violation fix ...
#cpu time = 00:00:02, elapsed time = 00:00:02, memory = 4384.45 (MB), peak = 4863.07 (MB)
#
#Total wire length = 8898 um.
#Total half perimeter of net bounding box = 8688 um.
#Total wire length on LAYER M1 = 0 um.
#Total wire length on LAYER M2 = 4893 um.
#Total wire length on LAYER M3 = 850 um.
#Total wire length on LAYER M4 = 3154 um.
#Total wire length on LAYER M5 = 0 um.
#Total wire length on LAYER M6 = 0 um.
#Total wire length on LAYER M7 = 0 um.
#Total wire length on LAYER M8 = 0 um.
#Total wire length on LAYER M9 = 0 um.
#Total wire length on LAYER AP = 0 um.
#Total number of vias = 2627
#Total number of multi-cut vias = 1164 ( 44.3%)
#Total number of single cut vias = 1463 ( 55.7%)
#Up-Via Summary (total 2627):
#                   single-cut          multi-cut      Total
#-----------------------------------------------------------
# M1               715 ( 68.5%)       329 ( 31.5%)       1044
# M2               538 ( 46.9%)       608 ( 53.1%)       1146
# M3               210 ( 48.1%)       227 ( 51.9%)        437
#-----------------------------------------------------------
#                 1463 ( 55.7%)      1164 ( 44.3%)       2627 
#
#Total number of DRC violations = 0
#Total number of net violated process antenna rule = 0
#
#
#Total wire length = 8898 um.
#Total half perimeter of net bounding box = 8688 um.
#Total wire length on LAYER M1 = 0 um.
#Total wire length on LAYER M2 = 4893 um.
#Total wire length on LAYER M3 = 850 um.
#Total wire length on LAYER M4 = 3154 um.
#Total wire length on LAYER M5 = 0 um.
#Total wire length on LAYER M6 = 0 um.
#Total wire length on LAYER M7 = 0 um.
#Total wire length on LAYER M8 = 0 um.
#Total wire length on LAYER M9 = 0 um.
#Total wire length on LAYER AP = 0 um.
#Total number of vias = 2627
#Total number of multi-cut vias = 1164 ( 44.3%)
#Total number of single cut vias = 1463 ( 55.7%)
#Up-Via Summary (total 2627):
#                   single-cut          multi-cut      Total
#-----------------------------------------------------------
# M1               715 ( 68.5%)       329 ( 31.5%)       1044
# M2               538 ( 46.9%)       608 ( 53.1%)       1146
# M3               210 ( 48.1%)       227 ( 51.9%)        437
#-----------------------------------------------------------
#                 1463 ( 55.7%)      1164 ( 44.3%)       2627 
#
#Total number of DRC violations = 0
#Total number of net violated process antenna rule = 0
#
#detailRoute Statistics:
#Cpu time = 00:00:05
#Elapsed time = 00:00:04
#Increased memory = 32.90 (MB)
#Total memory = 4409.40 (MB)
#Peak memory = 4863.07 (MB)
#Skip updating routing design signature in db-snapshot flow
#
#globalDetailRoute statistics:
#Cpu time = 00:00:06
#Elapsed time = 00:00:05
#Increased memory = 31.90 (MB)
#Total memory = 4374.68 (MB)
#Peak memory = 4863.07 (MB)
#Number of warnings = 1
#Total number of warnings = 25
#Number of fails = 0
#Total number of fails = 0
#Complete globalDetailRoute on Tue Apr 28 17:04:17 2026
#
#% End globalDetailRoute (date=04/28 17:04:17, total cpu=0:00:06.0, real=0:00:05.0, peak res=4349.8M, current mem=4349.8M)
<CMD> verify_drc -limit 100000
#-limit 100000                           # int, default=100000, user setting
 *** Starting Verify DRC (MEM: 6003.9) ***

  VERIFY DRC ...... Starting Verification
  VERIFY DRC ...... Initializing
  VERIFY DRC ...... Deleting Existing Violations
  VERIFY DRC ...... Creating Sub-Areas
**WARN: (IMPVFG-1198):	The number of CPUs requested 48 is larger than that verify_drc used 5. In Multithreading mode, the number of CPUs verify_drc used is not larger than the number of subareas.
 Use 'setMultiCpuUsage -localCpu' to specify the less cup number if the verify area is not large.
  VERIFY DRC ...... Using new threading
 VERIFY DRC ...... Thread : 2 finished.
 VERIFY DRC ...... Thread : 1 finished.

  Verification Complete : 0 Viols.

 *** End Verify DRC (CPU: 0:00:00.2  ELAPSED TIME: 0.00  MEM: 32.0M) ***

<CMD> verifyGeometry -error 100000
 *** Starting Verify Geometry (MEM: 6388.1) ***

**WARN: (IMPVFG-257):	verifyGeometry command is replaced by verify_drc command. It still works in this release but will be removed in future release. Please update your script to use the new command.
  VERIFY GEOMETRY ...... Starting Verification
  VERIFY GEOMETRY ...... Initializing
  VERIFY GEOMETRY ...... Deleting Existing Violations
  VERIFY GEOMETRY ...... Creating Sub-Areas
                  ...... bin size: 2240
**WARN: (IMPVFG-198):	Area to be verified is small to see any runtime gain from multi-cpus. Use setMultiCpuUsage command to adjust the number of CPUs. 
VG: elapsed time: 1.00
Begin Summary ...
  Cells       : 0
  SameNet     : 0
  Wiring      : 0
  Antenna     : 0
  Short       : 0
  Overlap     : 0
End Summary

  Verification Complete : 0 Viols.  0 Wrngs.

**********End: VERIFY GEOMETRY**********
 *** verify geometry (CPU: 0:00:00.4  MEM: 126.6M)

<CMD> verifyConnectivity -error 100000
VERIFY_CONNECTIVITY use new engine.

******** Start: VERIFY CONNECTIVITY ********
Start Time: Tue Apr 28 17:04:18 2026

Design Name: global_ctrl
Database Units: 2000
Design Boundary: (0.0000, 0.0000) (300.0000, 8.0000)
Error Limit = 100000; Warning Limit = 50
Check all nets
Use 48 pthreads

Begin Summary 
  Found no problems or warnings.
End Summary

End Time: Tue Apr 28 17:04:18 2026
Time Elapsed: 0:00:00.0

******** End: VERIFY CONNECTIVITY ********
  Verification Complete : 0 Viols.  0 Wrngs.
  (CPU Time: 0:00:00.1  MEM: 0.000M)

<CMD> extractRC
#num needed restored net=0
#need_extraction net=0 (total=357)
#Start routing data preparation on Tue Apr 28 17:04:44 2026
#
#Minimum voltage of a net in the design = 0.000.
#Maximum voltage of a net in the design = 1.210.
#Voltage range [0.000 - 1.210] has 355 nets.
#Voltage range [0.990 - 1.210] has 1 net.
#Voltage range [0.000 - 0.000] has 1 net.
# M1           V   Track-Pitch = 0.14000    Line-2-Via Pitch = 0.14000
# M2           H   Track-Pitch = 0.14000    Line-2-Via Pitch = 0.14000
# M3           V   Track-Pitch = 0.14000    Line-2-Via Pitch = 0.14000
# M4           H   Track-Pitch = 0.14000    Line-2-Via Pitch = 0.14000
# M5           V   Track-Pitch = 0.14000    Line-2-Via Pitch = 0.14000
# M6           H   Track-Pitch = 0.14000    Line-2-Via Pitch = 0.14000
# M7           V   Track-Pitch = 0.14000    Line-2-Via Pitch = 0.14000
# M8           H   Track-Pitch = 0.84000    Line-2-Via Pitch = 0.80000
# M9           V   Track-Pitch = 0.84000    Line-2-Via Pitch = 0.80000
# AP           H   Track-Pitch = 5.00000    Line-2-Via Pitch = 5.00000
#Regenerating Ggrids automatically.
#Auto generating G-grids with size=20 tracks, using layer M2's pitch = 0.14000.
#Using automatically generated G-grids.
#Done routing data preparation.
#cpu time = 00:00:00, elapsed time = 00:00:00, memory = 4382.91 (MB), peak = 4863.07 (MB)
#Extract in post route mode
#
#Start tQuantus RC extraction...
#Start building rc corner(s)...
#Number of RC Corner = 3
#Corner slow_rc /home/jchen/tsmcN40_1p9m/2ndtry/pdk_install_finished/util/tn40clsp004v1_2_0b/T-N40-CL-SP-004-V1_v2.0b/RC_QRC_cln40lp_1p9m_6x2z_alrdl_5corners_2.0a1/RC_QRC_cln40lp_1p09m+alrdl_6x2z_rcworst/qrcTechFile 125.000000 (real) 
#Corner fast_rc /home/jchen/tsmcN40_1p9m/2ndtry/pdk_install_finished/util/tn40clsp004v1_2_0b/T-N40-CL-SP-004-V1_v2.0b/RC_QRC_cln40lp_1p9m_6x2z_alrdl_5corners_2.0a1/RC_QRC_cln40lp_1p09m+alrdl_6x2z_rcbest/qrcTechFile 0.000000 (real) 
#Corner typ_rc /home/jchen/tsmcN40_1p9m/2ndtry/pdk_install_finished/util/tn40clsp004v1_2_0b/T-N40-CL-SP-004-V1_v2.0b/RC_QRC_cln40lp_1p9m_6x2z_alrdl_5corners_2.0a1/RC_QRC_cln40lp_1p09m+alrdl_6x2z_typical/qrcTechFile 25.000000 (real) 
#metal1 -> M1 (1)
#metal2 -> M2 (2)
#metal3 -> M3 (3)
#metal4 -> M4 (4)
#metal5 -> M5 (5)
#metal6 -> M6 (6)
#metal7 -> M7 (7)
#metal8 -> M8 (8)
#metal9 -> M9 (9)
#metal10 -> AP (10)
#SADV_On
# Corner(s) : 
#slow_rc [125.00] 
#fast_rc [ 0.00] 
#typ_rc [25.00]
# Corner id: 0
# Layout Scale: 0.900000
# Has Metal Fill model: yes
# Temperature was set
# Temperature : 125.000000
# Ref. Temp   : 25.000000
# Corner id: 1
# Layout Scale: 0.900000
# Has Metal Fill model: yes
# Temperature was set
# Temperature : 0.000000
# Ref. Temp   : 25.000000
# Corner id: 2
# Layout Scale: 0.900000
# Has Metal Fill model: yes
# Temperature was set
# Temperature : 25.000000
# Ref. Temp   : 25.000000
#SADV_Off
#total pattern=220 [30, 1815]
#Reading previously stored rc_model file ( rc_model.bin ) ...
#found CAPMODEL /home/jchen/tsmcN40_1p9m/2ndtry/pdk_install_finished/util/tn40clsp004v1_2_0b/T-N40-CL-SP-004-V1_v2.0b/RC_QRC_cln40lp_1p9m_6x2z_alrdl_5corners_2.0a1/RC_QRC_cln40lp_1p09m+alrdl_6x2z_rcworst/qrcTechFile
#found CAPMODEL /home/jchen/tsmcN40_1p9m/2ndtry/pdk_install_finished/util/tn40clsp004v1_2_0b/T-N40-CL-SP-004-V1_v2.0b/RC_QRC_cln40lp_1p9m_6x2z_alrdl_5corners_2.0a1/RC_QRC_cln40lp_1p09m+alrdl_6x2z_rcbest/qrcTechFile
#found CAPMODEL /home/jchen/tsmcN40_1p9m/2ndtry/pdk_install_finished/util/tn40clsp004v1_2_0b/T-N40-CL-SP-004-V1_v2.0b/RC_QRC_cln40lp_1p9m_6x2z_alrdl_5corners_2.0a1/RC_QRC_cln40lp_1p09m+alrdl_6x2z_typical/qrcTechFile
#found RESMODEL /home/jchen/tsmcN40_1p9m/2ndtry/pdk_install_finished/util/tn40clsp004v1_2_0b/T-N40-CL-SP-004-V1_v2.0b/RC_QRC_cln40lp_1p9m_6x2z_alrdl_5corners_2.0a1/RC_QRC_cln40lp_1p09m+alrdl_6x2z_rcworst/qrcTechFile 125.000000 
#found RESMODEL /home/jchen/tsmcN40_1p9m/2ndtry/pdk_install_finished/util/tn40clsp004v1_2_0b/T-N40-CL-SP-004-V1_v2.0b/RC_QRC_cln40lp_1p9m_6x2z_alrdl_5corners_2.0a1/RC_QRC_cln40lp_1p09m+alrdl_6x2z_rcbest/qrcTechFile 0.000000 
#found RESMODEL /home/jchen/tsmcN40_1p9m/2ndtry/pdk_install_finished/util/tn40clsp004v1_2_0b/T-N40-CL-SP-004-V1_v2.0b/RC_QRC_cln40lp_1p9m_6x2z_alrdl_5corners_2.0a1/RC_QRC_cln40lp_1p09m+alrdl_6x2z_typical/qrcTechFile 25.000000 
#number model r/c [3,3] [30,1815] read
#0 rcmodel(s) requires rebuild
#Build RC corners: cpu time = 00:00:03, elapsed time = 00:00:05, memory = 4447.33 (MB), peak = 4863.07 (MB)
#Start building rc corner(s)...
#Number of RC Corner = 3
#Corner slow_rc /home/jchen/tsmcN40_1p9m/2ndtry/pdk_install_finished/util/tn40clsp004v1_2_0b/T-N40-CL-SP-004-V1_v2.0b/RC_QRC_cln40lp_1p9m_6x2z_alrdl_5corners_2.0a1/RC_QRC_cln40lp_1p09m+alrdl_6x2z_rcworst/qrcTechFile 125.000000 (real) 
#Corner fast_rc /home/jchen/tsmcN40_1p9m/2ndtry/pdk_install_finished/util/tn40clsp004v1_2_0b/T-N40-CL-SP-004-V1_v2.0b/RC_QRC_cln40lp_1p9m_6x2z_alrdl_5corners_2.0a1/RC_QRC_cln40lp_1p09m+alrdl_6x2z_rcbest/qrcTechFile 0.000000 (real) 
#Corner typ_rc /home/jchen/tsmcN40_1p9m/2ndtry/pdk_install_finished/util/tn40clsp004v1_2_0b/T-N40-CL-SP-004-V1_v2.0b/RC_QRC_cln40lp_1p9m_6x2z_alrdl_5corners_2.0a1/RC_QRC_cln40lp_1p09m+alrdl_6x2z_typical/qrcTechFile 25.000000 (real) 
#metal1 -> M1 (1)
#metal2 -> M2 (2)
#metal3 -> M3 (3)
#metal4 -> M4 (4)
#metal5 -> M5 (5)
#metal6 -> M6 (6)
#metal7 -> M7 (7)
#metal8 -> M8 (8)
#metal9 -> M9 (9)
#metal10 -> AP (10)
#SADV_On
# Corner(s) : 
#slow_rc [125.00] 
#fast_rc [ 0.00] 
#typ_rc [25.00]
# Corner id: 0
# Layout Scale: 0.900000
# Has Metal Fill model: yes
# Temperature was set
# Temperature : 125.000000
# Ref. Temp   : 25.000000
# Corner id: 1
# Layout Scale: 0.900000
# Has Metal Fill model: yes
# Temperature was set
# Temperature : 0.000000
# Ref. Temp   : 25.000000
# Corner id: 2
# Layout Scale: 0.900000
# Has Metal Fill model: yes
# Temperature was set
# Temperature : 25.000000
# Ref. Temp   : 25.000000
#SADV_Off
#total pattern=220 [30, 1815]
#Reading previously stored rc_model file ( rc_model.bin ) ...
#found CAPMODEL /home/jchen/tsmcN40_1p9m/2ndtry/pdk_install_finished/util/tn40clsp004v1_2_0b/T-N40-CL-SP-004-V1_v2.0b/RC_QRC_cln40lp_1p9m_6x2z_alrdl_5corners_2.0a1/RC_QRC_cln40lp_1p09m+alrdl_6x2z_rcworst/qrcTechFile
#found CAPMODEL /home/jchen/tsmcN40_1p9m/2ndtry/pdk_install_finished/util/tn40clsp004v1_2_0b/T-N40-CL-SP-004-V1_v2.0b/RC_QRC_cln40lp_1p9m_6x2z_alrdl_5corners_2.0a1/RC_QRC_cln40lp_1p09m+alrdl_6x2z_rcbest/qrcTechFile
#found CAPMODEL /home/jchen/tsmcN40_1p9m/2ndtry/pdk_install_finished/util/tn40clsp004v1_2_0b/T-N40-CL-SP-004-V1_v2.0b/RC_QRC_cln40lp_1p9m_6x2z_alrdl_5corners_2.0a1/RC_QRC_cln40lp_1p09m+alrdl_6x2z_typical/qrcTechFile
#found RESMODEL /home/jchen/tsmcN40_1p9m/2ndtry/pdk_install_finished/util/tn40clsp004v1_2_0b/T-N40-CL-SP-004-V1_v2.0b/RC_QRC_cln40lp_1p9m_6x2z_alrdl_5corners_2.0a1/RC_QRC_cln40lp_1p09m+alrdl_6x2z_rcworst/qrcTechFile 125.000000 
#found RESMODEL /home/jchen/tsmcN40_1p9m/2ndtry/pdk_install_finished/util/tn40clsp004v1_2_0b/T-N40-CL-SP-004-V1_v2.0b/RC_QRC_cln40lp_1p9m_6x2z_alrdl_5corners_2.0a1/RC_QRC_cln40lp_1p09m+alrdl_6x2z_rcbest/qrcTechFile 0.000000 
#found RESMODEL /home/jchen/tsmcN40_1p9m/2ndtry/pdk_install_finished/util/tn40clsp004v1_2_0b/T-N40-CL-SP-004-V1_v2.0b/RC_QRC_cln40lp_1p9m_6x2z_alrdl_5corners_2.0a1/RC_QRC_cln40lp_1p09m+alrdl_6x2z_typical/qrcTechFile 25.000000 
#number model r/c [3,3] [30,1815] read
#0 rcmodel(s) requires rebuild
#Build RC corners: cpu time = 00:00:04, elapsed time = 00:00:05, memory = 4463.29 (MB), peak = 4863.07 (MB)
#Using multithreading with 48 threads.
#Length limit = 200 pitches
#opt mode = 2
#Start routing data preparation on Tue Apr 28 17:05:00 2026
#
#Minimum voltage of a net in the design = 0.000.
#Maximum voltage of a net in the design = 1.210.
#Voltage range [0.000 - 1.210] has 355 nets.
#Voltage range [0.990 - 1.210] has 1 net.
#Voltage range [0.000 - 0.000] has 1 net.
#Regenerating Ggrids automatically.
#Auto generating G-grids with size=20 tracks, using layer M2's pitch = 0.14000.
#Using automatically generated G-grids.
#Done routing data preparation.
#cpu time = 00:00:00, elapsed time = 00:00:00, memory = 4416.57 (MB), peak = 4863.07 (MB)
#Start routing data preparation on Tue Apr 28 17:05:00 2026
#
#Minimum voltage of a net in the design = 0.000.
#Maximum voltage of a net in the design = 1.210.
#Voltage range [0.000 - 1.210] has 355 nets.
#Voltage range [0.990 - 1.210] has 1 net.
#Voltage range [0.000 - 0.000] has 1 net.
#Regenerating Ggrids automatically.
#Auto generating G-grids with size=20 tracks, using layer M2's pitch = 0.14000.
#Using automatically generated G-grids.
#Done routing data preparation.
#cpu time = 00:00:00, elapsed time = 00:00:00, memory = 4416.62 (MB), peak = 4863.07 (MB)
#Init Design Signature = -598241126
#Start generate extraction boxes.
#
#Extract using 30 x 30 Hboxes
#6x2 initial hboxes
#Use area based hbox pruning.
#0/0 hboxes pruned.
#Complete generating extraction boxes.
#Extract 5 hboxes with 48 threads on machine with  Xeon 2.60GHz 35840KB Cache 56CPU...
#Process 0 special clock nets for rc extraction
#0 temporary NDR added
#Total 355 nets were built. 77 nodes added to break long wires. 0 net(s) have incomplete routes.
#Run Statistics for Extraction:
#   Cpu time = 00:00:01, elapsed time = 00:00:00 .
#   Increased memory =    15.58 (MB), total memory =  4432.30 (MB), peak memory =  4863.07 (MB)
#Simplify RC tree: cpu time = 00:00:00, elapsed time = 00:00:00, memory = 4416.59 (MB), peak = 4863.07 (MB)
#RC Statistics: 2169 Res, 1419 Ground Cap, 1165 XCap (Edge to Edge)
#RC V/H edge ratio: 0.76, Avg V/H Edge Length: 8508.39 (1495), Avg L-Edge Length: 7163.58 (547)
#Start writing rcdb into /home/yingna/temp/innovus_temp_33331_pdk5_yingna_oEJMWS/nr33331_dnluXm.rcdb.d
#Finish writing rcdb with 2524 nodes, 2169 edges, and 2504 xcaps
#cpu time = 00:00:00, elapsed time = 00:00:00, memory = 4423.05 (MB), peak = 4863.07 (MB)
Restoring parasitic data from file '/home/yingna/temp/innovus_temp_33331_pdk5_yingna_oEJMWS/nr33331_dnluXm.rcdb.d' ...
Reading RCDB with compressed RC data.
Reading RCDB with compressed RC data.
Begin read_parasitics... (cpu: 0:00:00.0 real: 0:00:00.0 mem: 6476.172M)
Following multi-corner parasitics specified:
	/home/yingna/temp/innovus_temp_33331_pdk5_yingna_oEJMWS/nr33331_dnluXm.rcdb.d (rcdb)
Reading RCDB with compressed RC data.
		Cell global_ctrl has rcdb /home/yingna/temp/innovus_temp_33331_pdk5_yingna_oEJMWS/nr33331_dnluXm.rcdb.d specified
Cell global_ctrl, hinst 
Reading RCDB with compressed RC data.
Done read_parasitics... (cpu: 0:00:00.4 real: 0:00:01.0 mem: 6412.172M)
#
#Restore RCDB.
#
#Complete tQuantus RC extraction.
#Cpu time = 00:00:14
#Elapsed time = 00:00:17
#Increased memory = 33.79 (MB)
#Total memory = 4416.71 (MB)
#Peak memory = 4863.07 (MB)
#
#77 inserted nodes are removed
#Final Design Signature = -598241126
<CMD> rcOut -spef ./output/global_ctrl/global_ctrl_enc.spef
Reading RCDB with compressed RC data.
RC Out has the following PVT Info:
   RC-typical 
Dumping Spef file.....
Printing D_NET...
RC Out from RCDB Completed (CPU Time= 0:00:00.0  MEM= 6032.0M)
<CMD> saveDesign ./output/global_ctrl/global_ctrl_enc.enc
The in-memory database contained RC information but was not saved. To save 
the RC information, use saveDesign's -rc option. Note: Saving RC information can be quite large, 
so it should only be saved when it is really desired.
#% Begin save design ... (date=04/28 17:05:02, mem=4361.4M)
% Begin Save ccopt configuration ... (date=04/28 17:05:02, mem=4364.4M)
% End Save ccopt configuration ... (date=04/28 17:05:02, total cpu=0:00:00.2, real=0:00:00.0, peak res=4365.3M, current mem=4365.3M)
% Begin Save netlist data ... (date=04/28 17:05:02, mem=4365.3M)
Writing Binary DB to ./output/global_ctrl/global_ctrl_enc.enc.dat/vbin/global_ctrl.v.bin in multi-threaded mode...
% End Save netlist data ... (date=04/28 17:05:02, total cpu=0:00:00.2, real=0:00:00.0, peak res=4365.6M, current mem=4365.6M)
Saving symbol-table file in separate thread ...
Saving congestion map file in separate thread ...
Saving congestion map file ./output/global_ctrl/global_ctrl_enc.enc.dat/global_ctrl.route.congmap.gz ...
% Begin Save AAE data ... (date=04/28 17:05:02, mem=4366.3M)
Saving AAE Data ...
% End Save AAE data ... (date=04/28 17:05:03, total cpu=0:00:00.1, real=0:00:00.0, peak res=4366.3M, current mem=4366.3M)
% Begin Save clock tree data ... (date=04/28 17:05:03, mem=4423.4M)
% End Save clock tree data ... (date=04/28 17:05:03, total cpu=0:00:00.1, real=0:00:00.0, peak res=4423.4M, current mem=4423.4M)
Saving preference file ./output/global_ctrl/global_ctrl_enc.enc.dat/gui.pref.tcl ...
Saving mode setting ...
Saving global file ...
Saving Drc markers ...
... No Drc file written since there is no markers found.
Saving floorplan file in separate thread ...
Saving PG file in separate thread ...
Saving placement file in separate thread ...
Saving route file in separate thread ...
Saving property file in separate thread ...
Saving PG file ./output/global_ctrl/global_ctrl_enc.enc.dat/global_ctrl.pg.gz
** Saving stdCellPlacement_binary (version# 2) ...
Save Adaptive View Pruing View Names to Binary file
slow_analysis
Saving property file ./output/global_ctrl/global_ctrl_enc.enc.dat/global_ctrl.prop
TAT_INFO: ::saveSpecialRoute REAL = 0 : CPU = 0 : MEM = 0.
*** Completed saveProperty (cpu=0:00:00.0 real=0:00:00.0 mem=6058.0M) ***
*** Completed savePGFile (cpu=0:00:00.0 real=0:00:00.0 mem=6058.0M) ***
TAT_INFO: ::savePGFile REAL = 0 : CPU = 0 : MEM = 0.
TAT_INFO: ::savePlace REAL = 0 : CPU = 0 : MEM = 0.
*** Completed saveRoute (cpu=0:00:00.0 real=0:00:00.0 mem=6058.0M) ***
TAT_INFO: ::saveRoute REAL = 0 : CPU = 0 : MEM = 0.
TAT_INFO: ::db::saveAnnotationAndProp REAL = 0 : CPU = 0 : MEM = 0.
#Saving pin access data to file ./output/global_ctrl/global_ctrl_enc.enc.dat/global_ctrl.apa ...
#
Saving preRoute extracted patterns in file './output/global_ctrl/global_ctrl_enc.enc.dat/global_ctrl.techData.gz' ...
TAT_INFO: ::db::saveSymbolTable REAL = 1 : CPU = 0 : MEM = 0.
TAT_INFO: ::saveCongMap REAL = 1 : CPU = 0 : MEM = 0.
% Begin Save power constraints data ... (date=04/28 17:05:04, mem=4425.6M)
% End Save power constraints data ... (date=04/28 17:05:04, total cpu=0:00:00.1, real=0:00:00.0, peak res=4425.7M, current mem=4425.7M)
slow_rc fast_rc typ_rc
slow_rc fast_rc typ_rc
slow_rc fast_rc typ_rc
slow_rc fast_rc typ_rc
slow_rc fast_rc typ_rc
slow_rc fast_rc typ_rc
slow_rc fast_rc typ_rc
Generated self-contained design global_ctrl_enc.enc.dat
#% End save design ... (date=04/28 17:05:06, total cpu=0:00:03.1, real=0:00:04.0, peak res=4425.7M, current mem=4424.9M)
*** Message Summary: 0 warning(s), 0 error(s)

<CMD> saveNetlist ./output/global_ctrl/global_ctrl_enc.v
Writing Netlist "./output/global_ctrl/global_ctrl_enc.v" ...
<CMD> saveNetlist -phys -excludeLeafCell -excludeCellInst {FILL128_A9TR50 FILL64_A9TR50 FILL32_A9TR50 FILL16_A9TR50 FILL8_A9TR50 FILL4_A9TR50 FILL2_A9TR50 FILL1_A9TR50 FILLTIE8_A9TR50} output/global_ctrl/global_ctrl_enc_lvs.v
Writing Netlist "output/global_ctrl/global_ctrl_enc_lvs.v" ...
Pwr name (H_VDD).
Gnd name (VSS).
1 Pwr names and 1 Gnd names.
invalid command name "write_lib"
invalid command name "write_lib"
<CMD> write_sdf output/${top_design}/${top_design}_enc.sdf -min_view fast_analysis -typ_view typ_analysis -max_view slow_analysis -recompute_delay_calc -version 3.0 -remashold -edges library
Starting SI iteration 1 using Infinite Timing Windows
#################################################################################
# Design Stage: PostRoute
# Design Name: global_ctrl
# Design Mode: 40nm
# Analysis Mode: MMMC OCV 
# Parasitics Mode: SPEF/RCDB
# Signoff Settings: SI On 
#################################################################################
Start delay calculation (fullDC) (48 T). (MEM=6473.07)
Initializing multi-corner resistance tables ...
Reading RCDB with compressed RC data.
Total number of fetched objects 355
AAE_INFO-618: Total number of nets in the design is 357,  100.0 percent of the nets selected for SI analysis
Total number of fetched objects 355
AAE_INFO-618: Total number of nets in the design is 357,  100.0 percent of the nets selected for SI analysis
Total number of fetched objects 355
AAE_INFO-618: Total number of nets in the design is 357,  100.0 percent of the nets selected for SI analysis
End delay calculation. (MEM=7469.09 CPU=0:00:03.2 REAL=0:00:00.0)
End delay calculation (fullDC). (MEM=7469.09 CPU=0:00:03.8 REAL=0:00:01.0)
Loading CTE timing window with TwFlowType 0...(CPU = 0:00:00.0, REAL = 0:00:00.0, MEM = 7437.1M)
Add other clocks and setupCteToAAEClockMapping during iter 1
Loading CTE timing window is completed (CPU = 0:00:00.0, REAL = 0:00:00.0, MEM = 7469.1M)
Starting SI iteration 2
Start delay calculation (fullDC) (48 T). (MEM=6586.09)
Glitch Analysis: View fast_analysis -- Total Number of Nets Skipped = 0. 
Glitch Analysis: View fast_analysis -- Total Number of Nets Analyzed = 0. 
Total number of fetched objects 355
AAE_INFO-618: Total number of nets in the design is 357,  38.4 percent of the nets selected for SI analysis
Glitch Analysis: View typ_analysis -- Total Number of Nets Skipped = 0. 
Glitch Analysis: View typ_analysis -- Total Number of Nets Analyzed = 0. 
Total number of fetched objects 355
AAE_INFO-618: Total number of nets in the design is 357,  1.7 percent of the nets selected for SI analysis
Glitch Analysis: View slow_analysis -- Total Number of Nets Skipped = 0. 
Glitch Analysis: View slow_analysis -- Total Number of Nets Analyzed = 355. 
Total number of fetched objects 355
AAE_INFO-618: Total number of nets in the design is 357,  1.7 percent of the nets selected for SI analysis
End delay calculation. (MEM=8406.74 CPU=0:00:01.0 REAL=0:00:00.0)
End delay calculation (fullDC). (MEM=8406.74 CPU=0:00:01.1 REAL=0:00:00.0)
<CMD> write_lef_abstract -add_obs_layers {M1 M2 M3} -specifyTopLayer M4 output/global_ctrl.lef
**WARN: (IMPLF-1011):	The layer 'M1' specified in -add_obs_layers
is not a MASTERSLICE layer and will be ignored.
**WARN: (IMPLF-1011):	The layer 'M2' specified in -add_obs_layers
is not a MASTERSLICE layer and will be ignored.
**WARN: (IMPLF-1011):	The layer 'M3' specified in -add_obs_layers
is not a MASTERSLICE layer and will be ignored.
<CMD> streamOut output/global_ctrl/global_ctrl_enc.gds -mapFile ./gdsmap/gds2.map -libName global_ctrl -structureName global_ctrl -units 20000 -mode ALL
Parse map file...
Writing GDSII file ...
	****** db unit per micron = 2000 ******
	****** output gds2 file unit per micron = 20000 ******
	****** unit scaling factor = 10 ******
Output for instance
Output for bump
Output for physical terminals
Output for logical terminals
Output for regular nets
Output for special nets and metal fills
Output for via structure generation
Statistics for GDS generated (version 3)
----------------------------------------
Stream Out Layer Mapping Information:
GDS Layer Number          GDS Layer Name
----------------------------------------
    127                             COMP
    108                          DIEAREA
    17                                PO
    31                                M1
    32                                M2
    33                                M3
    34                                M4
    35                                M5
    36                                M6
    37                                M7
    38                                M8
    74                                AP
    30                                CO
    51                              VIA1
    52                              VIA2
    53                              VIA3
    54                              VIA4
    55                              VIA5
    56                              VIA6
    57                              VIA7
    85                                RV
    131                               M1
    132                               M2
    133                               M3
    134                               M4
    135                               M5
    136                               M6
    137                               M7
    138                               M8


Stream Out Information Processed for GDS version 3:
Units: 20000 DBU

Object                             Count
----------------------------------------
Instances                            861

Ports/Pins                            67
    metal layer M4                    67

Nets                                4665
    metal layer M2                  2753
    metal layer M3                   949
    metal layer M4                   963

    Via Instances                   2627

Special Nets                          26
    metal layer M1                    12
    metal layer M3                    10
    metal layer M4                     4

    Via Instances                     36

Metal Fills                            0

    Via Instances                      0

Metal FillOPCs                         0

    Via Instances                      0

Metal FillDRCs                         0

    Via Instances                      0

Text                                  67
    metal layer M4                    67


Blockages                              0


Custom Text                            0


Custom Box                             0

Trim Metal                             0

######Streamout is finished!
<CMD> summaryReport
Start to collect the design information.
Build netlist information for Cell global_ctrl.
Finished collecting the design information.
Generating standard cells used in the design report.
Analyze library ... 
Analyze netlist ... 
Analyze timing ... 
Analyze floorplan/placement ... 
Analysis Routing ...
Report saved in file summaryReport/global_ctrl.main.htm.ascii.
<CMD> saveNetlist -phys -excludeLeafCell -excludeCellInst {TAPCELLBWP FILL64BWP FILL32BWP FILL16BWP FILL8BWP FILL4BWP FILL3BWP FILL2BWP FILL1BWP} output/global_ctrl/global_ctrl_enc_lvs.v
Writing Netlist "output/global_ctrl/global_ctrl_enc_lvs.v" ...
Pwr name (H_VDD).
Gnd name (VSS).
1 Pwr names and 1 Gnd names.
<CMD> saveNetlist -phys -excludeLeafCell -excludeCellInst {TAPCELLBWP FILL64BWP FILL32BWP FILL16BWP FILL8BWP FILL4BWP FILL3BWP FILL2BWP FILL1BWP} output/global_ctrl/global_ctrl_enc_lvs.v
Writing Netlist "output/global_ctrl/global_ctrl_enc_lvs.v" ...
Pwr name (H_VDD).
Gnd name (VSS).
1 Pwr names and 1 Gnd names.

*** Memory Usage v#1 (Current mem = 6292.977M, initial mem = 273.805M) ***
*** Message Summary: 1102 warning(s), 2 error(s)

--- Ending "Innovus" (totcpu=0:52:54, real=2:34:52, mem=6293.0M) ---
